,id,nota_total,nota_c1,nota_c2,nota_c3,nota_c4,nota_c5,n_verbos_e_pronomes_1ps,n_verbos_e_pronomes_1ps_tok,n_pron_dem,n_pron_dem_tok,n_enclises,n_enclises_tok,n_sentencas_mq_70,n_erros_gramatica,n_erros_gramatica_tok,n_erros_ortografia,n_erros_ortografia_tok,n_erros_estilo_num_sent,n_marcadores_discursivos,n_marcadores_discursivos_num_sent,flesch_score,tam_avg_silabas,n_tokens,similaridade_proposta_bertimbau,similaridade_proposta_albertina,similaridade_proposta_bertugues,numero_palavras_diferentes,tam_avg_sentencas_caracteres,variancia_tam_sentencas,n_substantivos,n_adjetivos,n_adverbios,n_conjuncoes,similaridade_direitos_humanos_bertimbau,similaridade_direitos_humanos_albertina,similaridade_direitos_humanos_bertugues,similaridade_tit_1_constituicao_bertimbau,similaridade_tit_1_constituicao_albertina,similaridade_tit_1_constituicao_bertugues
0,1,400,80,80,80,80,80,0,0.0,6,0.0117302052785923,0,0.0,10,2,0.0058651026392961,9,0.0263929618768328,0.0666666666666666,47,3.1333333333333333,49.18114414414417,2.121621621621621,341,0.9017845392227172,0.9850927591323853,0.9376858472824096,196,123.8,4283.885714285714,65,32,26,19,0.8320837020874023,0.965128481388092,0.8849842548370361,0.8112066984176636,0.9469395875930786,0.8764663934707642
1,2,400,160,40,40,120,40,0,0.0,1,0.0052770448548812,2,0.0052770448548812,10,0,0.0,3,0.0079155672823219,0.0833333333333333,44,3.6666666666666665,44.9554777070064,2.0859872611464967,379,0.8965364694595337,0.9842051863670348,0.913011372089386,194,166.75,11527.477272727272,66,22,23,24,0.8940237760543823,0.9705391526222228,0.9115238189697266,0.8670276403427124,0.9519720673561096,0.901081919670105
2,3,560,120,120,160,160,0,0,0.0,4,0.0055865921787709,2,0.0055865921787709,11,4,0.0111731843575419,2,0.0055865921787709,0.0833333333333333,48,4.0,38.41863095238099,2.168253968253968,358,0.9126904010772704,0.9835066199302672,0.9519509077072144,196,168.25,7231.113636363636,85,22,18,30,0.8617454767227173,0.9730810523033142,0.8985095620155334,0.8508657217025757,0.9553432464599608,0.8891640901565552
3,4,600,160,120,120,120,80,0,0.0,2,0.0093457943925233,1,0.0046728971962616,7,1,0.0046728971962616,0,0.0,0.0,25,3.125,41.92937500000002,2.15625,214,0.919986367225647,0.9856598973274232,0.945862889289856,124,153.625,3207.9821428571427,49,24,9,12,0.8456397652626038,0.9610037803649902,0.8826234340667725,0.8397511839866638,0.9461959600448608,0.8766070008277893
4,5,400,120,40,40,160,40,0,0.0,4,0.0132450331125827,1,0.0033112582781456,6,4,0.0132450331125827,1,0.0033112582781456,0.0,34,5.666666666666667,19.85088845654998,2.186770428015564,302,0.9159849286079408,0.9824848175048828,0.9372025728225708,153,281.3333333333333,4054.6666666666665,70,17,16,21,0.8571059703826904,0.9599617719650269,0.8732634782791138,0.8612384796142578,0.9493142366409302,0.889617383480072
5,6,440,160,40,40,160,40,0,0.0,3,0.0191570881226053,1,0.003831417624521,9,1,0.003831417624521,1,0.003831417624521,0.0,32,3.555555555555556,39.060993117010845,2.1769911504424777,261,0.8618760108947754,0.9702027440071106,0.8896510601043701,144,162.33333333333334,3702.75,58,19,8,14,0.846621572971344,0.961104929447174,0.8678795099258423,0.8386818170547485,0.9482386708259584,0.8794144988059998
6,7,640,160,120,120,120,120,0,0.0,2,0.0,0,0.0,7,0,0.0,1,0.0046948356807511,0.0,29,4.142857142857143,20.135000000000037,2.377659574468085,213,0.8415728807449341,0.962592601776123,0.8669553995132446,127,181.8571428571429,6659.476190476191,47,20,5,13,0.8099550008773804,0.9502240419387816,0.8541168570518494,0.7974029183387756,0.9353095293045044,0.8668800592422485
7,8,560,120,120,120,120,80,0,0.0,4,0.0051679586563307,1,0.0025839793281653,11,0,0.0,0,0.0,0.1538461538461538,43,3.3076923076923075,37.07950928381966,2.17816091954023,387,0.8907082080841064,0.9785544276237488,0.8978629112243652,182,171.69230769230768,9448.064102564103,97,32,19,17,0.856763482093811,0.9568797945976256,0.8907498717308044,0.8430520296096802,0.9425272941589355,0.8880509734153748
8,9,400,80,80,80,80,80,0,0.0,1,0.0,0,0.0,6,0,0.0,1,0.004524886877828,0.1666666666666666,27,4.5,48.63649659863948,1.9744897959183676,221,0.9305169582366944,0.9859693646430968,0.9462594985961914,125,197.83333333333331,3894.9666666666662,44,11,13,17,0.8436769247055054,0.9527627825737,0.8644564747810364,0.8184654712677002,0.9335131049156188,0.8565477132797241
9,10,720,120,200,160,120,120,0,0.0,10,0.0116618075801749,0,0.0,10,1,0.0029154518950437,1,0.0029154518950437,0.1,46,4.6,23.50675581395351,2.302325581395349,343,0.8671358227729797,0.9688193202018738,0.8740928769111633,179,201.1,9761.655555555555,84,17,12,19,0.8640033006668091,0.9644503593444824,0.8727632761001587,0.8497952222824097,0.9441053867340088,0.8740947246551514
10,11,600,120,120,120,120,120,0,0.0,2,0.0092165898617511,0,0.0,7,1,0.0046082949308755,1,0.0046082949308755,0.2857142857142857,33,4.714285714285714,23.593846153846165,2.3282051282051284,217,0.8572238683700562,0.972712218761444,0.8836904168128967,136,188.8571428571429,7363.476190476191,59,16,20,7,0.8175671100616455,0.95512455701828,0.8524896502494812,0.8178870677947998,0.9442575573921204,0.8541639447212219
11,12,360,120,40,40,120,40,0,0.0,4,0.015625,0,0.0,7,0,0.0,7,0.0364583333333333,0.0,23,2.875,58.00181179775284,1.98876404494382,192,0.8532452583312988,0.9716041088104248,0.919792890548706,113,132.375,3242.553571428572,53,7,10,14,0.7924441695213318,0.944988250732422,0.8517388105392456,0.7629488706588745,0.9188646674156188,0.8441030979156494
12,13,760,160,160,120,160,160,0,0.0,3,0.0106382978723404,0,0.0,8,0,0.0,0,0.0,0.25,27,3.375,30.214081632653095,2.212244897959184,282,0.9094153046607972,0.9740129113197328,0.9130122065544128,150,202.875,1192.125,74,18,7,18,0.8513739109039307,0.951223373413086,0.8692718744277954,0.8464440703392029,0.9380853176116944,0.8789401650428772
13,14,560,120,160,120,120,40,0,0.0,8,0.0027932960893854,0,0.0,6,5,0.0139664804469273,0,0.0,0.1666666666666666,42,7.0,16.4015956887487,2.1135646687697163,358,0.9052760004997252,0.978864848613739,0.9429944157600404,187,334.5,26951.9,79,25,32,18,0.8359466195106506,0.9576395153999328,0.8717908263206482,0.8179230690002441,0.9320771098136902,0.861770749092102
14,15,0,0,0,0,0,0,0,0.0,1,0.0095693779904306,0,0.0,7,1,0.0047846889952153,1,0.0047846889952153,0.1428571428571428,32,4.571428571428571,63.1461290322581,1.870967741935484,209,0.8467550873756409,0.9734016060829164,0.915479063987732,117,153.28571428571428,3539.904761904762,38,11,10,13,0.776849091053009,0.9506605863571168,0.8257334232330322,0.758336067199707,0.9280959367752076,0.8286619186401367
15,16,520,40,80,120,160,120,0,0.0,2,0.0050251256281407,1,0.0025125628140703,8,2,0.0050251256281407,0,0.0,0.25,51,6.375,29.344256305638005,2.086053412462908,398,0.9070013761520386,0.974853217601776,0.9354522228240968,194,263.375,10848.267857142857,86,30,21,28,0.8511765003204346,0.9561564326286316,0.8688030242919922,0.8382806777954102,0.9378970861434937,0.8708823919296265
16,17,800,160,160,160,160,160,0,0.0,5,0.0,1,0.0021739130434782,15,0,0.0,6,0.0130434782608695,0.0,58,3.8666666666666663,43.93677120822625,2.102827763496144,460,0.9336605072021484,0.9863216280937196,0.9551053047180176,207,165.2,4619.314285714286,108,16,20,26,0.8779770731925964,0.96073317527771,0.8861315250396729,0.8626137971878052,0.9501552581787108,0.8930686712265015
17,18,280,80,80,40,40,40,5,0.0245098039215686,3,0.0147058823529411,0,0.0,6,1,0.0049019607843137,8,0.0392156862745098,0.0,25,3.571428571428572,54.17467032967035,1.989010989010989,204,0.8512991666793823,0.961033821105957,0.8777440786361694,106,154.0,3820.6666666666665,42,9,28,18,0.8079220652580261,0.950326144695282,0.8481763601303101,0.7756162285804749,0.923765242099762,0.8400952816009521
18,19,640,120,160,160,120,80,0,0.0,7,0.0067720090293453,0,0.0,13,4,0.0090293453724604,1,0.0022573363431151,0.1111111111111111,63,3.5,41.3514009661836,2.1739130434782608,443,0.8435065746307373,0.9723031520843506,0.8855134844779968,229,142.72222222222223,8108.683006535948,106,41,29,17,0.8197558522224426,0.957771897315979,0.868881106376648,0.8071918487548828,0.9371799826622008,0.8729778528213501
19,20,520,120,80,80,120,120,0,0.0,3,0.028735632183908,0,0.0,6,2,0.0114942528735632,0,0.0,0.0,22,3.6666666666666665,52.536979830148624,2.006369426751593,174,0.8726898431777954,0.9805352091789246,0.920795202255249,99,153.0,2171.2,31,12,12,16,0.8239378929138184,0.9671526551246644,0.8507577180862427,0.8001358509063721,0.9509648084640504,0.8543149828910828
20,21,560,120,160,120,120,40,0,0.0,2,0.0050251256281407,1,0.0025125628140703,8,2,0.0050251256281407,0,0.0,0.25,51,6.375,29.344256305638005,2.086053412462908,398,0.9070013761520386,0.974853217601776,0.9354522228240968,194,263.375,10848.267857142857,86,30,21,28,0.8511765003204346,0.9561564326286316,0.8688030242919922,0.8382806777954102,0.9378970861434937,0.8708823919296265
21,22,600,120,120,120,120,120,0,0.0,2,0.0038461538461538,4,0.0153846153846153,10,2,0.0076923076923076,0,0.0,0.1,33,3.3,31.3529349775785,2.295964125560538,260,0.8773724436759949,0.974389374256134,0.8949261903762817,158,154.0,3040.6666666666665,52,25,17,14,0.8511789441108704,0.9552377462387084,0.8724762201309204,0.8484227061271667,0.9459697604179382,0.8849438428878784
22,23,720,120,160,160,160,120,0,0.0,2,0.0080321285140562,1,0.0040160642570281,7,1,0.0040160642570281,0,0.0,0.125,32,4.0,25.100208333333377,2.310185185185185,249,0.8732485175132751,0.973132848739624,0.8859913349151611,143,187.5,6724.857142857143,56,31,13,7,0.8196765780448914,0.9503105878829956,0.8478574156761169,0.8024056553840637,0.9362398386001588,0.8468928337097168
23,24,0,0,0,0,0,0,0,0.0,2,0.0289017341040462,1,0.0057803468208092,5,0,0.0,4,0.0231213872832369,0.1666666666666666,26,4.333333333333333,57.45392156862748,1.954248366013072,173,0.8827786445617676,0.9810936450958252,0.9080867767333984,100,151.5,5534.3,28,9,9,16,0.8598358035087585,0.966463565826416,0.8673328161239624,0.8131343126296997,0.942264974117279,0.8517805933952332
24,25,880,160,200,200,160,160,0,0.0,7,0.0029673590504451,1,0.0029673590504451,12,2,0.0059347181008902,1,0.0029673590504451,0.1333333333333333,35,2.333333333333333,27.709241183162717,2.3754266211604094,337,0.8881836533546448,0.9764432907104492,0.8969942331314087,180,133.26666666666668,3862.209523809524,75,31,19,16,0.8744956254959106,0.9612610340118408,0.8960006833076477,0.8833591341972351,0.9564793705940248,0.9142783880233764
25,26,600,120,120,80,120,160,0,0.0,5,0.0054495912806539,0,0.0,11,1,0.0027247956403269,1,0.0027247956403269,0.0909090909090909,43,3.909090909090909,31.705774962742183,2.232786885245902,367,0.9379599094390868,0.982936143875122,0.9558730125427246,196,180.9090909090909,7383.890909090909,95,26,6,24,0.8999316692352295,0.974099338054657,0.9114689826965332,0.8885317444801331,0.9577942490577698,0.9174672961235046
26,27,400,160,40,40,120,40,0,0.0,4,0.0058823529411764,1,0.0058823529411764,6,0,0.0,0,0.0,0.0,26,2.6,66.2022167832168,1.986013986013986,170,0.9013347029685974,0.9776599407196044,0.9299939274787904,103,84.9,1227.4333333333334,37,9,6,14,0.8491325974464417,0.96428120136261,0.864651083946228,0.824911892414093,0.9406606554985046,0.8590769171714783
27,28,680,120,120,160,160,120,0,0.0,8,0.0027932960893854,0,0.0,6,5,0.0139664804469273,0,0.0,0.1666666666666666,42,7.0,16.4015956887487,2.1135646687697163,358,0.9052760004997252,0.978864848613739,0.9429944157600404,187,334.5,26951.9,79,25,32,18,0.8359466195106506,0.9576395153999328,0.8717908263206482,0.8179230690002441,0.9320771098136902,0.861770749092102
28,29,280,80,40,40,120,0,0,0.0,1,0.0095693779904306,0,0.0,7,1,0.0047846889952153,1,0.0047846889952153,0.1428571428571428,32,4.571428571428571,63.1461290322581,1.870967741935484,209,0.8467550873756409,0.9734016060829164,0.915479063987732,117,153.28571428571428,3539.904761904762,38,11,10,13,0.776849091053009,0.9506605863571168,0.8257334232330322,0.758336067199707,0.9280959367752076,0.8286619186401367
29,30,560,120,120,80,80,160,2,0.0068027210884353,12,0.0136054421768707,2,0.0068027210884353,10,1,0.0034013605442176,2,0.0068027210884353,0.1,36,3.6,45.90278313253015,2.0963855421686746,294,0.9335782527923584,0.9878945350646972,0.9456515908241272,167,160.0,4717.333333333333,69,27,16,20,0.8734121322631836,0.9628244638442992,0.8882842063903809,0.8541625142097473,0.9477466344833374,0.886947751045227
30,31,0,0,0,0,0,0,0,0.0,1,0.0,0,0.0,4,0,0.0,0,0.0,0.25,14,3.5,39.49927631578949,2.1894736842105265,105,0.8633533716201782,0.9655361771583556,0.9150746464729308,62,145.25,2095.583333333333,28,10,11,6,0.8075187802314758,0.9404283761978148,0.840715229511261,0.7962420582771301,0.919314980506897,0.8415526747703552
31,32,960,200,160,200,200,200,0,0.0,8,0.0087719298245614,2,0.0043859649122807,14,1,0.0021929824561403,2,0.0043859649122807,0.0714285714285714,61,4.357142857142857,38.95363636363639,2.136363636363636,456,0.9311439990997314,0.9845215678215028,0.948820948600769,232,179.85714285714286,4354.747252747253,103,41,16,31,0.8751304149627686,0.9639160633087158,0.896476686000824,0.8718249797821045,0.95497727394104,0.8983405232429504
32,33,600,120,120,120,160,80,0,0.0,1,0.0039840637450199,0,0.0,6,1,0.0039840637450199,4,0.0159362549800796,0.3333333333333333,30,5.0,36.8320778748181,2.0480349344978164,251,0.8986525535583496,0.9754812717437744,0.9252443313598632,114,233.16666666666663,9338.966666666667,49,24,23,23,0.8097561001777649,0.9461974501609802,0.8519946932792664,0.7861801385879517,0.9212396144866944,0.8400961756706238
33,34,760,160,160,120,160,160,0,0.0,8,0.0087719298245614,2,0.0043859649122807,14,1,0.0021929824561403,2,0.0043859649122807,0.0714285714285714,61,4.357142857142857,38.95363636363639,2.136363636363636,456,0.9311439990997314,0.9845215678215028,0.948820948600769,232,179.85714285714286,4354.747252747253,103,41,16,31,0.8751304149627686,0.9639160633087158,0.896476686000824,0.8718249797821045,0.95497727394104,0.8983405232429504
34,35,560,120,120,120,120,80,0,0.0,5,0.0113207547169811,0,0.0,4,5,0.0188679245283018,0,0.0,0.0,35,8.75,24.361006097560995,1.9065040650406504,265,0.8849712014198303,0.9649969935417176,0.9062402248382568,128,364.75,44963.583333333336,42,12,31,22,0.8363284468650818,0.9561447501182556,0.8496747016906738,0.7906890511512756,0.9211733937263488,0.8381587266921997
35,36,320,120,40,40,120,0,0,0.0,4,0.01875,1,0.003125,6,1,0.003125,0,0.0,0.0,34,5.666666666666667,23.942959770114957,2.0724137931034483,320,0.9045958518981934,0.9854130744934082,0.9411334991455078,157,305.0,7022.0,83,25,10,24,0.8512942790985107,0.9576889276504515,0.8740199208259583,0.8204551935195923,0.9412017464637756,0.8729976415634155
36,37,760,160,120,160,160,160,0,0.0,3,0.0106382978723404,0,0.0,8,0,0.0,0,0.0,0.25,27,3.375,30.214081632653095,2.212244897959184,282,0.9094153046607972,0.9740129113197328,0.9130122065544128,150,202.875,1192.125,74,18,7,18,0.8513739109039307,0.951223373413086,0.8692718744277954,0.8464440703392029,0.9380853176116944,0.8789401650428772
37,38,320,120,40,80,80,0,2,0.0131578947368421,1,0.0,1,0.006578947368421,5,3,0.0197368421052631,0,0.0,0.0909090909090909,30,2.727272727272727,50.003745727956286,2.2030075187969924,152,0.8369914889335632,0.9606599807739258,0.8934386372566223,82,80.27272727272727,4069.6181818181817,30,12,9,20,0.8248974084854126,0.9543368816375732,0.8597450256347656,0.8112414479255676,0.93253493309021,0.8637405633926392
38,39,480,120,120,80,80,80,0,0.0,4,0.0055865921787709,2,0.0055865921787709,11,4,0.0111731843575419,2,0.0055865921787709,0.0833333333333333,48,4.0,38.41863095238099,2.168253968253968,358,0.9126904010772704,0.9835066199302672,0.9519509077072144,196,168.25,7231.113636363636,85,22,18,30,0.8617454767227173,0.9730810523033142,0.8985095620155334,0.8508657217025757,0.9553432464599608,0.8891640901565552
39,40,360,120,40,40,120,40,0,0.0,0,0.0,0,0.0,6,1,0.0038167938931297,0,0.0,0.1666666666666666,29,4.833333333333333,22.694194915254265,2.199152542372881,262,0.8902870416641235,0.9817270040512084,0.9348912835121156,142,249.66666666666663,3011.4666666666667,74,14,14,16,0.8443761467933655,0.9610012769699096,0.881637692451477,0.8246320486068726,0.9434158802032472,0.8736587762832642
40,41,680,120,160,160,120,120,0,0.0,10,0.0116618075801749,0,0.0,10,1,0.0029154518950437,1,0.0029154518950437,0.1,46,4.6,23.50675581395351,2.302325581395349,343,0.8671358227729797,0.9688193202018738,0.8740928769111633,179,201.1,9761.655555555555,84,17,12,19,0.8640033006668091,0.9644503593444824,0.8727632761001587,0.8497952222824097,0.9441053867340088,0.8740947246551514
41,42,360,80,80,80,80,40,0,0.0,4,0.027027027027027,3,0.0162162162162162,6,3,0.0162162162162162,5,0.027027027027027,0.1666666666666666,27,4.5,66.24252495009983,1.81437125748503,185,0.820315957069397,0.9572653770446776,0.9185711741447448,97,158.83333333333334,4255.766666666666,36,6,17,12,0.7432637810707092,0.937330424785614,0.8264462947845459,0.7079752087593079,0.9037136435508728,0.8119292855262756
42,43,720,160,120,120,160,160,0,0.0,4,0.0075,4,0.01,10,0,0.0,1,0.0025,0.1,45,4.5,25.27487209302327,2.2238372093023258,400,0.9263170957565308,0.9879875183105468,0.9464144110679626,199,230.5,8117.611111111111,100,39,26,15,0.8637886047363281,0.9586548805236816,0.8812294602394104,0.8584810495376587,0.9488911032676696,0.8846606612205505
43,44,320,120,40,40,120,0,2,0.0131578947368421,1,0.0,1,0.006578947368421,5,3,0.0197368421052631,0,0.0,0.0909090909090909,30,2.727272727272727,50.003745727956286,2.2030075187969924,152,0.8369914889335632,0.9606599807739258,0.8934386372566223,82,80.27272727272727,4069.6181818181817,30,12,9,20,0.8248974084854126,0.9543368816375732,0.8597450256347656,0.8112414479255676,0.93253493309021,0.8637405633926392
44,45,440,160,40,40,160,40,0,0.0,2,0.0093457943925233,1,0.0046728971962616,7,1,0.0046728971962616,0,0.0,0.0,25,3.125,41.92937500000002,2.15625,214,0.919986367225647,0.9856598973274232,0.945862889289856,124,153.625,3207.9821428571427,49,24,9,12,0.8456397652626038,0.9610037803649902,0.8826234340667725,0.8397511839866638,0.9461959600448608,0.8766070008277893
45,46,880,160,200,160,200,160,0,0.0,8,0.0087719298245614,2,0.0043859649122807,14,1,0.0021929824561403,2,0.0043859649122807,0.0714285714285714,61,4.357142857142857,38.95363636363639,2.136363636363636,456,0.9311439990997314,0.9845215678215028,0.948820948600769,232,179.85714285714286,4354.747252747253,103,41,16,31,0.8751304149627686,0.9639160633087158,0.896476686000824,0.8718249797821045,0.95497727394104,0.8983405232429504
46,47,800,160,160,160,160,160,0,0.0,3,0.0191570881226053,1,0.003831417624521,9,1,0.003831417624521,1,0.003831417624521,0.0,32,3.555555555555556,39.060993117010845,2.1769911504424777,261,0.8618760108947754,0.9702027440071106,0.8896510601043701,144,162.33333333333334,3702.75,58,19,8,14,0.846621572971344,0.961104929447174,0.8678795099258423,0.8386818170547485,0.9482386708259584,0.8794144988059998
47,48,840,160,200,160,160,160,0,0.0,5,0.0127388535031847,0,0.0,10,0,0.0,0,0.0,0.0,37,3.7,24.49341549295776,2.309859154929577,314,0.894460916519165,0.9755958914756776,0.9027081727981568,184,190.2,5373.066666666667,77,31,13,19,0.8651362061500549,0.9524900317192078,0.8671249151229858,0.8481617569923401,0.939140558242798,0.8746626377105713
48,49,320,80,80,40,40,80,0,0.0,1,0.0039840637450199,0,0.0,6,1,0.0039840637450199,4,0.0159362549800796,0.3333333333333333,30,5.0,36.8320778748181,2.0480349344978164,251,0.8986525535583496,0.9754812717437744,0.9252443313598632,114,233.16666666666663,9338.966666666667,49,24,23,23,0.8097561001777649,0.9461974501609802,0.8519946932792664,0.7861801385879517,0.9212396144866944,0.8400961756706238
49,50,880,160,160,200,160,200,0,0.0,5,0.0051948051948051,0,0.0,13,0,0.0,1,0.0025974025974025,0.0,45,3.4615384615384617,25.505035394053827,2.334355828220859,385,0.875637412071228,0.9746487736701964,0.8958550095558167,208,172.6153846153846,4403.089743589743,85,28,14,24,0.8473679423332214,0.947933554649353,0.8751588463783264,0.8549870252609253,0.9423823952674866,0.8930978775024414
50,51,200,40,40,40,40,40,0,0.0,4,0.0058823529411764,1,0.0058823529411764,6,0,0.0,0,0.0,0.0,26,2.6,66.2022167832168,1.986013986013986,170,0.9013347029685974,0.9776599407196044,0.9299939274787904,103,84.9,1227.4333333333334,37,9,6,14,0.8491325974464417,0.96428120136261,0.864651083946228,0.824911892414093,0.9406606554985046,0.8590769171714783
51,52,680,160,200,120,120,80,0,0.0,4,0.0051679586563307,1,0.0025839793281653,11,0,0.0,0,0.0,0.1538461538461538,43,3.3076923076923075,37.07950928381966,2.17816091954023,387,0.8907082080841064,0.9785544276237488,0.8978629112243652,182,171.69230769230768,9448.064102564103,97,32,19,17,0.856763482093811,0.9568797945976256,0.8907498717308044,0.8430520296096802,0.9425272941589355,0.8880509734153748
52,53,680,120,160,160,160,80,0,0.0,0,0.0103448275862068,1,0.0034482758620689,9,2,0.0068965517241379,4,0.0137931034482758,0.1,31,3.1,37.84121428571429,2.1904761904761907,290,0.927619993686676,0.9863022565841676,0.9580114483833312,167,162.7,3089.3444444444444,60,22,8,17,0.8671139478683472,0.9660069346427916,0.8834530115127563,0.8648527264595032,0.9563511610031128,0.8944495916366577
53,54,480,120,120,80,120,40,1,0.004524886877828,4,0.004524886877828,0,0.0,5,1,0.004524886877828,5,0.0226244343891402,0.6,26,5.2,30.631985074626904,2.0945273631840795,221,0.852053701877594,0.9613352417945862,0.8748616576194763,126,245.0,243.5,48,11,17,19,0.8018251657485962,0.9465415477752686,0.8428170084953308,0.7814207673072815,0.92105370759964,0.8436681628227234
54,55,560,120,120,80,120,120,5,0.0245098039215686,3,0.0147058823529411,0,0.0,6,1,0.0049019607843137,8,0.0392156862745098,0.0,25,3.571428571428572,54.17467032967035,1.989010989010989,204,0.8512991666793823,0.961033821105957,0.8777440786361694,106,154.0,3820.6666666666665,42,9,28,18,0.8079220652580261,0.950326144695282,0.8481763601303101,0.7756162285804749,0.923765242099762,0.8400952816009521
55,56,640,160,120,160,120,80,0,0.0,4,0.0118694362017804,1,0.0029673590504451,8,5,0.0148367952522255,0,0.0,0.1538461538461538,49,3.769230769230769,45.99178884873517,2.120805369127517,337,0.9174607396125792,0.9852656722068788,0.941720485687256,181,145.46153846153845,17946.602564102563,70,26,26,22,0.8623092770576477,0.9682607054710388,0.8820897340774536,0.8342370986938477,0.9477571845054626,0.8812524080276489
56,57,400,80,80,80,80,80,0,0.0,2,0.0021739130434782,2,0.0043478260869565,14,2,0.0043478260869565,0,0.0,0.0,49,3.5,39.12704545454547,2.145454545454545,460,0.9547688961029052,0.9901318550109864,0.9644715189933776,206,176.85714285714286,8235.362637362638,99,36,25,31,0.8686529994010925,0.9597601890563964,0.8850532174110413,0.8606323003768921,0.9467757344245912,0.8849987983703613
57,58,680,160,120,120,160,120,0,0.0,2,0.0,0,0.0,8,0,0.0,0,0.0,0.0,26,2.888888888888889,33.638873873873905,2.247747747747748,253,0.8903780579566956,0.972809672355652,0.9017930030822754,126,161.55555555555554,8374.277777777777,74,16,13,15,0.8475671410560608,0.9563446640968324,0.8762868046760559,0.841238260269165,0.9453631639480592,0.8858757615089417
58,59,640,120,120,120,120,160,0,0.0,2,0.0,0,0.0,8,0,0.0,0,0.0,0.0,26,2.888888888888889,33.638873873873905,2.247747747747748,253,0.8903780579566956,0.972809672355652,0.9017930030822754,126,161.55555555555554,8374.277777777777,74,16,13,15,0.8475671410560608,0.9563446640968324,0.8762868046760559,0.841238260269165,0.9453631639480592,0.8858757615089417
59,60,720,120,160,160,120,160,0,0.0,3,0.0,0,0.0,6,0,0.0,0,0.0,0.0,27,4.5,26.300451807228946,2.132530120481928,276,0.9521595239639282,0.9877128005027772,0.9509205222129822,152,257.5,8627.9,65,25,6,18,0.8963925242424011,0.967540442943573,0.8969154953956604,0.89197838306427,0.9548579454421996,0.9126384854316713
60,61,680,160,120,120,120,160,0,0.0,2,0.0080321285140562,1,0.0040160642570281,7,1,0.0040160642570281,0,0.0,0.125,32,4.0,25.100208333333377,2.310185185185185,249,0.8732485175132751,0.973132848739624,0.8859913349151611,143,187.5,6724.857142857143,56,31,13,7,0.8196765780448914,0.9503105878829956,0.8478574156761169,0.8024056553840637,0.9362398386001588,0.8468928337097168
61,62,760,160,200,120,120,160,0,0.0,2,0.0038461538461538,4,0.0153846153846153,10,2,0.0076923076923076,0,0.0,0.1,33,3.3,31.3529349775785,2.295964125560538,260,0.8773724436759949,0.974389374256134,0.8949261903762817,158,154.0,3040.6666666666665,52,25,17,14,0.8511789441108704,0.9552377462387084,0.8724762201309204,0.8484227061271667,0.9459697604179382,0.8849438428878784
62,63,400,80,80,80,80,80,0,0.0,2,0.0099667774086378,4,0.0132890365448504,7,5,0.0166112956810631,3,0.0099667774086378,0.1428571428571428,40,5.714285714285714,19.204022556391017,2.2481203007518795,301,0.8285958766937256,0.968893826007843,0.8812792301177979,164,260.85714285714283,10435.47619047619,70,23,16,23,0.8034854531288147,0.95590740442276,0.8491283059120178,0.7967737317085266,0.9389531016349792,0.8601493835449219
63,64,640,160,120,120,120,120,0,0.0,3,0.0,0,0.0,7,0,0.0,1,0.0053763440860215,0.1428571428571428,19,2.7142857142857144,40.275843373494006,2.180722891566265,186,0.8981887698173523,0.9811325669288636,0.9006662368774414,115,150.28571428571428,2337.904761904762,48,15,10,12,0.8381496071815491,0.956861972808838,0.8655311465263367,0.8282870054244995,0.9417823553085328,0.8701558113098145
64,65,720,160,80,160,160,160,0,0.0,9,0.0103092783505154,3,0.0061855670103092,12,1,0.002061855670103,2,0.0041237113402061,0.1428571428571428,53,3.7857142857142856,22.72377697841729,2.309352517985612,485,0.9066612720489502,0.9757651090621948,0.9273257851600648,243,200.92857142857144,15118.37912087912,109,36,18,28,0.8828853964805603,0.9674410223960876,0.8990381360054016,0.881056547164917,0.956438422203064,0.9048711657524108
65,66,600,120,120,120,120,120,0,0.0,6,0.025830258302583,1,0.003690036900369,5,0,0.0,1,0.003690036900369,0.2,28,5.6,32.61522406639007,1.975103734439834,271,0.8697545528411865,0.9730272889137268,0.9238397479057312,135,285.2,18786.2,52,10,15,25,0.8095502853393555,0.9580804705619812,0.8446456789970398,0.7843084335327148,0.9285812377929688,0.8477572798728943
66,67,0,0,0,0,0,0,0,0.0,5,0.0097087378640776,0,0.0,5,2,0.0064724919093851,0,0.0,0.2,27,5.4,2.8262068965517457,2.272030651340996,309,0.8719714283943176,0.972850739955902,0.9196433424949646,166,342.6,21194.3,61,30,13,22,0.8463876247406006,0.9587163329124452,0.8882544040679932,0.8529314994812012,0.9485056400299072,0.8962393403053284
67,68,520,120,120,120,120,40,0,0.0,6,0.0117302052785923,0,0.0,10,2,0.0058651026392961,9,0.0263929618768328,0.0666666666666666,47,3.1333333333333333,49.18114414414417,2.121621621621621,341,0.9017845392227172,0.9850927591323853,0.9376858472824096,196,123.8,4283.885714285714,65,32,26,19,0.8320837020874023,0.965128481388092,0.8849842548370361,0.8112066984176636,0.9469395875930786,0.8764663934707642
68,69,880,160,200,160,200,160,0,0.0,6,0.0037878787878787,0,0.0,11,0,0.0,0,0.0,0.0,40,3.636363636363636,47.879772727272766,2.1125,264,0.9101349711418152,0.9860806465148926,0.9469885230064392,126,134.0909090909091,1995.8909090909087,58,13,15,13,0.8449735641479492,0.9681106805801392,0.8703932166099548,0.8409181237220764,0.9542459845542908,0.8847104907035828
69,70,600,160,160,160,120,0,0,0.0,1,0.0066889632107023,0,0.0,6,0,0.0,0,0.0,0.0,24,4.0,17.505074906367085,2.198501872659176,299,0.9365248084068298,0.9855391979217528,0.9558727145195008,146,281.8333333333333,13742.966666666667,79,19,7,15,0.8905215859413147,0.9705239534378052,0.9012537002563475,0.8992007970809937,0.966434121131897,0.9158704280853271
70,71,600,120,120,120,160,80,1,0.004524886877828,4,0.004524886877828,0,0.0,5,1,0.004524886877828,5,0.0226244343891402,0.6,26,5.2,30.631985074626904,2.0945273631840795,221,0.852053701877594,0.9613352417945862,0.8748616576194763,126,245.0,243.5,48,11,17,19,0.8018251657485962,0.9465415477752686,0.8428170084953308,0.7814207673072815,0.92105370759964,0.8436681628227234
71,72,0,0,0,0,0,0,0,0.0,11,0.0210970464135021,0,0.0,5,4,0.0168776371308016,10,0.0421940928270042,0.0,30,5.0,58.603210014947706,1.8026905829596411,237,0.8215039968490601,0.9496964812278748,0.8775531053543091,110,204.83333333333331,12855.366666666669,25,11,14,29,0.7766498327255249,0.9436936378479004,0.8285441994667053,0.7687821984291077,0.9116570353507996,0.8282907605171204
72,73,560,160,120,80,120,80,0,0.0,0,0.0103448275862068,1,0.0034482758620689,9,2,0.0068965517241379,4,0.0137931034482758,0.1,31,3.1,37.84121428571429,2.1904761904761907,290,0.927619993686676,0.9863022565841676,0.9580114483833312,167,162.7,3089.3444444444444,60,22,8,17,0.8671139478683472,0.9660069346427916,0.8834530115127563,0.8648527264595032,0.9563511610031128,0.8944495916366577
73,74,600,80,120,120,120,160,0,0.0,2,0.0099667774086378,4,0.0132890365448504,7,5,0.0166112956810631,3,0.0099667774086378,0.1428571428571428,40,5.714285714285714,19.204022556391017,2.2481203007518795,301,0.8285958766937256,0.968893826007843,0.8812792301177979,164,260.85714285714283,10435.47619047619,70,23,16,23,0.8034854531288147,0.95590740442276,0.8491283059120178,0.7967737317085266,0.9389531016349792,0.8601493835449219
74,75,760,160,200,120,160,120,0,0.0,5,0.0054495912806539,0,0.0,11,1,0.0027247956403269,1,0.0027247956403269,0.0909090909090909,43,3.909090909090909,31.705774962742183,2.232786885245902,367,0.9379599094390868,0.982936143875122,0.9558730125427246,196,180.9090909090909,7383.890909090909,95,26,6,24,0.8999316692352295,0.974099338054657,0.9114689826965332,0.8885317444801331,0.9577942490577698,0.9174672961235046
75,76,0,0,0,0,0,0,0,0.0,7,0.017391304347826,2,0.008695652173913,8,3,0.0130434782608695,2,0.008695652173913,0.0,26,3.25,42.58976973684213,2.175438596491228,230,0.8018911480903625,0.962611198425293,0.8942662477493286,129,143.0,1278.857142857143,47,10,10,10,0.7361940145492554,0.9588305950164796,0.8264799118041992,0.712497353553772,0.9350914359092712,0.8155277967453003
76,77,480,80,120,120,80,80,0,0.0,13,0.0196560196560196,1,0.0024570024570024,9,1,0.0024570024570024,0,0.0,0.1111111111111111,43,4.777777777777778,23.16777777777781,2.1648936170212765,407,0.856783926486969,0.9738988876342772,0.8793333768844604,207,263.6666666666667,14463.25,85,29,23,31,0.8377543687820435,0.958759069442749,0.8729491829872131,0.8110933899879456,0.9394800662994384,0.8656057119369507
77,78,400,120,40,80,120,40,0,0.0,2,0.0,2,0.0121212121212121,3,0,0.0,0,0.0,0.0,17,5.666666666666667,8.02452380952385,2.2785714285714285,165,0.9129040837287904,0.9839972257614136,0.9315187335014344,105,325.6666666666667,28170.33333333333,37,18,9,8,0.8461980819702148,0.9672731161117554,0.849193274974823,0.8342941999435425,0.9505837559700012,0.8582074642181396
78,79,0,0,0,0,0,0,0,0.0,2,0.0,1,0.0073529411764705,5,0,0.0,0,0.0,0.0,22,4.4,35.51105263157899,2.245614035087719,136,0.77863609790802,0.9575923681259156,0.8250411748886108,85,154.2,2235.7,26,12,7,7,0.7714767456054688,0.9541715979576112,0.8178955912590027,0.7567811608314514,0.9397011995315552,0.8162456154823303
79,80,320,120,40,40,80,40,1,0.003584229390681,9,0.007168458781362,1,0.003584229390681,10,1,0.003584229390681,2,0.007168458781362,0.1,37,3.7,48.67793801652895,2.074380165289256,279,0.904175341129303,0.9809102416038512,0.9377529621124268,142,151.4,3803.6,64,20,9,17,0.8239748477935791,0.9568467736244202,0.8625771999359131,0.8147432804107666,0.9366014003753662,0.8694584369659424
80,81,0,0,0,0,0,0,0,0.0,6,0.0,0,0.0,3,7,0.0222929936305732,5,0.0159235668789808,0.0,29,9.666666666666666,-32.295482921083604,2.187279151943463,314,0.8681132197380066,0.9703752994537354,0.9301998615264891,179,608.0,637.0,70,16,21,22,0.8314651250839233,0.965030312538147,0.891583263874054,0.7918858528137207,0.9333013892173768,0.871864914894104
81,82,400,120,40,40,160,40,0,0.0,2,0.0,1,0.0073529411764705,5,0,0.0,0,0.0,0.0,22,4.4,35.51105263157899,2.245614035087719,136,0.77863609790802,0.9575923681259156,0.8250411748886108,85,154.2,2235.7,26,12,7,7,0.7714767456054688,0.9541715979576112,0.8178955912590027,0.7567811608314514,0.9397011995315552,0.8162456154823303
82,83,400,80,120,80,80,40,0,0.0,8,0.0027932960893854,0,0.0,6,5,0.0139664804469273,0,0.0,0.1666666666666666,42,7.0,16.4015956887487,2.1135646687697163,358,0.9052760004997252,0.978864848613739,0.9429944157600404,187,334.5,26951.9,79,25,32,18,0.8359466195106506,0.9576395153999328,0.8717908263206482,0.8179230690002441,0.9320771098136902,0.861770749092102
83,84,360,120,40,40,120,40,0,0.0,4,0.0058823529411764,1,0.0058823529411764,6,0,0.0,0,0.0,0.0,26,2.6,66.2022167832168,1.986013986013986,170,0.9013347029685974,0.9776599407196044,0.9299939274787904,103,84.9,1227.4333333333334,37,9,6,14,0.8491325974464417,0.96428120136261,0.864651083946228,0.824911892414093,0.9406606554985046,0.8590769171714783
84,85,720,160,120,160,120,160,0,0.0,2,0.0021739130434782,2,0.0043478260869565,14,2,0.0043478260869565,0,0.0,0.0,49,3.5,39.12704545454547,2.145454545454545,460,0.9547688961029052,0.9901318550109864,0.9644715189933776,206,176.85714285714286,8235.362637362638,99,36,25,31,0.8686529994010925,0.9597601890563964,0.8850532174110413,0.8606323003768921,0.9467757344245912,0.8849987983703613
85,86,680,120,160,160,120,120,0,0.0,7,0.0067720090293453,0,0.0,13,4,0.0090293453724604,1,0.0022573363431151,0.1111111111111111,63,3.5,41.3514009661836,2.1739130434782608,443,0.8435065746307373,0.9723031520843506,0.8855134844779968,229,142.72222222222223,8108.683006535948,106,41,29,17,0.8197558522224426,0.957771897315979,0.868881106376648,0.8071918487548828,0.9371799826622008,0.8729778528213501
86,87,360,120,40,40,120,40,0,0.0,5,0.0053763440860215,1,0.0026881720430107,6,2,0.0053763440860215,2,0.0053763440860215,0.2857142857142857,26,3.7142857142857135,21.31858208955225,2.113432835820896,372,0.8698186874389648,0.9775034189224244,0.914479434490204,182,304.1428571428572,27977.809523809523,107,24,12,32,0.8279731273651123,0.9574294090270996,0.8631377220153809,0.8130136728286743,0.9400895833969116,0.8641799092292786
87,88,640,120,120,120,120,160,0,0.0,0,0.0,0,0.0,5,2,0.0123456790123456,1,0.0061728395061728,0.2,18,3.6,25.23071428571432,2.307142857142857,162,0.8896234631538391,0.987006902694702,0.9298245906829834,101,187.6,1437.8,40,14,5,7,0.8192384243011475,0.9559360146522522,0.8499621152877808,0.8102930188179016,0.9458582401275636,0.8558205366134644
88,89,0,0,0,0,0,0,0,0.0,2,0.0,1,0.0073529411764705,5,0,0.0,0,0.0,0.0,22,4.4,35.51105263157899,2.245614035087719,136,0.77863609790802,0.9575923681259156,0.8250411748886108,85,154.2,2235.7,26,12,7,7,0.7714767456054688,0.9541715979576112,0.8178955912590027,0.7567811608314514,0.9397011995315552,0.8162456154823303
89,90,680,120,200,160,120,80,0,0.0,2,0.0,0,0.0,7,0,0.0,1,0.0046948356807511,0.0,29,4.142857142857143,20.135000000000037,2.377659574468085,213,0.8415728807449341,0.962592601776123,0.8669553995132446,127,181.8571428571429,6659.476190476191,47,20,5,13,0.8099550008773804,0.9502240419387816,0.8541168570518494,0.7974029183387756,0.9353095293045044,0.8668800592422485
90,91,400,80,80,80,80,80,0,0.0,3,0.0,0,0.0,7,0,0.0,1,0.0053763440860215,0.1428571428571428,19,2.7142857142857144,40.275843373494006,2.180722891566265,186,0.8981887698173523,0.9811325669288636,0.9006662368774414,115,150.28571428571428,2337.904761904762,48,15,10,12,0.8381496071815491,0.956861972808838,0.8655311465263367,0.8282870054244995,0.9417823553085328,0.8701558113098145
91,92,520,120,80,120,120,80,0,0.0,4,0.0075471698113207,3,0.0113207547169811,9,1,0.0037735849056603,0,0.0,0.0,39,4.333333333333333,29.5859318996416,2.290322580645161,265,0.9240084886550904,0.9880202412605286,0.9446905255317688,159,168.77777777777777,2144.4444444444443,62,21,12,11,0.8595060706138611,0.9604944586753844,0.8783401250839233,0.8477392196655273,0.949923574924469,0.8785812258720398
92,93,600,160,120,160,160,0,0,0.0,6,0.0166112956810631,2,0.0066445182724252,8,2,0.0066445182724252,3,0.0099667774086378,0.0,37,4.625,41.305141050583664,2.066147859922179,301,0.9316971302032472,0.9891034364700316,0.9495443105697632,142,203.75,5743.928571428572,69,19,8,25,0.8475006818771362,0.9566031098365784,0.8652939796447754,0.8328412771224976,0.9415048956871032,0.8698205351829529
93,94,680,160,120,160,120,120,0,0.0,5,0.0127388535031847,0,0.0,10,0,0.0,0,0.0,0.0,37,3.7,24.49341549295776,2.309859154929577,314,0.894460916519165,0.9755958914756776,0.9027081727981568,184,190.2,5373.066666666667,77,31,13,19,0.8651362061500549,0.9524900317192078,0.8671249151229858,0.8481617569923401,0.939140558242798,0.8746626377105713
94,95,680,160,120,160,160,80,0,0.0,2,0.0021739130434782,2,0.0043478260869565,14,2,0.0043478260869565,0,0.0,0.0,49,3.5,39.12704545454547,2.145454545454545,460,0.9547688961029052,0.9901318550109864,0.9644715189933776,206,176.85714285714286,8235.362637362638,99,36,25,31,0.8686529994010925,0.9597601890563964,0.8850532174110413,0.8606323003768921,0.9467757344245912,0.8849987983703613
95,96,760,160,160,160,160,120,0,0.0,5,0.0051948051948051,0,0.0,13,0,0.0,1,0.0025974025974025,0.0,45,3.4615384615384617,25.505035394053827,2.334355828220859,385,0.875637412071228,0.9746487736701964,0.8958550095558167,208,172.6153846153846,4403.089743589743,85,28,14,24,0.8473679423332214,0.947933554649353,0.8751588463783264,0.8549870252609253,0.9423823952674866,0.8930978775024414
96,97,600,120,160,120,120,80,0,0.0,13,0.0196560196560196,1,0.0024570024570024,9,1,0.0024570024570024,0,0.0,0.1111111111111111,43,4.777777777777778,23.16777777777781,2.1648936170212765,407,0.856783926486969,0.9738988876342772,0.8793333768844604,207,263.6666666666667,14463.25,85,29,23,31,0.8377543687820435,0.958759069442749,0.8729491829872131,0.8110933899879456,0.9394800662994384,0.8656057119369507
97,98,560,120,120,80,120,120,0,0.0,3,0.0168539325842696,1,0.0028089887640449,13,1,0.0028089887640449,2,0.0056179775280898,0.1052631578947368,57,3.0,55.232790127492656,2.083850931677018,356,0.9166575074195862,0.9820260405540466,0.9466153383255004,186,103.42105263157896,2826.4795321637425,83,32,12,23,0.8637374043464661,0.9710005521774292,0.8802727460861206,0.8494511246681213,0.9490351676940918,0.8839522004127502
98,99,440,160,40,40,160,40,0,0.0,8,0.0038910505836575,1,0.0019455252918287,17,1,0.0019455252918287,0,0.0,0.1111111111111111,57,3.1666666666666665,36.79338122605365,2.213793103448276,514,0.932298183441162,0.9847474098205566,0.9527326226234436,256,159.66666666666666,4648.117647058823,115,43,27,21,0.865510880947113,0.9628008604049684,0.8905700445175171,0.8680877089500427,0.950357973575592,0.888592004776001
99,100,640,120,120,120,120,160,0,0.0,2,0.0092165898617511,0,0.0,7,1,0.0046082949308755,1,0.0046082949308755,0.2857142857142857,33,4.714285714285714,23.593846153846165,2.3282051282051284,217,0.8572238683700562,0.972712218761444,0.8836904168128967,136,188.8571428571429,7363.476190476191,59,16,20,7,0.8175671100616455,0.95512455701828,0.8524896502494812,0.8178870677947998,0.9442575573921204,0.8541639447212219
100,101,600,120,120,120,120,120,0,0.0,2,0.0289017341040462,1,0.0057803468208092,5,0,0.0,4,0.0231213872832369,0.1666666666666666,26,4.333333333333333,57.45392156862748,1.954248366013072,173,0.8827786445617676,0.9810936450958252,0.9080867767333984,100,151.5,5534.3,28,9,9,16,0.8598358035087585,0.966463565826416,0.8673328161239624,0.8131343126296997,0.942264974117279,0.8517805933952332
101,102,480,160,120,120,80,0,0,0.0,1,0.0066889632107023,0,0.0,6,0,0.0,0,0.0,0.0,24,4.0,17.505074906367085,2.198501872659176,299,0.9365248084068298,0.9855391979217528,0.9558727145195008,146,281.8333333333333,13742.966666666667,79,19,7,15,0.8905215859413147,0.9705239534378052,0.9012537002563475,0.8992007970809937,0.966434121131897,0.9158704280853271
102,103,400,160,40,40,120,40,0,0.0,1,0.0,0,0.0,6,0,0.0,1,0.004524886877828,0.1666666666666666,27,4.5,48.63649659863948,1.9744897959183676,221,0.9305169582366944,0.9859693646430968,0.9462594985961914,125,197.83333333333331,3894.9666666666662,44,11,13,17,0.8436769247055054,0.9527627825737,0.8644564747810364,0.8184654712677002,0.9335131049156188,0.8565477132797241
103,104,0,0,0,0,0,0,0,0.0,6,0.025830258302583,1,0.003690036900369,5,0,0.0,1,0.003690036900369,0.2,28,5.6,32.61522406639007,1.975103734439834,271,0.8697545528411865,0.9730272889137268,0.9238397479057312,135,285.2,18786.2,52,10,15,25,0.8095502853393555,0.9580804705619812,0.8446456789970398,0.7843084335327148,0.9285812377929688,0.8477572798728943
104,105,680,120,160,160,120,120,0,0.0,7,0.0067720090293453,0,0.0,13,4,0.0090293453724604,1,0.0022573363431151,0.1111111111111111,63,3.5,41.3514009661836,2.1739130434782608,443,0.8435065746307373,0.9723031520843506,0.8855134844779968,229,142.72222222222223,8108.683006535948,106,41,29,17,0.8197558522224426,0.957771897315979,0.868881106376648,0.8071918487548828,0.9371799826622008,0.8729778528213501
105,106,480,80,120,120,80,80,0,0.0,3,0.0055865921787709,0,0.0,5,2,0.0111731843575419,2,0.0111731843575419,0.2,21,4.2,37.02850000000004,2.1125,179,0.8463278412818909,0.9652172327041626,0.8868366479873657,111,208.2,2106.7,41,13,6,17,0.7719340920448303,0.9416487812995912,0.8191617727279663,0.7449878454208374,0.9226976037025452,0.8299338221549988
106,107,400,80,80,80,80,80,1,0.004524886877828,4,0.004524886877828,0,0.0,5,1,0.004524886877828,5,0.0226244343891402,0.6,26,5.2,30.631985074626904,2.0945273631840795,221,0.852053701877594,0.9613352417945862,0.8748616576194763,126,245.0,243.5,48,11,17,19,0.8018251657485962,0.9465415477752686,0.8428170084953308,0.7814207673072815,0.92105370759964,0.8436681628227234
107,108,400,160,40,40,120,40,0,0.0,1,0.0052770448548812,2,0.0052770448548812,10,0,0.0,3,0.0079155672823219,0.0833333333333333,44,3.6666666666666665,44.9554777070064,2.0859872611464967,379,0.8965364694595337,0.9842051863670348,0.913011372089386,194,166.75,11527.477272727272,66,22,23,24,0.8940237760543823,0.9705391526222228,0.9115238189697266,0.8670276403427124,0.9519720673561096,0.901081919670105
108,109,920,200,200,160,200,160,0,0.0,2,0.0034482758620689,4,0.0137931034482758,9,2,0.0068965517241379,0,0.0,0.1111111111111111,42,4.666666666666667,35.28013370216691,2.195020746887967,290,0.9577023983001708,0.9904813766479492,0.9709334969520568,156,183.66666666666663,3305.25,64,20,12,14,0.9059699177742004,0.9704850316047668,0.9124778509140016,0.9042364954948424,0.961154580116272,0.9151638746261596
109,110,760,160,160,160,160,120,0,0.0,5,0.0054495912806539,0,0.0,11,1,0.0027247956403269,1,0.0027247956403269,0.0909090909090909,43,3.909090909090909,31.705774962742183,2.232786885245902,367,0.9379599094390868,0.982936143875122,0.9558730125427246,196,180.9090909090909,7383.890909090909,95,26,6,24,0.8999316692352295,0.974099338054657,0.9114689826965332,0.8885317444801331,0.9577942490577698,0.9174672961235046
110,111,760,200,120,160,120,160,0,0.0,3,0.0,0,0.0,6,0,0.0,0,0.0,0.0,27,4.5,26.300451807228946,2.132530120481928,276,0.9521595239639282,0.9877128005027772,0.9509205222129822,152,257.5,8627.9,65,25,6,18,0.8963925242424011,0.967540442943573,0.8969154953956604,0.89197838306427,0.9548579454421996,0.9126384854316713
111,112,400,160,40,40,120,40,0,0.0,6,0.0117302052785923,0,0.0,10,2,0.0058651026392961,9,0.0263929618768328,0.0666666666666666,47,3.1333333333333333,49.18114414414417,2.121621621621621,341,0.9017845392227172,0.9850927591323853,0.9376858472824096,196,123.8,4283.885714285714,65,32,26,19,0.8320837020874023,0.965128481388092,0.8849842548370361,0.8112066984176636,0.9469395875930786,0.8764663934707642
112,113,800,200,200,160,160,80,0,0.0,4,0.0075471698113207,3,0.0113207547169811,9,1,0.0037735849056603,0,0.0,0.0,39,4.333333333333333,29.5859318996416,2.290322580645161,265,0.9240084886550904,0.9880202412605286,0.9446905255317688,159,168.77777777777777,2144.4444444444443,62,21,12,11,0.8595060706138611,0.9604944586753844,0.8783401250839233,0.8477392196655273,0.949923574924469,0.8785812258720398
113,114,840,200,200,160,160,120,0,0.0,6,0.0170316301703163,0,0.0,10,3,0.0072992700729927,0,0.0,0.0,47,4.7,33.777021739130454,2.1005434782608696,411,0.9572664499282836,0.9908397793769836,0.964089334011078,215,227.8,1972.6222222222225,97,34,17,15,0.876335084438324,0.9628637433052064,0.892346978187561,0.8660991191864014,0.9529851675033568,0.8975304961204529
114,115,520,120,160,120,120,0,0,0.0,13,0.0196560196560196,1,0.0024570024570024,9,1,0.0024570024570024,0,0.0,0.1111111111111111,43,4.777777777777778,23.16777777777781,2.1648936170212765,407,0.856783926486969,0.9738988876342772,0.8793333768844604,207,263.6666666666667,14463.25,85,29,23,31,0.8377543687820435,0.958759069442749,0.8729491829872131,0.8110933899879456,0.9394800662994384,0.8656057119369507
115,116,480,160,80,80,160,0,0,0.0,1,0.0,0,0.0,4,0,0.0,0,0.0,0.25,14,3.5,39.49927631578949,2.1894736842105265,105,0.8633533716201782,0.9655361771583556,0.9150746464729308,62,145.25,2095.583333333333,28,10,11,6,0.8075187802314758,0.9404283761978148,0.840715229511261,0.7962420582771301,0.919314980506897,0.8415526747703552
116,117,680,200,160,120,160,40,0,0.0,4,0.0075471698113207,3,0.0113207547169811,9,1,0.0037735849056603,0,0.0,0.0,39,4.333333333333333,29.5859318996416,2.290322580645161,265,0.9240084886550904,0.9880202412605286,0.9446905255317688,159,168.77777777777777,2144.4444444444443,62,21,12,11,0.8595060706138611,0.9604944586753844,0.8783401250839233,0.8477392196655273,0.949923574924469,0.8785812258720398
117,118,400,160,40,40,120,40,0,0.0,1,0.0,0,0.0,6,0,0.0,1,0.004524886877828,0.1666666666666666,27,4.5,48.63649659863948,1.9744897959183676,221,0.9305169582366944,0.9859693646430968,0.9462594985961914,125,197.83333333333331,3894.9666666666662,44,11,13,17,0.8436769247055054,0.9527627825737,0.8644564747810364,0.8184654712677002,0.9335131049156188,0.8565477132797241
118,119,560,120,120,120,120,80,0,0.0,3,0.0168539325842696,1,0.0028089887640449,13,1,0.0028089887640449,2,0.0056179775280898,0.1052631578947368,57,3.0,55.232790127492656,2.083850931677018,356,0.9166575074195862,0.9820260405540466,0.9466153383255004,186,103.42105263157896,2826.4795321637425,83,32,12,23,0.8637374043464661,0.9710005521774292,0.8802727460861206,0.8494511246681213,0.9490351676940918,0.8839522004127502
119,120,480,120,80,80,80,120,0,0.0,4,0.0075,4,0.01,10,0,0.0,1,0.0025,0.1,45,4.5,25.27487209302327,2.2238372093023258,400,0.9263170957565308,0.9879875183105468,0.9464144110679626,199,230.5,8117.611111111111,100,39,26,15,0.8637886047363281,0.9586548805236816,0.8812294602394104,0.8584810495376587,0.9488911032676696,0.8846606612205505
120,121,720,160,160,200,200,0,0,0.0,6,0.0170316301703163,0,0.0,10,3,0.0072992700729927,0,0.0,0.0,47,4.7,33.777021739130454,2.1005434782608696,411,0.9572664499282836,0.9908397793769836,0.964089334011078,215,227.8,1972.6222222222225,97,34,17,15,0.876335084438324,0.9628637433052064,0.892346978187561,0.8660991191864014,0.9529851675033568,0.8975304961204529
121,122,760,160,120,120,200,160,2,0.0068027210884353,12,0.0136054421768707,2,0.0068027210884353,10,1,0.0034013605442176,2,0.0068027210884353,0.1,36,3.6,45.90278313253015,2.0963855421686746,294,0.9335782527923584,0.9878945350646972,0.9456515908241272,167,160.0,4717.333333333333,69,27,16,20,0.8734121322631836,0.9628244638442992,0.8882842063903809,0.8541625142097473,0.9477466344833374,0.886947751045227
122,123,480,80,80,120,120,80,0,0.0,0,0.0,0,0.0,5,2,0.0123456790123456,1,0.0061728395061728,0.2,18,3.6,25.23071428571432,2.307142857142857,162,0.8896234631538391,0.987006902694702,0.9298245906829834,101,187.6,1437.8,40,14,5,7,0.8192384243011475,0.9559360146522522,0.8499621152877808,0.8102930188179016,0.9458582401275636,0.8558205366134644
123,124,920,200,200,200,160,160,0,0.0,2,0.0034482758620689,4,0.0137931034482758,9,2,0.0068965517241379,0,0.0,0.1111111111111111,42,4.666666666666667,35.28013370216691,2.195020746887967,290,0.9577023983001708,0.9904813766479492,0.9709334969520568,156,183.66666666666663,3305.25,64,20,12,14,0.9059699177742004,0.9704850316047668,0.9124778509140016,0.9042364954948424,0.961154580116272,0.9151638746261596
124,125,680,160,160,160,120,80,0,0.0,4,0.0051679586563307,1,0.0025839793281653,11,0,0.0,0,0.0,0.1538461538461538,43,3.3076923076923075,37.07950928381966,2.17816091954023,387,0.8907082080841064,0.9785544276237488,0.8978629112243652,182,171.69230769230768,9448.064102564103,97,32,19,17,0.856763482093811,0.9568797945976256,0.8907498717308044,0.8430520296096802,0.9425272941589355,0.8880509734153748
125,126,0,0,0,0,0,0,0,0.0,0,0.0044052863436123,0,0.0,5,0,0.0,1,0.0044052863436123,0.0,37,6.166666666666667,41.63720268006701,2.0452261306532664,227,0.8849135041236877,0.9841884970664978,0.9272789359092712,139,199.83333333333331,15360.566666666668,61,7,12,20,0.8347418904304504,0.9666777849197388,0.8447527885437012,0.8185945749282837,0.9476770758628844,0.8499407768249512
126,127,720,160,160,160,120,120,0,0.0,5,0.0,1,0.0021739130434782,15,0,0.0,6,0.0130434782608695,0.0,58,3.8666666666666663,43.93677120822625,2.102827763496144,460,0.9336605072021484,0.9863216280937196,0.9551053047180176,207,165.2,4619.314285714286,108,16,20,26,0.8779770731925964,0.96073317527771,0.8861315250396729,0.8626137971878052,0.9501552581787108,0.8930686712265015
127,128,520,120,80,80,160,80,0,0.0,2,0.0,0,0.0,8,0,0.0,0,0.0,0.0,26,2.888888888888889,33.638873873873905,2.247747747747748,253,0.8903780579566956,0.972809672355652,0.9017930030822754,126,161.55555555555554,8374.277777777777,74,16,13,15,0.8475671410560608,0.9563446640968324,0.8762868046760559,0.841238260269165,0.9453631639480592,0.8858757615089417
128,129,320,120,40,40,120,0,0,0.0,11,0.0210970464135021,0,0.0,5,4,0.0168776371308016,10,0.0421940928270042,0.0,30,5.0,58.603210014947706,1.8026905829596411,237,0.8215039968490601,0.9496964812278748,0.8775531053543091,110,204.83333333333331,12855.366666666669,25,11,14,29,0.7766498327255249,0.9436936378479004,0.8285441994667053,0.7687821984291077,0.9116570353507996,0.8282907605171204
129,130,720,160,120,120,120,200,0,0.0,2,0.0092165898617511,0,0.0,7,1,0.0046082949308755,1,0.0046082949308755,0.2857142857142857,33,4.714285714285714,23.593846153846165,2.3282051282051284,217,0.8572238683700562,0.972712218761444,0.8836904168128967,136,188.8571428571429,7363.476190476191,59,16,20,7,0.8175671100616455,0.95512455701828,0.8524896502494812,0.8178870677947998,0.9442575573921204,0.8541639447212219
130,131,360,120,40,40,120,40,1,0.003584229390681,9,0.007168458781362,1,0.003584229390681,10,1,0.003584229390681,2,0.007168458781362,0.1,37,3.7,48.67793801652895,2.074380165289256,279,0.904175341129303,0.9809102416038512,0.9377529621124268,142,151.4,3803.6,64,20,9,17,0.8239748477935791,0.9568467736244202,0.8625771999359131,0.8147432804107666,0.9366014003753662,0.8694584369659424
131,132,360,120,40,40,120,40,0,0.0,5,0.0053763440860215,1,0.0026881720430107,6,2,0.0053763440860215,2,0.0053763440860215,0.2857142857142857,26,3.7142857142857135,21.31858208955225,2.113432835820896,372,0.8698186874389648,0.9775034189224244,0.914479434490204,182,304.1428571428572,27977.809523809523,107,24,12,32,0.8279731273651123,0.9574294090270996,0.8631377220153809,0.8130136728286743,0.9400895833969116,0.8641799092292786
132,133,520,200,40,80,160,40,0,0.0,8,0.0038910505836575,1,0.0019455252918287,17,1,0.0019455252918287,0,0.0,0.1111111111111111,57,3.1666666666666665,36.79338122605365,2.213793103448276,514,0.932298183441162,0.9847474098205566,0.9527326226234436,256,159.66666666666666,4648.117647058823,115,43,27,21,0.865510880947113,0.9628008604049684,0.8905700445175171,0.8680877089500427,0.950357973575592,0.888592004776001
133,134,360,120,40,40,120,40,0,0.0,0,0.0,0,0.0,6,1,0.0038167938931297,0,0.0,0.1666666666666666,29,4.833333333333333,22.694194915254265,2.199152542372881,262,0.8902870416641235,0.9817270040512084,0.9348912835121156,142,249.66666666666663,3011.4666666666667,74,14,14,16,0.8443761467933655,0.9610012769699096,0.881637692451477,0.8246320486068726,0.9434158802032472,0.8736587762832642
134,135,640,120,120,120,160,120,0,0.0,3,0.0191570881226053,1,0.003831417624521,9,1,0.003831417624521,1,0.003831417624521,0.0,32,3.555555555555556,39.060993117010845,2.1769911504424777,261,0.8618760108947754,0.9702027440071106,0.8896510601043701,144,162.33333333333334,3702.75,58,19,8,14,0.846621572971344,0.961104929447174,0.8678795099258423,0.8386818170547485,0.9482386708259584,0.8794144988059998
135,136,440,160,40,40,160,40,0,0.0,9,0.0103092783505154,3,0.0061855670103092,12,1,0.002061855670103,2,0.0041237113402061,0.1428571428571428,53,3.7857142857142856,22.72377697841729,2.309352517985612,485,0.9066612720489502,0.9757651090621948,0.9273257851600648,243,200.92857142857144,15118.37912087912,109,36,18,28,0.8828853964805603,0.9674410223960876,0.8990381360054016,0.881056547164917,0.956438422203064,0.9048711657524108
136,137,400,80,80,80,80,80,1,0.003584229390681,9,0.007168458781362,1,0.003584229390681,10,1,0.003584229390681,2,0.007168458781362,0.1,37,3.7,48.67793801652895,2.074380165289256,279,0.904175341129303,0.9809102416038512,0.9377529621124268,142,151.4,3803.6,64,20,9,17,0.8239748477935791,0.9568467736244202,0.8625771999359131,0.8147432804107666,0.9366014003753662,0.8694584369659424
137,138,600,120,160,120,120,80,0,0.0,2,0.0,2,0.0121212121212121,3,0,0.0,0,0.0,0.0,17,5.666666666666667,8.02452380952385,2.2785714285714285,165,0.9129040837287904,0.9839972257614136,0.9315187335014344,105,325.6666666666667,28170.33333333333,37,18,9,8,0.8461980819702148,0.9672731161117554,0.849193274974823,0.8342941999435425,0.9505837559700012,0.8582074642181396
138,139,560,120,120,160,120,40,0,0.0,2,0.0,0,0.0,7,0,0.0,1,0.0046948356807511,0.0,29,4.142857142857143,20.135000000000037,2.377659574468085,213,0.8415728807449341,0.962592601776123,0.8669553995132446,127,181.8571428571429,6659.476190476191,47,20,5,13,0.8099550008773804,0.9502240419387816,0.8541168570518494,0.7974029183387756,0.9353095293045044,0.8668800592422485
139,140,0,0,0,0,0,0,2,0.0131578947368421,1,0.0,1,0.006578947368421,5,3,0.0197368421052631,0,0.0,0.0909090909090909,30,2.727272727272727,50.003745727956286,2.2030075187969924,152,0.8369914889335632,0.9606599807739258,0.8934386372566223,82,80.27272727272727,4069.6181818181817,30,12,9,20,0.8248974084854126,0.9543368816375732,0.8597450256347656,0.8112414479255676,0.93253493309021,0.8637405633926392
140,141,400,80,120,80,80,40,0,0.0,4,0.027027027027027,3,0.0162162162162162,6,3,0.0162162162162162,5,0.027027027027027,0.1666666666666666,27,4.5,66.24252495009983,1.81437125748503,185,0.820315957069397,0.9572653770446776,0.9185711741447448,97,158.83333333333334,4255.766666666666,36,6,17,12,0.7432637810707092,0.937330424785614,0.8264462947845459,0.7079752087593079,0.9037136435508728,0.8119292855262756
141,142,320,120,40,40,120,0,0,0.0,11,0.0210970464135021,0,0.0,5,4,0.0168776371308016,10,0.0421940928270042,0.0,30,5.0,58.603210014947706,1.8026905829596411,237,0.8215039968490601,0.9496964812278748,0.8775531053543091,110,204.83333333333331,12855.366666666669,25,11,14,29,0.7766498327255249,0.9436936378479004,0.8285441994667053,0.7687821984291077,0.9116570353507996,0.8282907605171204
142,143,560,120,120,80,120,120,0,0.0,2,0.0080321285140562,1,0.0040160642570281,7,1,0.0040160642570281,0,0.0,0.125,32,4.0,25.100208333333377,2.310185185185185,249,0.8732485175132751,0.973132848739624,0.8859913349151611,143,187.5,6724.857142857143,56,31,13,7,0.8196765780448914,0.9503105878829956,0.8478574156761169,0.8024056553840637,0.9362398386001588,0.8468928337097168
143,144,880,200,160,160,200,160,0,0.0,3,0.0,0,0.0,6,0,0.0,0,0.0,0.0,27,4.5,26.300451807228946,2.132530120481928,276,0.9521595239639282,0.9877128005027772,0.9509205222129822,152,257.5,8627.9,65,25,6,18,0.8963925242424011,0.967540442943573,0.8969154953956604,0.89197838306427,0.9548579454421996,0.9126384854316713
144,145,400,80,120,80,120,0,0,0.0,5,0.0113207547169811,0,0.0,4,5,0.0188679245283018,0,0.0,0.0,35,8.75,24.361006097560995,1.9065040650406504,265,0.8849712014198303,0.9649969935417176,0.9062402248382568,128,364.75,44963.583333333336,42,12,31,22,0.8363284468650818,0.9561447501182556,0.8496747016906738,0.7906890511512756,0.9211733937263488,0.8381587266921997
145,146,600,120,160,80,80,160,0,0.0,1,0.016,1,0.008,4,2,0.016,1,0.008,0.4,14,2.8,44.89861538461541,2.1538461538461537,125,0.8936649560928345,0.9829336404800416,0.9327648282051086,76,132.2,14312.7,23,10,8,8,0.8313440084457397,0.9610418677330016,0.8446534276008606,0.8207003474235535,0.9469045400619508,0.85463547706604
146,147,440,80,80,80,120,80,0,0.0,4,0.0118694362017804,1,0.0029673590504451,8,5,0.0148367952522255,0,0.0,0.1538461538461538,49,3.769230769230769,45.99178884873517,2.120805369127517,337,0.9174607396125792,0.9852656722068788,0.941720485687256,181,145.46153846153845,17946.602564102563,70,26,26,22,0.8623092770576477,0.9682607054710388,0.8820897340774536,0.8342370986938477,0.9477571845054626,0.8812524080276489
147,148,720,160,120,120,160,160,0,0.0,7,0.0167597765363128,5,0.0139664804469273,11,1,0.0027932960893854,0,0.0,0.1818181818181818,45,4.090909090909091,43.535084228870176,2.0798722044728435,358,0.9398853182792664,0.9878297448158264,0.9607945680618286,194,181.8181818181818,4688.963636363636,84,23,14,33,0.8945609331130981,0.9674217700958252,0.9015398025512696,0.8792502284049988,0.9528279900550842,0.8992072939872742
148,149,720,160,200,120,120,120,0,0.0,5,0.0,1,0.0021739130434782,15,0,0.0,6,0.0130434782608695,0.0,58,3.8666666666666663,43.93677120822625,2.102827763496144,460,0.9336605072021484,0.9863216280937196,0.9551053047180176,207,165.2,4619.314285714286,108,16,20,26,0.8779770731925964,0.96073317527771,0.8861315250396729,0.8626137971878052,0.9501552581787108,0.8930686712265015
149,150,440,80,120,80,80,80,0,0.0,10,0.0116618075801749,0,0.0,10,1,0.0029154518950437,1,0.0029154518950437,0.1,46,4.6,23.50675581395351,2.302325581395349,343,0.8671358227729797,0.9688193202018738,0.8740928769111633,179,201.1,9761.655555555555,84,17,12,19,0.8640033006668091,0.9644503593444824,0.8727632761001587,0.8497952222824097,0.9441053867340088,0.8740947246551514
150,151,240,80,40,40,80,0,0,0.0,3,0.016,0,0.0,2,2,0.016,1,0.008,0.5555555555555556,17,1.8888888888888888,77.90991228070176,1.868421052631579,125,0.7649512887001038,0.9453409910202026,0.8478397130966187,71,69.44444444444444,2001.5277777777776,22,8,12,15,0.6879121661186218,0.921218752861023,0.7761921286582947,0.6692743301391602,0.8959046006202698,0.7745669484138489
151,152,720,200,120,120,160,120,0,0.0,9,0.0103092783505154,3,0.0061855670103092,12,1,0.002061855670103,2,0.0041237113402061,0.1428571428571428,53,3.7857142857142856,22.72377697841729,2.309352517985612,485,0.9066612720489502,0.9757651090621948,0.9273257851600648,243,200.92857142857144,15118.37912087912,109,36,18,28,0.8828853964805603,0.9674410223960876,0.8990381360054016,0.881056547164917,0.956438422203064,0.9048711657524108
152,153,680,200,200,160,120,0,0,0.0,1,0.0066889632107023,0,0.0,6,0,0.0,0,0.0,0.0,24,4.0,17.505074906367085,2.198501872659176,299,0.9365248084068298,0.9855391979217528,0.9558727145195008,146,281.8333333333333,13742.966666666667,79,19,7,15,0.8905215859413147,0.9705239534378052,0.9012537002563475,0.8992007970809937,0.966434121131897,0.9158704280853271
153,154,640,120,200,120,120,80,0,0.0,3,0.0055865921787709,0,0.0,5,2,0.0111731843575419,2,0.0111731843575419,0.2,21,4.2,37.02850000000004,2.1125,179,0.8463278412818909,0.9652172327041626,0.8868366479873657,111,208.2,2106.7,41,13,6,17,0.7719340920448303,0.9416487812995912,0.8191617727279663,0.7449878454208374,0.9226976037025452,0.8299338221549988
154,155,600,160,120,120,120,80,0,0.0,2,0.0289017341040462,1,0.0057803468208092,5,0,0.0,4,0.0231213872832369,0.1666666666666666,26,4.333333333333333,57.45392156862748,1.954248366013072,173,0.8827786445617676,0.9810936450958252,0.9080867767333984,100,151.5,5534.3,28,9,9,16,0.8598358035087585,0.966463565826416,0.8673328161239624,0.8131343126296997,0.942264974117279,0.8517805933952332
155,156,480,120,80,80,80,120,0,0.0,3,0.028735632183908,0,0.0,6,2,0.0114942528735632,0,0.0,0.0,22,3.6666666666666665,52.536979830148624,2.006369426751593,174,0.8726898431777954,0.9805352091789246,0.920795202255249,99,153.0,2171.2,31,12,12,16,0.8239378929138184,0.9671526551246644,0.8507577180862427,0.8001358509063721,0.9509648084640504,0.8543149828910828
156,157,760,120,200,160,160,120,0,0.0,4,0.0055865921787709,2,0.0055865921787709,11,4,0.0111731843575419,2,0.0055865921787709,0.0833333333333333,48,4.0,38.41863095238099,2.168253968253968,358,0.9126904010772704,0.9835066199302672,0.9519509077072144,196,168.25,7231.113636363636,85,22,18,30,0.8617454767227173,0.9730810523033142,0.8985095620155334,0.8508657217025757,0.9553432464599608,0.8891640901565552
157,158,600,120,120,120,120,120,0,0.0,4,0.015625,0,0.0,7,0,0.0,7,0.0364583333333333,0.0,23,2.875,58.00181179775284,1.98876404494382,192,0.8532452583312988,0.9716041088104248,0.919792890548706,113,132.375,3242.553571428572,53,7,10,14,0.7924441695213318,0.944988250732422,0.8517388105392456,0.7629488706588745,0.9188646674156188,0.8441030979156494
158,159,760,160,160,160,160,120,0,0.0,7,0.0167597765363128,5,0.0139664804469273,11,1,0.0027932960893854,0,0.0,0.1818181818181818,45,4.090909090909091,43.535084228870176,2.0798722044728435,358,0.9398853182792664,0.9878297448158264,0.9607945680618286,194,181.8181818181818,4688.963636363636,84,23,14,33,0.8945609331130981,0.9674217700958252,0.9015398025512696,0.8792502284049988,0.9528279900550842,0.8992072939872742
159,160,560,160,120,120,160,0,0,0.0,6,0.0166112956810631,2,0.0066445182724252,8,2,0.0066445182724252,3,0.0099667774086378,0.0,37,4.625,41.305141050583664,2.066147859922179,301,0.9316971302032472,0.9891034364700316,0.9495443105697632,142,203.75,5743.928571428572,69,19,8,25,0.8475006818771362,0.9566031098365784,0.8652939796447754,0.8328412771224976,0.9415048956871032,0.8698205351829529
160,161,360,80,80,80,120,0,0,0.0,3,0.0055865921787709,0,0.0,5,2,0.0111731843575419,2,0.0111731843575419,0.2,21,4.2,37.02850000000004,2.1125,179,0.8463278412818909,0.9652172327041626,0.8868366479873657,111,208.2,2106.7,41,13,6,17,0.7719340920448303,0.9416487812995912,0.8191617727279663,0.7449878454208374,0.9226976037025452,0.8299338221549988
161,162,840,160,200,160,160,160,0,0.0,6,0.0037878787878787,0,0.0,11,0,0.0,0,0.0,0.0,40,3.636363636363636,47.879772727272766,2.1125,264,0.9101349711418152,0.9860806465148926,0.9469885230064392,126,134.0909090909091,1995.8909090909087,58,13,15,13,0.8449735641479492,0.9681106805801392,0.8703932166099548,0.8409181237220764,0.9542459845542908,0.8847104907035828
162,163,360,120,40,40,120,40,0,0.0,4,0.0132450331125827,1,0.0033112582781456,6,4,0.0132450331125827,1,0.0033112582781456,0.0,34,5.666666666666667,19.85088845654998,2.186770428015564,302,0.9159849286079408,0.9824848175048828,0.9372025728225708,153,281.3333333333333,4054.6666666666665,70,17,16,21,0.8571059703826904,0.9599617719650269,0.8732634782791138,0.8612384796142578,0.9493142366409302,0.889617383480072
163,164,440,120,40,80,120,80,0,0.0,5,0.0097087378640776,0,0.0,5,2,0.0064724919093851,0,0.0,0.2,27,5.4,2.8262068965517457,2.272030651340996,309,0.8719714283943176,0.972850739955902,0.9196433424949646,166,342.6,21194.3,61,30,13,22,0.8463876247406006,0.9587163329124452,0.8882544040679932,0.8529314994812012,0.9485056400299072,0.8962393403053284
164,165,320,120,40,40,120,0,0,0.0,4,0.01875,1,0.003125,6,1,0.003125,0,0.0,0.0,34,5.666666666666667,23.942959770114957,2.0724137931034483,320,0.9045958518981934,0.9854130744934082,0.9411334991455078,157,305.0,7022.0,83,25,10,24,0.8512942790985107,0.9576889276504515,0.8740199208259583,0.8204551935195923,0.9412017464637756,0.8729976415634155
165,166,280,80,40,80,80,0,0,0.0,1,0.0095693779904306,0,0.0,7,1,0.0047846889952153,1,0.0047846889952153,0.1428571428571428,32,4.571428571428571,63.1461290322581,1.870967741935484,209,0.8467550873756409,0.9734016060829164,0.915479063987732,117,153.28571428571428,3539.904761904762,38,11,10,13,0.776849091053009,0.9506605863571168,0.8257334232330322,0.758336067199707,0.9280959367752076,0.8286619186401367
166,167,480,80,120,80,120,80,0,0.0,0,0.0044052863436123,0,0.0,5,0,0.0,1,0.0044052863436123,0.0,37,6.166666666666667,41.63720268006701,2.0452261306532664,227,0.8849135041236877,0.9841884970664978,0.9272789359092712,139,199.83333333333331,15360.566666666668,61,7,12,20,0.8347418904304504,0.9666777849197388,0.8447527885437012,0.8185945749282837,0.9476770758628844,0.8499407768249512
167,168,240,80,40,40,80,0,0,0.0,4,0.015625,0,0.0,7,0,0.0,7,0.0364583333333333,0.0,23,2.875,58.00181179775284,1.98876404494382,192,0.8532452583312988,0.9716041088104248,0.919792890548706,113,132.375,3242.553571428572,53,7,10,14,0.7924441695213318,0.944988250732422,0.8517388105392456,0.7629488706588745,0.9188646674156188,0.8441030979156494
168,169,640,160,120,160,120,80,0,0.0,4,0.0118694362017804,1,0.0029673590504451,8,5,0.0148367952522255,0,0.0,0.1538461538461538,49,3.769230769230769,45.99178884873517,2.120805369127517,337,0.9174607396125792,0.9852656722068788,0.941720485687256,181,145.46153846153845,17946.602564102563,70,26,26,22,0.8623092770576477,0.9682607054710388,0.8820897340774536,0.8342370986938477,0.9477571845054626,0.8812524080276489
169,170,160,80,40,40,0,0,0,0.0,2,0.0,2,0.0121212121212121,3,0,0.0,0,0.0,0.0,17,5.666666666666667,8.02452380952385,2.2785714285714285,165,0.9129040837287904,0.9839972257614136,0.9315187335014344,105,325.6666666666667,28170.33333333333,37,18,9,8,0.8461980819702148,0.9672731161117554,0.849193274974823,0.8342941999435425,0.9505837559700012,0.8582074642181396
170,171,520,120,120,120,80,80,0,0.0,1,0.0,0,0.0,4,0,0.0,0,0.0,0.25,14,3.5,39.49927631578949,2.1894736842105265,105,0.8633533716201782,0.9655361771583556,0.9150746464729308,62,145.25,2095.583333333333,28,10,11,6,0.8075187802314758,0.9404283761978148,0.840715229511261,0.7962420582771301,0.919314980506897,0.8415526747703552
171,172,600,120,120,160,120,80,0,0.0,3,0.0168539325842696,1,0.0028089887640449,13,1,0.0028089887640449,2,0.0056179775280898,0.1052631578947368,57,3.0,55.232790127492656,2.083850931677018,356,0.9166575074195862,0.9820260405540466,0.9466153383255004,186,103.42105263157896,2826.4795321637425,83,32,12,23,0.8637374043464661,0.9710005521774292,0.8802727460861206,0.8494511246681213,0.9490351676940918,0.8839522004127502
172,173,560,120,80,80,120,160,0,0.0,1,0.016,1,0.008,4,2,0.016,1,0.008,0.4,14,2.8,44.89861538461541,2.1538461538461537,125,0.8936649560928345,0.9829336404800416,0.9327648282051086,76,132.2,14312.7,23,10,8,8,0.8313440084457397,0.9610418677330016,0.8446534276008606,0.8207003474235535,0.9469045400619508,0.85463547706604
173,174,800,160,200,120,160,160,0,0.0,7,0.0029673590504451,1,0.0029673590504451,12,2,0.0059347181008902,1,0.0029673590504451,0.1333333333333333,35,2.333333333333333,27.709241183162717,2.3754266211604094,337,0.8881836533546448,0.9764432907104492,0.8969942331314087,180,133.26666666666668,3862.209523809524,75,31,19,16,0.8744956254959106,0.9612610340118408,0.8960006833076477,0.8833591341972351,0.9564793705940248,0.9142783880233764
174,175,240,80,40,80,40,0,0,0.0,3,0.016,0,0.0,2,2,0.016,1,0.008,0.5555555555555556,17,1.8888888888888888,77.90991228070176,1.868421052631579,125,0.7649512887001038,0.9453409910202026,0.8478397130966187,71,69.44444444444444,2001.5277777777776,22,8,12,15,0.6879121661186218,0.921218752861023,0.7761921286582947,0.6692743301391602,0.8959046006202698,0.7745669484138489
175,176,720,160,120,120,160,160,2,0.0068027210884353,12,0.0136054421768707,2,0.0068027210884353,10,1,0.0034013605442176,2,0.0068027210884353,0.1,36,3.6,45.90278313253015,2.0963855421686746,294,0.9335782527923584,0.9878945350646972,0.9456515908241272,167,160.0,4717.333333333333,69,27,16,20,0.8734121322631836,0.9628244638442992,0.8882842063903809,0.8541625142097473,0.9477466344833374,0.886947751045227
176,177,640,120,120,160,120,120,0,0.0,6,0.025830258302583,1,0.003690036900369,5,0,0.0,1,0.003690036900369,0.2,28,5.6,32.61522406639007,1.975103734439834,271,0.8697545528411865,0.9730272889137268,0.9238397479057312,135,285.2,18786.2,52,10,15,25,0.8095502853393555,0.9580804705619812,0.8446456789970398,0.7843084335327148,0.9285812377929688,0.8477572798728943
177,178,0,0,0,0,0,0,0,0.0,1,0.0052770448548812,2,0.0052770448548812,10,0,0.0,3,0.0079155672823219,0.0833333333333333,44,3.6666666666666665,44.9554777070064,2.0859872611464967,379,0.8965364694595337,0.9842051863670348,0.913011372089386,194,166.75,11527.477272727272,66,22,23,24,0.8940237760543823,0.9705391526222228,0.9115238189697266,0.8670276403427124,0.9519720673561096,0.901081919670105
178,179,560,120,120,80,120,120,0,0.0,4,0.0132450331125827,1,0.0033112582781456,6,4,0.0132450331125827,1,0.0033112582781456,0.0,34,5.666666666666667,19.85088845654998,2.186770428015564,302,0.9159849286079408,0.9824848175048828,0.9372025728225708,153,281.3333333333333,4054.6666666666665,70,17,16,21,0.8571059703826904,0.9599617719650269,0.8732634782791138,0.8612384796142578,0.9493142366409302,0.889617383480072
179,180,0,0,0,0,0,0,0,0.0,3,0.016,0,0.0,2,2,0.016,1,0.008,0.5555555555555556,17,1.8888888888888888,77.90991228070176,1.868421052631579,125,0.7649512887001038,0.9453409910202026,0.8478397130966187,71,69.44444444444444,2001.5277777777776,22,8,12,15,0.6879121661186218,0.921218752861023,0.7761921286582947,0.6692743301391602,0.8959046006202698,0.7745669484138489
180,181,640,120,120,160,120,120,0,0.0,6,0.0166112956810631,2,0.0066445182724252,8,2,0.0066445182724252,3,0.0099667774086378,0.0,37,4.625,41.305141050583664,2.066147859922179,301,0.9316971302032472,0.9891034364700316,0.9495443105697632,142,203.75,5743.928571428572,69,19,8,25,0.8475006818771362,0.9566031098365784,0.8652939796447754,0.8328412771224976,0.9415048956871032,0.8698205351829529
181,182,840,160,160,160,160,200,0,0.0,8,0.0038910505836575,1,0.0019455252918287,17,1,0.0019455252918287,0,0.0,0.1111111111111111,57,3.1666666666666665,36.79338122605365,2.213793103448276,514,0.932298183441162,0.9847474098205566,0.9527326226234436,256,159.66666666666666,4648.117647058823,115,43,27,21,0.865510880947113,0.9628008604049684,0.8905700445175171,0.8680877089500427,0.950357973575592,0.888592004776001
182,183,800,160,160,160,160,160,0,0.0,2,0.0038461538461538,4,0.0153846153846153,10,2,0.0076923076923076,0,0.0,0.1,33,3.3,31.3529349775785,2.295964125560538,260,0.8773724436759949,0.974389374256134,0.8949261903762817,158,154.0,3040.6666666666665,52,25,17,14,0.8511789441108704,0.9552377462387084,0.8724762201309204,0.8484227061271667,0.9459697604179382,0.8849438428878784
183,184,0,0,0,0,0,0,0,0.0,4,0.027027027027027,3,0.0162162162162162,6,3,0.0162162162162162,5,0.027027027027027,0.1666666666666666,27,4.5,66.24252495009983,1.81437125748503,185,0.820315957069397,0.9572653770446776,0.9185711741447448,97,158.83333333333334,4255.766666666666,36,6,17,12,0.7432637810707092,0.937330424785614,0.8264462947845459,0.7079752087593079,0.9037136435508728,0.8119292855262756
184,185,800,160,200,160,160,120,0,0.0,2,0.0034482758620689,4,0.0137931034482758,9,2,0.0068965517241379,0,0.0,0.1111111111111111,42,4.666666666666667,35.28013370216691,2.195020746887967,290,0.9577023983001708,0.9904813766479492,0.9709334969520568,156,183.66666666666663,3305.25,64,20,12,14,0.9059699177742004,0.9704850316047668,0.9124778509140016,0.9042364954948424,0.961154580116272,0.9151638746261596
185,186,680,120,120,120,160,160,0,0.0,3,0.0,0,0.0,7,0,0.0,1,0.0053763440860215,0.1428571428571428,19,2.7142857142857144,40.275843373494006,2.180722891566265,186,0.8981887698173523,0.9811325669288636,0.9006662368774414,115,150.28571428571428,2337.904761904762,48,15,10,12,0.8381496071815491,0.956861972808838,0.8655311465263367,0.8282870054244995,0.9417823553085328,0.8701558113098145
186,187,920,200,200,200,160,160,0,0.0,5,0.0051948051948051,0,0.0,13,0,0.0,1,0.0025974025974025,0.0,45,3.4615384615384617,25.505035394053827,2.334355828220859,385,0.875637412071228,0.9746487736701964,0.8958550095558167,208,172.6153846153846,4403.089743589743,85,28,14,24,0.8473679423332214,0.947933554649353,0.8751588463783264,0.8549870252609253,0.9423823952674866,0.8930978775024414
187,188,0,0,0,0,0,0,0,0.0,0,0.0,0,0.0,6,1,0.0038167938931297,0,0.0,0.1666666666666666,29,4.833333333333333,22.694194915254265,2.199152542372881,262,0.8902870416641235,0.9817270040512084,0.9348912835121156,142,249.66666666666663,3011.4666666666667,74,14,14,16,0.8443761467933655,0.9610012769699096,0.881637692451477,0.8246320486068726,0.9434158802032472,0.8736587762832642
188,189,560,120,80,120,120,120,0,0.0,2,0.0093457943925233,1,0.0046728971962616,7,1,0.0046728971962616,0,0.0,0.0,25,3.125,41.92937500000002,2.15625,214,0.919986367225647,0.9856598973274232,0.945862889289856,124,153.625,3207.9821428571427,49,24,9,12,0.8456397652626038,0.9610037803649902,0.8826234340667725,0.8397511839866638,0.9461959600448608,0.8766070008277893
189,190,640,120,120,120,120,160,0,0.0,0,0.0,0,0.0,5,2,0.0123456790123456,1,0.0061728395061728,0.2,18,3.6,25.23071428571432,2.307142857142857,162,0.8896234631538391,0.987006902694702,0.9298245906829834,101,187.6,1437.8,40,14,5,7,0.8192384243011475,0.9559360146522522,0.8499621152877808,0.8102930188179016,0.9458582401275636,0.8558205366134644
190,191,320,80,40,80,80,40,0,0.0,1,0.016,1,0.008,4,2,0.016,1,0.008,0.4,14,2.8,44.89861538461541,2.1538461538461537,125,0.8936649560928345,0.9829336404800416,0.9327648282051086,76,132.2,14312.7,23,10,8,8,0.8313440084457397,0.9610418677330016,0.8446534276008606,0.8207003474235535,0.9469045400619508,0.85463547706604
191,192,760,160,120,160,160,160,0,0.0,4,0.0075,4,0.01,10,0,0.0,1,0.0025,0.1,45,4.5,25.27487209302327,2.2238372093023258,400,0.9263170957565308,0.9879875183105468,0.9464144110679626,199,230.5,8117.611111111111,100,39,26,15,0.8637886047363281,0.9586548805236816,0.8812294602394104,0.8584810495376587,0.9488911032676696,0.8846606612205505
192,193,520,120,120,80,120,80,0,0.0,4,0.01875,1,0.003125,6,1,0.003125,0,0.0,0.0,34,5.666666666666667,23.942959770114957,2.0724137931034483,320,0.9045958518981934,0.9854130744934082,0.9411334991455078,157,305.0,7022.0,83,25,10,24,0.8512942790985107,0.9576889276504515,0.8740199208259583,0.8204551935195923,0.9412017464637756,0.8729976415634155
193,194,720,160,160,120,160,120,0,0.0,6,0.0170316301703163,0,0.0,10,3,0.0072992700729927,0,0.0,0.0,47,4.7,33.777021739130454,2.1005434782608696,411,0.9572664499282836,0.9908397793769836,0.964089334011078,215,227.8,1972.6222222222225,97,34,17,15,0.876335084438324,0.9628637433052064,0.892346978187561,0.8660991191864014,0.9529851675033568,0.8975304961204529
194,195,520,120,120,80,160,40,0,0.0,5,0.0113207547169811,0,0.0,4,5,0.0188679245283018,0,0.0,0.0,35,8.75,24.361006097560995,1.9065040650406504,265,0.8849712014198303,0.9649969935417176,0.9062402248382568,128,364.75,44963.583333333336,42,12,31,22,0.8363284468650818,0.9561447501182556,0.8496747016906738,0.7906890511512756,0.9211733937263488,0.8381587266921997
195,196,720,120,160,160,120,160,0,0.0,2,0.0099667774086378,4,0.0132890365448504,7,5,0.0166112956810631,3,0.0099667774086378,0.1428571428571428,40,5.714285714285714,19.204022556391017,2.2481203007518795,301,0.8285958766937256,0.968893826007843,0.8812792301177979,164,260.85714285714283,10435.47619047619,70,23,16,23,0.8034854531288147,0.95590740442276,0.8491283059120178,0.7967737317085266,0.9389531016349792,0.8601493835449219
196,197,600,120,120,120,160,80,0,0.0,0,0.0103448275862068,1,0.0034482758620689,9,2,0.0068965517241379,4,0.0137931034482758,0.1,31,3.1,37.84121428571429,2.1904761904761907,290,0.927619993686676,0.9863022565841676,0.9580114483833312,167,162.7,3089.3444444444444,60,22,8,17,0.8671139478683472,0.9660069346427916,0.8834530115127563,0.8648527264595032,0.9563511610031128,0.8944495916366577
197,198,880,160,160,200,200,160,0,0.0,5,0.0127388535031847,0,0.0,10,0,0.0,0,0.0,0.0,37,3.7,24.49341549295776,2.309859154929577,314,0.894460916519165,0.9755958914756776,0.9027081727981568,184,190.2,5373.066666666667,77,31,13,19,0.8651362061500549,0.9524900317192078,0.8671249151229858,0.8481617569923401,0.939140558242798,0.8746626377105713
198,199,720,120,200,160,120,120,0,0.0,2,0.0050251256281407,1,0.0025125628140703,8,2,0.0050251256281407,0,0.0,0.25,51,6.375,29.344256305638005,2.086053412462908,398,0.9070013761520386,0.974853217601776,0.9354522228240968,194,263.375,10848.267857142857,86,30,21,28,0.8511765003204346,0.9561564326286316,0.8688030242919922,0.8382806777954102,0.9378970861434937,0.8708823919296265
199,200,520,120,80,80,120,120,0,0.0,5,0.0053763440860215,1,0.0026881720430107,6,2,0.0053763440860215,2,0.0053763440860215,0.2857142857142857,26,3.7142857142857135,21.31858208955225,2.113432835820896,372,0.8698186874389648,0.9775034189224244,0.914479434490204,182,304.1428571428572,27977.809523809523,107,24,12,32,0.8279731273651123,0.9574294090270996,0.8631377220153809,0.8130136728286743,0.9400895833969116,0.8641799092292786
200,201,720,160,120,120,160,160,0,0.0,3,0.0106382978723404,0,0.0,8,0,0.0,0,0.0,0.25,27,3.375,30.214081632653095,2.212244897959184,282,0.9094153046607972,0.9740129113197328,0.9130122065544128,150,202.875,1192.125,74,18,7,18,0.8513739109039307,0.951223373413086,0.8692718744277954,0.8464440703392029,0.9380853176116944,0.8789401650428772
201,202,480,120,120,120,120,0,5,0.0245098039215686,3,0.0147058823529411,0,0.0,6,1,0.0049019607843137,8,0.0392156862745098,0.0,25,3.571428571428572,54.17467032967035,1.989010989010989,204,0.8512991666793823,0.961033821105957,0.8777440786361694,106,154.0,3820.6666666666665,42,9,28,18,0.8079220652580261,0.950326144695282,0.8481763601303101,0.7756162285804749,0.923765242099762,0.8400952816009521
202,203,560,120,120,120,120,80,0,0.0,7,0.0167597765363128,5,0.0139664804469273,11,1,0.0027932960893854,0,0.0,0.1818181818181818,45,4.090909090909091,43.535084228870176,2.0798722044728435,358,0.9398853182792664,0.9878297448158264,0.9607945680618286,194,181.8181818181818,4688.963636363636,84,23,14,33,0.8945609331130981,0.9674217700958252,0.9015398025512696,0.8792502284049988,0.9528279900550842,0.8992072939872742
203,204,600,120,160,120,120,80,0,0.0,0,0.0044052863436123,0,0.0,5,0,0.0,1,0.0044052863436123,0.0,37,6.166666666666667,41.63720268006701,2.0452261306532664,227,0.8849135041236877,0.9841884970664978,0.9272789359092712,139,199.83333333333331,15360.566666666668,61,7,12,20,0.8347418904304504,0.9666777849197388,0.8447527885437012,0.8185945749282837,0.9476770758628844,0.8499407768249512
204,205,520,80,120,120,80,120,0,0.0,7,0.0029673590504451,1,0.0029673590504451,12,2,0.0059347181008902,1,0.0029673590504451,0.1333333333333333,35,2.333333333333333,27.709241183162717,2.3754266211604094,337,0.8881836533546448,0.9764432907104492,0.8969942331314087,180,133.26666666666668,3862.209523809524,75,31,19,16,0.8744956254959106,0.9612610340118408,0.8960006833076477,0.8833591341972351,0.9564793705940248,0.9142783880233764
205,206,640,120,120,120,160,120,0,0.0,6,0.0037878787878787,0,0.0,11,0,0.0,0,0.0,0.0,40,3.636363636363636,47.879772727272766,2.1125,264,0.9101349711418152,0.9860806465148926,0.9469885230064392,126,134.0909090909091,1995.8909090909087,58,13,15,13,0.8449735641479492,0.9681106805801392,0.8703932166099548,0.8409181237220764,0.9542459845542908,0.8847104907035828
206,207,600,120,120,120,120,120,0,0.0,3,0.028735632183908,0,0.0,6,2,0.0114942528735632,0,0.0,0.0,22,3.6666666666666665,52.536979830148624,2.006369426751593,174,0.8726898431777954,0.9805352091789246,0.920795202255249,99,153.0,2171.2,31,12,12,16,0.8239378929138184,0.9671526551246644,0.8507577180862427,0.8001358509063721,0.9509648084640504,0.8543149828910828
207,208,600,160,120,80,120,120,0,0.0,5,0.0097087378640776,0,0.0,5,2,0.0064724919093851,0,0.0,0.2,27,5.4,2.8262068965517457,2.272030651340996,309,0.8719714283943176,0.972850739955902,0.9196433424949646,166,342.6,21194.3,61,30,13,22,0.8463876247406006,0.9587163329124452,0.8882544040679932,0.8529314994812012,0.9485056400299072,0.8962393403053284
208,209,320,120,40,40,80,40,0,0.0,1,0.0039840637450199,0,0.0,6,1,0.0039840637450199,4,0.0159362549800796,0.3333333333333333,30,5.0,36.8320778748181,2.0480349344978164,251,0.8986525535583496,0.9754812717437744,0.9252443313598632,114,233.16666666666663,9338.966666666667,49,24,23,23,0.8097561001777649,0.9461974501609802,0.8519946932792664,0.7861801385879517,0.9212396144866944,0.8400961756706238
209,210,240,80,40,40,80,0,2,0.0096618357487922,3,0.0193236714975845,1,0.0048309178743961,2,0,0.0,5,0.0241545893719806,1.5,17,8.5,-7.089999999999989,1.9333333333333331,207,0.8717278242111206,0.96897292137146,0.912881076335907,130,527.0,87362.0,45,10,11,15,0.839527428150177,0.9604604244232178,0.8514973521232605,0.8014100790023804,0.9285162687301636,0.824560284614563
210,211,0,0,0,0,0,0,0,0.0,4,0.0194174757281553,1,0.0048543689320388,6,3,0.0145631067961165,2,0.0097087378640776,0.0,24,3.4285714285714284,48.01334224598931,2.048128342245989,206,0.8254643082618713,0.9676986336708068,0.8969845175743103,131,163.28571428571428,7787.9047619047615,52,11,12,10,0.7521464824676514,0.9561188220977784,0.8286597728729248,0.7262803912162781,0.9362103939056396,0.8368783593177795
211,212,360,80,80,40,80,80,1,0.0046082949308755,1,0.0046082949308755,0,0.0,8,1,0.0046082949308755,6,0.0276497695852534,0.2222222222222222,29,3.2222222222222223,51.29281725888326,2.071065989847716,217,0.8803898096084595,0.9811360836029052,0.9408052563667296,125,129.33333333333334,3315.25,59,15,10,23,0.8307690620422363,0.9631022214889526,0.8682952523231506,0.820144534111023,0.9473704099655152,0.873469352722168
212,213,440,120,120,80,120,0,0,0.0,1,0.0098522167487684,3,0.0147783251231527,7,3,0.0147783251231527,3,0.0147783251231527,0.0,33,3.6666666666666665,45.23214859437752,2.174698795180723,203,0.856280505657196,0.9758335947990416,0.9402795433998108,120,124.22222222222224,3393.9444444444443,45,9,8,12,0.8203033208847046,0.959438681602478,0.868728518486023,0.8090295195579529,0.9443053603172302,0.870893657207489
213,214,560,120,120,120,120,80,0,0.0,6,0.0405405405405405,0,0.0,8,1,0.0045045045045045,2,0.009009009009009,0.1818181818181818,32,2.909090909090909,43.843073593073626,2.2169312169312168,222,0.9255260229110718,0.98712557554245,0.9540690183639526,133,110.72727272727272,3964.6181818181817,34,19,13,11,0.8497147560119629,0.9664196372032166,0.881127655506134,0.8422098755836487,0.9464926719665528,0.8732955455780029
214,215,480,160,80,80,120,40,1,0.0041322314049586,1,0.0041322314049586,1,0.0041322314049586,9,0,0.0,0,0.0,0.0,41,2.1578947368421053,58.26496499870368,2.123152709359606,242,0.871922492980957,0.9799787402153016,0.9084339737892152,142,65.73684210526316,944.9824561403508,39,14,15,20,0.8588943481445312,0.9622698426246644,0.8826619982719421,0.8528383374214172,0.9444679021835328,0.8829262256622314
215,216,720,160,160,200,200,0,0,0.0,6,0.0069767441860465,0,0.0,12,0,0.0,1,0.0023255813953488,0.1538461538461538,56,4.307692307692308,35.57430402930403,2.171957671957672,430,0.936586320400238,0.986991822719574,0.9340543746948242,202,187.46153846153845,5914.9358974358975,94,40,31,34,0.866331160068512,0.957129716873169,0.8791961669921875,0.8422003984451294,0.9413055777549744,0.8690093755722046
216,217,680,160,160,120,120,120,0,0.0,12,0.0193704600484261,3,0.0072639225181598,16,0,0.0,1,0.0024213075060532,0.0526315789473684,67,3.526315789473684,50.26455377574371,2.121739130434783,413,0.9013754725456238,0.9852540493011476,0.9419649243354796,204,116.52631578947368,4126.263157894737,73,35,27,33,0.8670604228973389,0.9645285606384276,0.886196494102478,0.8558328151702881,0.9515326023101808,0.8936342597007751
217,218,680,160,200,160,160,0,0,0.0,5,0.006578947368421,2,0.006578947368421,11,4,0.0131578947368421,1,0.0032894736842105,0.0,33,3.0,33.52772727272729,2.253787878787879,304,0.9184422492980956,0.9848462343215942,0.9273240566253662,159,158.1818181818182,2474.5636363636363,76,27,6,12,0.8852364420890808,0.9687325954437256,0.9028374552726746,0.8672876358032227,0.9519302248954772,0.9051516056060792
218,219,320,120,40,40,120,0,0,0.0,1,0.0069686411149825,0,0.0,6,3,0.0104529616724738,1,0.0034843205574912,0.1,36,3.6,64.28503012048196,1.8755020080321283,287,0.8853345513343811,0.977569818496704,0.939418613910675,129,135.9,10924.322222222225,68,6,12,15,0.8551946878433228,0.9660101532936096,0.882530927658081,0.8180698752403259,0.938994288444519,0.8711062073707581
219,220,520,120,80,80,120,120,0,0.0,1,0.0,0,0.0,4,0,0.0,1,0.0069930069930069,0.75,15,3.75,34.93365384615386,2.1384615384615384,143,0.89663165807724,0.981191635131836,0.9448605179786682,90,199.5,8316.333333333334,38,9,7,7,0.8338600993156433,0.9556697607040404,0.8545584082603455,0.8250743746757507,0.943156898021698,0.8597164154052734
220,221,560,120,120,120,120,80,0,0.0,1,0.0049382716049382,1,0.0024691358024691,11,4,0.0098765432098765,2,0.0049382716049382,0.1818181818181818,45,4.090909090909091,20.36355952070854,2.312320916905444,405,0.8833889961242676,0.9764397740364076,0.9168335795402528,191,212.1818181818182,4055.363636363637,79,26,13,20,0.8830879330635071,0.9653095602989196,0.9146078824996948,0.8700816631317139,0.959268033504486,0.9112825989723206
221,222,680,160,80,160,160,120,0,0.0,5,0.0033333333333333,2,0.0066666666666666,10,0,0.0,0,0.0,0.0909090909090909,35,3.1818181818181817,28.514759959141998,2.310861423220974,300,0.9207068085670472,0.9819202423095704,0.9453020691871644,170,164.0,8439.8,79,34,18,25,0.845025360584259,0.9560539722442628,0.8745282888412476,0.847108781337738,0.9436197876930236,0.8798643946647644
222,223,800,160,160,160,160,160,0,0.0,7,0.0059880239520958,1,0.0029940119760479,12,1,0.0029940119760479,1,0.0029940119760479,0.0833333333333333,42,3.5,31.8058764367816,2.2724137931034485,334,0.9145053029060364,0.985134482383728,0.9398621916770936,190,159.75,2356.568181818182,83,29,14,22,0.883414089679718,0.969749629497528,0.8991599678993225,0.8898986577987671,0.9550365209579468,0.912222683429718
223,224,680,160,120,120,160,120,1,0.0030864197530864,5,0.0308641975308641,0,0.0,10,1,0.0030864197530864,0,0.0,0.1818181818181818,48,4.363636363636363,56.93407455853501,1.9640287769784173,324,0.8725088834762573,0.9719926714897156,0.9043107628822328,163,148.8181818181818,5843.963636363636,45,22,22,30,0.8686175346374512,0.9681968688964844,0.8839074969291687,0.8403916954994202,0.9421160221099854,0.8841973543167114
224,225,520,120,120,160,120,0,0,0.0,1,0.0,0,0.0,8,1,0.0033222591362126,1,0.0033222591362126,0.25,43,5.375,36.940982142857145,2.095238095238096,301,0.8626977801322937,0.9766778349876404,0.9148180484771729,159,209.375,4361.982142857143,62,42,15,23,0.8424273729324341,0.9672319293022156,0.882588267326355,0.8170422315597534,0.9419904351234436,0.883222222328186
225,226,400,80,80,80,80,80,0,0.0,2,0.0128205128205128,0,0.0,7,4,0.017094017094017,0,0.0,0.1428571428571428,21,3.0,43.81632075471697,2.056603773584906,234,0.9020617604255676,0.9846203327178956,0.951302707195282,135,188.7142857142857,1844.571428571429,54,14,16,13,0.8392525911331177,0.959177017211914,0.8702996373176575,0.8215301632881165,0.94139301776886,0.8763271570205688
226,227,920,160,200,160,200,200,0,0.0,7,0.0059880239520958,1,0.0029940119760479,12,1,0.0029940119760479,1,0.0029940119760479,0.0833333333333333,42,3.5,31.8058764367816,2.2724137931034485,334,0.9145053029060364,0.985134482383728,0.9398621916770936,190,159.75,2356.568181818182,83,29,14,22,0.883414089679718,0.969749629497528,0.8991599678993225,0.8898986577987671,0.9550365209579468,0.912222683429718
227,228,560,120,120,120,120,80,0,0.0,2,0.0202020202020202,4,0.0134680134680134,8,4,0.0134680134680134,3,0.0101010101010101,0.1,46,4.6,58.3247317073171,1.9471544715447155,297,0.9104731678962708,0.9815472960472108,0.9387413859367372,151,148.8,2836.8444444444444,51,14,21,19,0.8622432947158813,0.9608253240585328,0.8781235814094543,0.8322739601135254,0.938024401664734,0.8728512525558472
228,229,280,80,40,40,80,40,0,0.0,2,0.0,2,0.009009009009009,7,0,0.0,0,0.0,0.0909090909090909,33,3.0,63.04000000000004,1.9747474747474747,222,0.9032217264175416,0.9793752431869508,0.9265590906143188,124,106.9090909090909,3121.690909090909,49,7,21,24,0.835679292678833,0.9607853293418884,0.8605108857154846,0.815350353717804,0.9383618235588074,0.8592656254768372
229,230,800,160,160,160,200,120,0,0.0,6,0.0171821305841924,2,0.0068728522336769,9,0,0.0,0,0.0,0.1111111111111111,37,4.111111111111111,37.78764478764478,2.146718146718147,291,0.8998334407806396,0.9791454672813416,0.9372194409370422,147,183.77777777777777,11383.194444444443,70,17,16,23,0.8672574162483215,0.966882348060608,0.8800426125526428,0.8543262481689453,0.9500918984413148,0.8856149911880493
230,231,0,0,0,0,0,0,0,0.0,2,0.0,0,0.0,5,1,0.0042735042735042,1,0.0042735042735042,0.4,39,7.8,31.136229665071824,2.071770334928229,234,0.9067582488059998,0.9823250770568848,0.9364749193191528,133,257.2,7722.7,53,20,16,21,0.8554663062095642,0.9614949822425842,0.8790963888168335,0.8347668051719666,0.944148063659668,0.8767535090446472
231,232,480,120,120,80,80,80,1,0.0075187969924812,0,0.0075187969924812,0,0.0,3,3,0.0225563909774436,1,0.0075187969924812,0.0,20,5.0,52.83855769230772,1.9658119658119655,133,0.8363242149353027,0.970938205718994,0.911001443862915,80,172.0,4842.0,23,7,7,16,0.7589665055274963,0.9478011727333068,0.8234437704086304,0.7460359930992126,0.9242592453956604,0.8257278203964233
232,233,520,120,120,120,120,40,0,0.0,3,0.0211640211640211,0,0.0,6,0,0.0,0,0.0,0.1428571428571428,24,3.4285714285714284,54.34526315789474,2.0058479532163744,189,0.9119081497192384,0.981608271598816,0.926871418952942,96,146.57142857142858,8595.285714285714,27,14,7,19,0.8481646180152893,0.9697237014770508,0.8714617490768433,0.8305917978286743,0.9480738639831544,0.8601967096328735
233,234,720,160,120,160,160,120,0,0.0,1,0.0078125,0,0.0,5,1,0.00390625,0,0.0,0.6,33,6.6,19.796230769230803,2.141025641025641,256,0.9157240986824036,0.9822391271591188,0.9382641911506652,138,291.6,6089.8,56,32,16,15,0.8677271008491516,0.9669011831283568,0.8780837059020996,0.8427726626396179,0.944737195968628,0.8755890727043152
234,235,520,120,120,120,120,40,0,0.0,3,0.0067340067340067,3,0.0101010101010101,9,1,0.0033670033670033,2,0.0067340067340067,0.2,36,3.6,39.41637951807232,2.1646586345381524,297,0.9040555953979492,0.9812383651733398,0.917016863822937,167,164.3,5380.011111111111,66,24,14,21,0.87473464012146,0.9635528326034546,0.8922051191329956,0.8504942059516907,0.9482200145721436,0.8906627893447876
235,236,0,0,0,0,0,0,5,0.0367647058823529,0,0.0,0,0.0,3,0,0.0,13,0.0955882352941176,0.0,11,3.6666666666666665,38.35860000000002,1.984,136,0.8328037261962891,0.9470552802085876,0.9015039801597596,91,239.33333333333331,12049.333333333334,33,5,8,11,0.7836198806762695,0.9315564036369324,0.829947829246521,0.7430362701416016,0.9002087712287903,0.8122433423995972
236,237,520,120,120,80,120,80,0,0.0,5,0.0033222591362126,0,0.0,9,0,0.0,0,0.0,0.1111111111111111,33,3.6666666666666665,38.520815972222245,2.13671875,301,0.921663463115692,0.9861579537391664,0.9513893723487854,169,182.88888888888889,4412.361111111111,73,28,12,14,0.8744304776191711,0.9586560130119324,0.8914011716842651,0.8773334622383118,0.9566563963890076,0.901620626449585
237,238,600,120,120,120,120,120,0,0.0,1,0.0053191489361702,0,0.0,6,0,0.0,0,0.0,0.0,24,3.0,54.85125000000004,2.05,188,0.879970908164978,0.97883540391922,0.929637849330902,97,118.25,3081.3571428571427,51,7,11,8,0.8446112275123596,0.965539276599884,0.8742401003837585,0.8400685787200928,0.9519070386886596,0.8835433721542358
238,239,480,120,120,80,120,40,0,0.0,3,0.0047619047619047,0,0.0,8,1,0.0047619047619047,1,0.0047619047619047,0.1818181818181818,32,2.909090909090909,48.823731501057104,2.1744186046511627,210,0.908593475818634,0.9797354936599731,0.9414420127868652,119,103.63636363636364,3125.6545454545453,45,18,8,10,0.8157145977020264,0.9528425335884094,0.8633624911308289,0.8169773817062378,0.9434006214141846,0.8744604587554932
239,240,840,200,200,200,120,120,0,0.0,6,0.0083333333333333,0,0.0,11,0,0.0,2,0.0055555555555555,0.0,37,3.083333333333333,41.96042993630577,2.127388535031847,360,0.9413888454437256,0.9885182976722716,0.9591377377510072,196,166.91666666666666,5900.44696969697,82,22,23,24,0.858715295791626,0.9564762115478516,0.8749449253082275,0.8437308073043823,0.9420598745346068,0.8776604533195496
240,241,480,120,120,80,80,80,0,0.0,1,0.0069930069930069,5,0.0174825174825174,11,1,0.0034965034965034,0,0.0,0.0,44,3.6666666666666665,53.78278508771932,2.0526315789473686,286,0.91052907705307,0.9839454293251038,0.9554238319396972,129,125.83333333333331,1860.3333333333333,74,15,14,12,0.8670985102653503,0.9668340682983398,0.8929925560951233,0.8426955342292786,0.947705090045929,0.8934364914894104
241,242,680,160,200,120,120,80,0,0.0,2,0.0,0,0.0,10,0,0.0,0,0.0,0.0,41,4.1,42.8686153846154,2.1538461538461537,267,0.8841933012008667,0.9731647968292236,0.8957306742668152,135,147.5,4793.611111111111,59,20,11,19,0.8656398057937622,0.9636975526809692,0.8798598647117615,0.8380680680274963,0.9399306178092957,0.8744598031044006
242,243,520,160,120,120,120,0,0,0.0,11,0.0163934426229508,0,0.0,12,3,0.0098360655737704,1,0.0032786885245901,0.0833333333333333,30,2.5,46.89269230769234,2.123076923076923,305,0.9369012117385864,0.9862797856330872,0.9475058317184448,158,136.41666666666666,3700.628787878788,63,13,12,21,0.840133786201477,0.955605924129486,0.869971513748169,0.8053632378578186,0.9330227375030518,0.8618342280387878
243,244,520,120,120,120,160,0,0,0.0,6,0.0171821305841924,2,0.0068728522336769,9,0,0.0,0,0.0,0.1111111111111111,37,4.111111111111111,37.78764478764478,2.146718146718147,291,0.8998334407806396,0.9791454672813416,0.9372194409370422,147,183.77777777777777,11383.194444444443,70,17,16,23,0.8672574162483215,0.966882348060608,0.8800426125526428,0.8543262481689453,0.9500918984413148,0.8856149911880493
244,245,720,160,160,160,160,80,0,0.0,6,0.014760147601476,3,0.011070110701107,9,2,0.007380073800738,0,0.0,0.0,39,4.333333333333333,32.29479674796751,2.227642276422764,271,0.9143474102020264,0.9821109175682068,0.9209086894989014,160,178.33333333333334,3703.5,58,26,14,18,0.8750696182250977,0.970906138420105,0.9020573496818542,0.8588073253631592,0.9512521624565125,0.9003084897994995
245,246,640,120,160,120,120,120,1,0.0038461538461538,3,0.0076923076923076,1,0.0038461538461538,8,1,0.0038461538461538,3,0.0115384615384615,0.0,27,3.375,38.81138771186441,2.1271186440677967,260,0.8317381739616394,0.9723276495933532,0.906101405620575,153,180.0,4487.142857142857,71,15,3,23,0.8178171515464783,0.9677059650421144,0.8683474659919739,0.7758988738059998,0.9443994164466858,0.8601065874099731
246,247,320,40,120,80,40,40,0,0.0,2,0.0132743362831858,1,0.0044247787610619,3,2,0.0088495575221238,5,0.0221238938053097,0.0,23,7.666666666666667,-12.082367601246077,2.2242990654205608,226,0.7502039670944214,0.9516792893409728,0.8691652417182922,142,465.6666666666667,56161.333333333336,54,21,11,16,0.709568202495575,0.941160261631012,0.7924129366874695,0.6691587567329407,0.9094103574752808,0.7905070781707764
247,248,360,120,40,40,120,40,0,0.0,4,0.0277777777777777,2,0.0111111111111111,6,4,0.0222222222222222,0,0.0,0.1666666666666666,23,3.8333333333333335,51.33501572327047,2.0125786163522013,180,0.86014723777771,0.9795097708702089,0.9107702374458312,101,157.0,3434.4,39,12,6,13,0.8185359239578247,0.9562447667121888,0.8382619619369507,0.8215083479881287,0.938912272453308,0.8530885577201843
248,249,640,160,160,160,160,0,0,0.0,9,0.0089020771513353,0,0.0,14,5,0.0148367952522255,2,0.0059347181008902,0.0,47,3.357142857142857,36.71470588235295,2.2450980392156863,337,0.8899076581001282,0.9776986837387084,0.905873715877533,187,138.5,1495.3461538461538,92,29,21,16,0.8619953989982605,0.9631295800209044,0.8836926817893982,0.853575587272644,0.9478219747543336,0.8850796222686768
249,250,600,160,120,120,120,80,1,0.0025641025641025,9,0.0179487179487179,3,0.0076923076923076,10,3,0.0076923076923076,5,0.0128205128205128,0.1428571428571428,46,3.2857142857142856,38.13108695652176,2.185507246376812,390,0.9110261797904968,0.9747971892356871,0.936420440673828,217,164.85714285714286,7847.67032967033,83,44,21,24,0.8744338750839233,0.9653973579406738,0.8882473111152649,0.8581703305244446,0.9442968368530272,0.8866889476776123
250,251,480,120,80,80,80,120,0,0.0,0,0.0,0,0.0,5,0,0.0,0,0.0,0.2,26,5.2,27.98668421052634,2.192982456140351,194,0.904763638973236,0.9821411967277528,0.9400128126144408,102,212.6,3330.8,43,15,12,22,0.8539100289344788,0.9593831300735474,0.870154082775116,0.8367902636528015,0.9369487166404724,0.8770394325256348
251,252,800,200,200,200,160,40,0,0.0,7,0.008130081300813,1,0.0020325203252032,12,0,0.0,0,0.0,0.1538461538461538,63,4.846153846153846,42.28667517316809,2.0473933649289098,492,0.9002568125724792,0.977059245109558,0.9292023181915284,222,198.92307692307693,8302.076923076924,89,38,30,40,0.8977671265602112,0.972856342792511,0.9161351323127748,0.8763473629951477,0.9533043503761292,0.90817791223526
252,253,600,120,120,80,160,120,0,0.0,3,0.0168918918918918,3,0.0101351351351351,9,0,0.0,0,0.0,0.0,31,3.4444444444444446,22.32274345774349,2.328185328185328,296,0.8970381021499634,0.9811970591545104,0.9383555054664612,151,198.77777777777777,7168.694444444444,66,27,23,18,0.8339903950691223,0.96051025390625,0.8583501577377319,0.8343737125396729,0.9496628046035768,0.8751100301742554
253,254,760,200,120,160,160,120,0,0.0,3,0.0028653295128939,2,0.0057306590257879,9,0,0.0,1,0.0028653295128939,0.2222222222222222,44,4.888888888888889,40.64099396521125,2.038338658146965,349,0.9523078203201294,0.9867544174194336,0.9524326920509338,187,216.66666666666663,2234.25,87,23,13,37,0.8653481006622314,0.9582393169403076,0.8825228214263916,0.8549557328224182,0.937112033367157,0.8821629881858826
254,255,360,120,40,40,120,40,0,0.0,2,0.0098039215686274,0,0.0,6,2,0.0065359477124183,1,0.0032679738562091,0.0,26,4.333333333333333,26.703333333333347,2.077777777777778,306,0.9056893587112428,0.9785870909690856,0.9330661296844482,154,279.3333333333333,13507.466666666667,69,36,13,25,0.8514520525932312,0.9641566276550292,0.8719902634620667,0.8234971761703491,0.9457968473434448,0.8744833469390869
255,256,640,120,120,160,160,80,0,0.0,2,0.0,0,0.0,5,1,0.0042735042735042,1,0.0042735042735042,0.4,39,7.8,31.136229665071824,2.071770334928229,234,0.9067582488059998,0.9823250770568848,0.9364749193191528,133,257.2,7722.7,53,20,16,21,0.8554663062095642,0.9614949822425842,0.8790963888168335,0.8347668051719666,0.944148063659668,0.8767535090446472
256,257,640,160,120,120,160,80,0,0.0,3,0.0037735849056603,3,0.0113207547169811,8,1,0.0037735849056603,1,0.0037735849056603,0.0,27,3.375,31.23139013452914,2.2242152466367715,265,0.9329782724380492,0.9838421940803528,0.9467257261276244,145,190.875,3554.9821428571427,70,19,10,20,0.8540875315666199,0.9572716355323792,0.8779502511024475,0.8604950308799744,0.9426626563072203,0.8876796960830688
257,258,360,120,40,40,120,40,0,0.0,0,0.0,1,0.0047846889952153,6,0,0.0,2,0.0095693779904306,0.0,19,3.1666666666666665,36.2300675675676,2.135135135135135,209,0.7984523773193359,0.957665741443634,0.8536853790283203,131,192.66666666666663,5955.466666666666,56,13,9,10,0.7962777614593506,0.9539441466331482,0.8364214897155762,0.8035211563110352,0.9423617124557496,0.8575221300125122
258,259,440,120,80,80,120,40,0,0.0,0,0.0088888888888888,2,0.0088888888888888,4,1,0.0044444444444444,0,0.0,0.5,28,7.0,27.70075000000002,2.005,225,0.8956859111785889,0.9766151905059814,0.919456422328949,126,306.25,28720.916666666668,47,14,12,19,0.8566039204597473,0.9660924673080444,0.888897716999054,0.8183827996253967,0.9403314590454102,0.8712714910507202
259,260,520,120,120,120,120,40,0,0.0,1,0.0038461538461538,0,0.0,8,3,0.0115384615384615,2,0.0076923076923076,0.125,29,3.625,41.45871044303798,2.092827004219409,260,0.8672836422920227,0.972902774810791,0.9076891541481018,147,178.25,11207.357142857143,56,22,13,22,0.8473832011222839,0.9652152061462402,0.875828742980957,0.8215084075927734,0.9434834718704224,0.8709766268730164
260,261,680,160,120,160,120,120,0,0.0,8,0.0114942528735632,1,0.0028735632183908,13,1,0.0028735632183908,0,0.0,0.0769230769230769,38,2.923076923076923,44.13338056680165,2.138157894736842,348,0.8990849852561951,0.9803506731987,0.9302444458007812,163,143.46153846153845,3577.102564102564,86,19,11,19,0.8551937937736511,0.9661591053009032,0.890140175819397,0.8533207178115845,0.9488643407821656,0.8926175236701965
261,262,680,160,200,120,120,80,1,0.0041322314049586,1,0.0041322314049586,1,0.0041322314049586,9,0,0.0,0,0.0,0.0,41,2.1578947368421053,58.26496499870368,2.123152709359606,242,0.871922492980957,0.9799787402153016,0.9084339737892152,142,65.73684210526316,944.9824561403508,39,14,15,20,0.8588943481445312,0.9622698426246644,0.8826619982719421,0.8528383374214172,0.9444679021835328,0.8829262256622314
262,263,720,160,120,160,160,120,0,0.0,3,0.0045045045045045,1,0.0045045045045045,9,1,0.0045045045045045,1,0.0045045045045045,0.2,28,2.8,51.48551546391754,2.0927835051546397,222,0.9213661551475524,0.986245095729828,0.9421952366828918,123,120.9,2514.5444444444443,47,21,11,14,0.8379626274108887,0.959671139717102,0.8717349767684937,0.836927592754364,0.9490727186203004,0.879278302192688
263,264,400,120,40,80,80,80,1,0.0045454545454545,2,0.009090909090909,2,0.009090909090909,7,2,0.009090909090909,1,0.0045454545454545,0.1428571428571428,23,3.2857142857142856,67.61081081081083,1.8216216216216217,220,0.8393855690956116,0.96459299325943,0.8776178359985352,108,147.71428571428572,4271.571428571428,36,12,14,20,0.8230158090591431,0.9609628319740297,0.8517475128173828,0.7959446310997009,0.9280310273170472,0.851254940032959
264,265,680,160,120,160,120,120,0,0.0,5,0.0,1,0.003030303030303,12,1,0.003030303030303,0,0.0,0.2307692307692307,44,3.3846153846153846,20.861153846153872,2.4326241134751774,330,0.9235647916793824,0.9878811836242676,0.949537992477417,197,150.84615384615384,3012.141025641026,81,31,29,19,0.8487565517425537,0.9617852568626404,0.8779433369636536,0.8354269862174988,0.943121075630188,0.876836359500885
265,266,720,120,120,120,160,200,0,0.0,0,0.0,4,0.0150375939849624,8,1,0.0037593984962406,0,0.0,0.1818181818181818,41,3.727272727272727,48.44561703002881,2.122171945701357,266,0.9151993989944458,0.9814046621322632,0.9408034682273864,139,129.8181818181818,3225.3636363636365,55,23,14,15,0.8797970414161682,0.9661282300949096,0.890049934387207,0.8644849061965942,0.9447946548461914,0.8913590312004089
266,267,600,120,120,120,120,120,0,0.0,3,0.0076628352490421,2,0.0076628352490421,7,0,0.0,0,0.0,0.1428571428571428,34,4.857142857142857,43.42021739130438,2.030434782608696,261,0.9118372201919556,0.9838917255401612,0.9209080934524536,126,196.0,4637.0,56,15,20,16,0.8782603144645691,0.9690947532653807,0.9005200862884521,0.8523047566413879,0.9453754425048828,0.8961355090141296
267,268,480,120,120,80,80,80,0,0.0,10,0.0162162162162162,0,0.0,8,0,0.0,0,0.0,0.375,43,5.375,35.071226340694,2.0378548895899056,370,0.8996722102165222,0.9825788140296936,0.937661588191986,197,245.25,10192.785714285714,66,26,25,21,0.8569406270980835,0.9582338333129884,0.8684197068214417,0.8469133973121643,0.9413766264915466,0.8763155937194824
268,269,320,80,80,40,80,40,0,0.0,8,0.0217864923747276,8,0.0174291938997821,13,4,0.008714596949891,0,0.0,0.2307692307692307,51,3.923076923076923,41.47347362062024,2.083769633507853,459,0.920590341091156,0.983390212059021,0.9411671161651612,214,186.6153846153846,3772.089743589744,86,38,27,22,0.8615526556968689,0.9650164246559144,0.8925382494926453,0.8527106642723083,0.9436346292495728,0.88723224401474
269,270,0,0,0,0,0,0,0,0.0,3,0.0078431372549019,0,0.0,4,3,0.0117647058823529,1,0.0039215686274509,0.2,24,4.8,29.353097560975637,2.0040650406504064,255,0.7373893857002258,0.9549707174301147,0.8604850172996521,149,282.8,31659.7,65,20,15,13,0.718070924282074,0.9459291696548462,0.7890448570251465,0.6989527940750122,0.9174923300743104,0.7930552959442139
270,271,720,200,120,200,200,0,0,0.0,3,0.0136054421768707,1,0.0022675736961451,13,0,0.0,0,0.0,0.2307692307692307,49,3.769230769230769,44.285478328777856,2.053299492385787,441,0.9347705841064452,0.9853318333625792,0.9464705586433412,231,178.84615384615384,3833.641025641026,111,25,29,22,0.8736412525177002,0.963297426700592,0.8968515992164612,0.8590399026870728,0.9409701228141784,0.8883596062660217
271,272,0,0,0,0,0,0,0,0.0,1,0.0038461538461538,0,0.0,8,3,0.0115384615384615,2,0.0076923076923076,0.125,29,3.625,41.45871044303798,2.092827004219409,260,0.8672836422920227,0.972902774810791,0.9076891541481018,147,178.25,11207.357142857143,56,22,13,22,0.8473832011222839,0.9652152061462402,0.875828742980957,0.8215084075927734,0.9434834718704224,0.8709766268730164
272,273,680,120,120,160,120,160,0,0.0,7,0.015625,1,0.0026041666666666,12,1,0.0026041666666666,1,0.0026041666666666,0.1666666666666666,44,3.6666666666666665,37.71476226993865,2.1625766871165646,384,0.9011142253875732,0.9780056476593018,0.9332368969917296,167,176.91666666666666,4822.992424242424,80,35,26,15,0.8614572882652283,0.9652652740478516,0.8815281391143799,0.8554959893226624,0.9518966674804688,0.8966873288154602
273,274,440,120,80,80,120,40,1,0.0075187969924812,0,0.0075187969924812,0,0.0,3,3,0.0225563909774436,1,0.0075187969924812,0.0,20,5.0,52.83855769230772,1.9658119658119655,133,0.8363242149353027,0.970938205718994,0.911001443862915,80,172.0,4842.0,23,7,7,16,0.7589665055274963,0.9478011727333068,0.8234437704086304,0.7460359930992126,0.9242592453956604,0.8257278203964233
274,275,640,120,120,120,120,160,0,0.0,0,0.0,0,0.0,12,2,0.0068493150684931,0,0.0,0.0,40,2.5,53.2217875,2.124,292,0.915598452091217,0.9849035739898682,0.9419622421264648,156,97.25,1653.9333333333334,72,11,17,11,0.836268961429596,0.9612481594085692,0.8723660707473755,0.8431262969970703,0.9503094553947448,0.8867737054824829
275,276,680,160,160,160,160,40,0,0.0,5,0.0076923076923076,3,0.0057692307692307,15,2,0.0038461538461538,0,0.0,0.125,70,4.375,47.2394526006712,2.0447427293064875,520,0.8801407217979431,0.9789174199104308,0.9380985498428344,241,170.125,7842.25,131,32,26,39,0.876435399055481,0.9695022106170654,0.9003344774246216,0.8503681421279907,0.946504533290863,0.8949475288391113
276,277,400,120,40,40,160,40,0,0.0,3,0.0168918918918918,3,0.0101351351351351,9,0,0.0,0,0.0,0.0,31,3.4444444444444446,22.32274345774349,2.328185328185328,296,0.8970381021499634,0.9811970591545104,0.9383555054664612,151,198.77777777777777,7168.694444444444,66,27,23,18,0.8339903950691223,0.96051025390625,0.8583501577377319,0.8343737125396729,0.9496628046035768,0.8751100301742554
277,278,400,120,40,40,160,40,0,0.0,9,0.0,0,0.0,6,1,0.0043103448275862,3,0.0129310344827586,0.5,38,6.333333333333333,41.60121794871797,2.0336538461538463,232,0.8655843138694763,0.98158460855484,0.919731855392456,138,210.16666666666663,4788.566666666667,46,16,23,16,0.8043708205223083,0.9631924629211426,0.8645740747451782,0.7696367502212524,0.9404245018959044,0.8450527787208557
278,279,160,40,40,40,0,40,0,0.0,1,0.0,0,0.0,3,0,0.0,0,0.0,0.2,19,3.8,57.407773109243706,1.9747899159663864,143,0.8200259804725647,0.9676010608673096,0.8879784941673279,76,138.8,8529.2,30,9,7,16,0.7718427181243896,0.9531604051589966,0.8275596499443054,0.7587698698043823,0.9381039142608644,0.8329552412033081
279,280,840,160,200,160,160,160,0,0.0,7,0.008130081300813,1,0.0020325203252032,12,0,0.0,0,0.0,0.1538461538461538,63,4.846153846153846,42.28667517316809,2.0473933649289098,492,0.9002568125724792,0.977059245109558,0.9292023181915284,222,198.92307692307693,8302.076923076924,89,38,30,40,0.8977671265602112,0.972856342792511,0.9161351323127748,0.8763473629951477,0.9533043503761292,0.90817791223526
280,281,1000,200,200,200,200,200,0,0.0,8,0.010204081632653,1,0.0020408163265306,6,0,0.0,2,0.0040816326530612,0.0,48,8.0,-11.97286384976526,2.223004694835681,490,0.9426766633987428,0.9884223341941832,0.9580923318862916,222,463.3333333333333,40300.66666666666,114,45,23,26,0.8884868621826172,0.9679386615753174,0.9033315181732178,0.8790197968482971,0.95492821931839,0.8886557221412659
281,282,680,160,120,160,160,80,0,0.0,2,0.0,0,0.0,11,0,0.0,0,0.0,0.0,38,3.4545454545454546,34.71655244755247,2.1753846153846155,363,0.9388138055801392,0.9904732704162598,0.9563143849372864,191,185.72727272727272,9487.818181818182,84,19,18,18,0.8581876158714294,0.9652280211448668,0.8829225897789001,0.8410145044326782,0.9492676854133606,0.8766606450080872
282,283,760,160,160,200,160,80,0,0.0,10,0.0043763676148796,1,0.0021881838074398,13,0,0.0,0,0.0,0.0,48,3.692307692307693,24.11933734939759,2.272289156626506,457,0.9510050415992736,0.9886897206306458,0.9546387195587158,226,210.46153846153845,7128.4358974358975,122,42,15,26,0.8672770857810974,0.9583693742752076,0.8872623443603516,0.8609374165534973,0.9471206665039062,0.8886332511901855
283,284,680,120,160,160,160,80,0,0.0,6,0.0174216027874564,0,0.0,9,1,0.0034843205574912,1,0.0034843205574912,0.1111111111111111,35,3.888888888888889,32.832231219073336,2.2186234817813766,287,0.9232724905014038,0.978476881980896,0.9490927457809448,163,177.33333333333334,20990.75,74,31,13,17,0.8389575481414795,0.954530954360962,0.8688293695449829,0.8416461944580078,0.9446914196014404,0.8812950253486633
284,285,720,160,160,160,120,120,0,0.0,6,0.0045351473922902,0,0.0,11,2,0.0045351473922902,0,0.0,0.0833333333333333,49,4.083333333333333,44.48342105263159,2.031578947368421,441,0.907936692237854,0.9879803657531738,0.9361668825149536,204,193.58333333333331,7614.992424242424,98,27,13,23,0.8553349375724792,0.9632369875907898,0.8882121443748474,0.8653449416160583,0.9561412930488586,0.8997763991355896
285,286,480,120,120,120,120,0,0,0.0,3,0.0,1,0.0043290043290043,8,0,0.0,0,0.0,0.0,31,3.875,34.32999365482235,2.238578680203046,231,0.883638858795166,0.9814924001693726,0.9415944814682008,119,161.375,2588.553571428572,52,19,6,13,0.8416609168052673,0.9659756422042848,0.8777838349342346,0.8441686034202576,0.9553203582763672,0.8878334164619446
286,287,520,80,120,80,120,120,0,0.0,7,0.0092807424593967,2,0.0046403712296983,12,3,0.0069605568445475,1,0.0023201856148491,0.0714285714285714,52,3.7142857142857135,49.23590336134457,2.044817927170868,431,0.8907734155654907,0.980771005153656,0.9355062246322632,185,154.5,8083.192307692308,92,26,24,24,0.8560482263565063,0.9700616002082824,0.8993101716041565,0.8463600277900696,0.9533055424690248,0.8996101021766663
287,288,640,120,120,160,160,80,0,0.0,5,0.0076923076923076,3,0.0057692307692307,15,2,0.0038461538461538,0,0.0,0.125,70,4.375,47.2394526006712,2.0447427293064875,520,0.8801407217979431,0.9789174199104308,0.9380985498428344,241,170.125,7842.25,131,32,26,39,0.876435399055481,0.9695022106170654,0.9003344774246216,0.8503681421279907,0.946504533290863,0.8949475288391113
288,289,0,0,0,0,0,0,1,0.0041322314049586,1,0.0041322314049586,1,0.0041322314049586,9,0,0.0,0,0.0,0.0,41,2.1578947368421053,58.26496499870368,2.123152709359606,242,0.871922492980957,0.9799787402153016,0.9084339737892152,142,65.73684210526316,944.9824561403508,39,14,15,20,0.8588943481445312,0.9622698426246644,0.8826619982719421,0.8528383374214172,0.9444679021835328,0.8829262256622314
289,290,720,200,200,160,160,0,0,0.0,7,0.0072815533980582,0,0.0,11,1,0.0024271844660194,0,0.0,0.4545454545454545,47,4.2727272727272725,33.7309090909091,2.13031914893617,412,0.928283154964447,0.9829463958740234,0.9439816474914552,207,210.0909090909091,14869.89090909091,94,28,21,25,0.8926056623458862,0.9667115211486816,0.9064321517944336,0.8707870244979858,0.9478482604026794,0.9005838632583618
290,291,560,120,160,120,160,0,0,0.0,6,0.010840108401084,0,0.0,12,2,0.005420054200542,3,0.008130081300813,0.0,42,3.5,29.985424311926607,2.259938837920489,369,0.9257055521011353,0.9829381108283995,0.9525978565216064,188,174.08333333333334,6571.901515151515,87,31,19,31,0.8799719214439392,0.9616231322288512,0.8948874473571777,0.8534068465232849,0.9474537372589112,0.9022429585456848
291,292,280,40,80,120,40,0,0,0.0,4,0.0,1,0.0023041474654377,9,0,0.0,0,0.0,0.2222222222222222,45,5.0,28.128394744358783,2.082262210796915,434,0.8947309255599976,0.979809820652008,0.9305479526519777,221,265.0,8405.0,106,29,7,30,0.8574709892272949,0.9569103717803956,0.8720124363899231,0.8578974604606628,0.9452490210533142,0.8919543623924255
292,293,1000,200,200,200,200,200,0,0.0,1,0.00390625,0,0.0,6,0,0.0,0,0.0,0.0,34,2.833333333333333,30.528151408450704,2.3615023474178405,256,0.9191284775733948,0.982776403427124,0.9453643560409546,158,121.58333333333331,15171.35606060606,54,28,19,15,0.8583443760871887,0.9610543847084044,0.8812361359596252,0.8438498377799988,0.94021075963974,0.8684871196746826
293,294,760,200,120,120,200,120,0,0.0,5,0.0033222591362126,0,0.0,9,0,0.0,0,0.0,0.1111111111111111,33,3.6666666666666665,38.520815972222245,2.13671875,301,0.921663463115692,0.9861579537391664,0.9513893723487854,169,182.88888888888889,4412.361111111111,73,28,12,14,0.8744304776191711,0.9586560130119324,0.8914011716842651,0.8773334622383118,0.9566563963890076,0.901620626449585
294,295,600,120,120,160,160,40,0,0.0,4,0.0077519379844961,1,0.003875968992248,6,4,0.0155038759689922,4,0.0155038759689922,0.1428571428571428,37,5.285714285714286,28.768700440528647,2.20704845814978,258,0.932420551776886,0.9859438538551332,0.9591506123542786,122,207.42857142857144,9343.952380952382,61,25,8,24,0.8565744161605835,0.9664050936698914,0.8959960341453552,0.8584581017494202,0.9532447457313538,0.9037063121795654
295,296,0,0,0,0,0,0,0,0.0,2,0.0060240963855421,0,0.0,5,0,0.0,5,0.0301204819277108,0.1666666666666666,17,2.833333333333333,53.019333333333336,2.006666666666667,166,0.8773698806762695,0.972082793712616,0.9247310161590576,91,147.66666666666666,2386.6666666666665,36,5,4,18,0.8103839159011841,0.9481584429740906,0.8336873054504395,0.775812566280365,0.9266709089279176,0.8412665724754333
296,297,680,120,120,160,160,120,0,0.0,5,0.0104529616724738,0,0.0,7,1,0.0034843205574912,1,0.0034843205574912,0.2857142857142857,30,4.285714285714286,36.607031250000034,2.06640625,287,0.8935139179229736,0.9809348583221436,0.9462345242500304,157,219.14285714285717,8056.476190476191,72,25,4,24,0.8715323209762573,0.9707605242729188,0.8825201392173767,0.8375957608222961,0.9474415183067322,0.8788118362426758
297,298,440,80,80,120,80,80,0,0.0,5,0.003731343283582,0,0.0,11,1,0.003731343283582,3,0.0111940298507462,0.1428571428571428,34,2.4285714285714284,44.191451965065504,2.222707423580786,268,0.8717374801635742,0.9757398962974548,0.9111713171005248,152,104.42857142857144,1503.6483516483515,69,15,11,12,0.8317508101463318,0.9607331156730652,0.8815730214118958,0.8091209530830383,0.9441241025924684,0.8765450716018677
298,299,720,160,160,120,160,120,0,0.0,6,0.0152905198776758,0,0.0,7,3,0.0091743119266055,0,0.0,0.2857142857142857,41,5.857142857142857,23.084790209790206,2.174825174825175,327,0.9226037859916688,0.9798892736434937,0.9452822804450988,157,262.85714285714283,4697.476190476191,68,16,27,20,0.8447955846786499,0.9493727684020996,0.8726164102554321,0.7971213459968567,0.927690088748932,0.8561179041862488
299,300,800,160,160,160,160,160,0,0.0,1,0.0060240963855421,1,0.003012048192771,9,2,0.0060240963855421,0,0.0,0.2,42,4.2,28.07544630872483,2.248322147651007,332,0.8979766368865967,0.9788641929626464,0.9059064388275146,173,194.0,9768.888888888889,75,18,17,25,0.8710651397705078,0.9648650288581848,0.8679504990577698,0.85008704662323,0.9459786415100098,0.8762058019638062
300,301,560,160,120,80,120,80,0,0.0,2,0.0111111111111111,2,0.0055555555555555,11,0,0.0,1,0.0027777777777777,0.1666666666666666,47,3.9166666666666665,44.64548160173163,2.1006493506493507,360,0.9138970971107484,0.9808497428894044,0.9459749460220336,187,163.0,7371.818181818182,72,33,20,18,0.8633362650871277,0.962410569190979,0.8848966956138611,0.854328989982605,0.9453393220901488,0.8874891996383667
301,302,640,160,120,120,120,120,0,0.0,11,0.0047846889952153,0,0.0,13,1,0.0023923444976076,0,0.0,0.1538461538461538,53,4.076923076923077,23.171902834008105,2.3157894736842106,418,0.8764598965644836,0.978087306022644,0.9127523899078368,220,192.92307692307693,3322.4102564102564,96,32,20,32,0.883604109287262,0.9711105823516846,0.8985418081283569,0.8481828570365906,0.9507849216461182,0.8797784447669983
302,303,640,160,120,160,120,80,0,0.0,2,0.012012012012012,1,0.003003003003003,7,1,0.003003003003003,4,0.012012012012012,0.3333333333333333,43,4.777777777777778,49.96869883040937,1.944078947368421,333,0.879768967628479,0.9745068550109864,0.9279938340187072,175,193.66666666666663,21087.75,80,26,18,20,0.8559866547584534,0.9665706753730774,0.8828657269477844,0.8295491933822632,0.9420855045318604,0.8784652948379517
303,304,560,80,120,120,120,120,0,0.0,4,0.0163934426229508,0,0.0,5,0,0.0,0,0.0,0.6,27,5.4,27.17925118483416,2.113744075829384,244,0.8705875277519226,0.9714139699935912,0.9008232951164246,128,257.2,1412.7,53,14,8,16,0.8689568042755127,0.9736046195030212,0.895774781703949,0.8374534249305725,0.9457248449325562,0.8857782483100891
304,305,680,160,120,120,160,120,0,0.0,3,0.0078947368421052,0,0.0,14,3,0.0078947368421052,0,0.0,0.0714285714285714,49,3.5,54.6179024767802,2.015479876160991,380,0.9160190224647522,0.982386350631714,0.94016033411026,194,140.35714285714286,2751.016483516484,81,25,22,21,0.8703335523605347,0.9664890170097352,0.8936159014701843,0.8589835166931152,0.946268618106842,0.8908236026763916
305,306,760,120,200,120,120,200,0,0.0,2,0.0126582278481012,0,0.0,5,0,0.0,2,0.0084388185654008,0.2,26,5.2,36.39843062200961,2.0095693779904304,237,0.8792985677719116,0.9762723445892334,0.929853856563568,133,246.6,777.8,53,13,11,24,0.8693377375602722,0.9662656784057616,0.8709641098976135,0.8598851561546326,0.9437100291252136,0.8758196234703064
306,307,240,120,40,40,40,0,0,0.0,1,0.0091324200913242,0,0.0,6,2,0.0091324200913242,12,0.0547945205479452,0.0,24,4.0,30.262891156462597,2.183673469387755,219,0.8759921193122864,0.9695658087730408,0.923407793045044,128,206.83333333333331,11531.366666666669,59,12,6,9,0.7866880893707275,0.9471827149391174,0.8163110017776489,0.7688143849372864,0.9271475672721864,0.834297776222229
307,308,0,0,0,0,0,0,0,0.0,2,0.0052631578947368,0,0.0,5,1,0.0052631578947368,0,0.0,0.2,21,4.2,30.92742857142862,2.1726190476190474,190,0.8972427248954773,0.9787352085113524,0.9135249853134156,117,208.2,8263.7,46,15,7,14,0.8582978248596191,0.970297873020172,0.8769298195838928,0.8054682016372681,0.946609377861023,0.868225634098053
308,309,600,120,120,120,120,120,0,0.0,0,0.0088888888888888,2,0.0088888888888888,4,1,0.0044444444444444,0,0.0,0.5,28,7.0,27.70075000000002,2.005,225,0.8956859111785889,0.9766151905059814,0.919456422328949,126,306.25,28720.916666666668,47,14,12,19,0.8566039204597473,0.9660924673080444,0.888897716999054,0.8183827996253967,0.9403314590454102,0.8712714910507202
309,310,680,160,120,160,200,40,0,0.0,9,0.0053619302949061,1,0.002680965147453,12,1,0.002680965147453,3,0.0080428954423592,0.0769230769230769,47,3.615384615384616,25.74959475855375,2.3406940063091484,373,0.9482406973838806,0.9891348481178284,0.9586081504821776,194,168.23076923076923,4985.358974358975,81,33,23,24,0.8550450205802917,0.9578772187232972,0.8802181482315063,0.8342702388763428,0.9415524005889891,0.8706637024879456
310,311,520,120,120,80,120,80,0,0.0,5,0.006578947368421,2,0.006578947368421,11,4,0.0131578947368421,1,0.0032894736842105,0.0,33,3.0,33.52772727272729,2.253787878787879,304,0.9184422492980956,0.9848462343215942,0.9273240566253662,159,158.1818181818182,2474.5636363636363,76,27,6,12,0.8852364420890808,0.9687325954437256,0.9028374552726746,0.8672876358032227,0.9519302248954772,0.9051516056060792
311,312,640,160,120,120,120,120,1,0.0025641025641025,9,0.0179487179487179,3,0.0076923076923076,10,3,0.0076923076923076,5,0.0128205128205128,0.1428571428571428,46,3.2857142857142856,38.13108695652176,2.185507246376812,390,0.9110261797904968,0.9747971892356871,0.936420440673828,217,164.85714285714286,7847.67032967033,83,44,21,24,0.8744338750839233,0.9653973579406738,0.8882473111152649,0.8581703305244446,0.9442968368530272,0.8866889476776123
312,313,440,120,120,120,80,0,0,0.0,4,0.0229885057471264,1,0.003831417624521,7,1,0.003831417624521,1,0.003831417624521,0.1428571428571428,34,4.857142857142857,58.24827586206899,1.853448275862069,261,0.862911581993103,0.965438961982727,0.9014331698417664,136,190.0,4207.0,53,14,13,19,0.8555083870887756,0.9633634090423584,0.8804755210876465,0.8005774021148682,0.9279741644859314,0.8473993539810181
313,314,840,160,200,160,200,120,0,0.0,5,0.0050251256281407,3,0.007537688442211,13,0,0.0,2,0.0050251256281407,0.1333333333333333,49,3.2666666666666666,30.69979941002953,2.3008849557522124,398,0.9246699213981628,0.9846234917640686,0.9457226395606996,221,152.73333333333332,5461.780952380952,95,38,19,17,0.8567098379135132,0.961272120475769,0.8864796161651611,0.8505232930183411,0.9473358988761902,0.8888260126113892
314,315,480,120,120,80,80,80,0,0.0,11,0.0163934426229508,0,0.0,12,3,0.0098360655737704,1,0.0032786885245901,0.0833333333333333,30,2.5,46.89269230769234,2.123076923076923,305,0.9369012117385864,0.9862797856330872,0.9475058317184448,158,136.41666666666666,3700.628787878788,63,13,12,21,0.840133786201477,0.955605924129486,0.869971513748169,0.8053632378578186,0.9330227375030518,0.8618342280387878
315,316,400,160,40,40,120,40,0,0.0,7,0.0,0,0.0,5,1,0.0044843049327354,0,0.0,0.0,22,4.4,33.00900000000002,2.0904255319148937,223,0.8850775957107544,0.9704888463020324,0.911157488822937,123,240.2,2598.2,58,13,7,14,0.8039664030075073,0.9491431713104248,0.8349034190177917,0.7818021774291992,0.9238292574882508,0.8357096910476685
316,317,720,160,160,120,160,120,0,0.0,1,0.0039840637450199,0,0.0,9,3,0.0119521912350597,0,0.0,0.1111111111111111,39,4.333333333333333,60.5582816537468,1.9348837209302323,251,0.8979426026344299,0.9794963002204896,0.942367672920227,136,140.77777777777777,1114.9444444444443,57,15,17,18,0.8698626160621643,0.9712650775909424,0.8955454230308533,0.84711754322052,0.9470142722129822,0.8830335736274719
317,318,520,80,120,80,120,120,0,0.0,3,0.0030959752321981,1,0.0030959752321981,9,0,0.0,1,0.0030959752321981,0.2727272727272727,38,3.4545454545454546,51.6744121667806,2.0338345864661656,323,0.8670819997787476,0.9716748595237732,0.9211283922195436,154,148.8181818181818,7685.363636363636,77,20,24,11,0.8324358463287354,0.9602072834968568,0.8527224063873291,0.8060784935951233,0.9357092976570128,0.8531094789505005
318,319,680,160,120,160,160,80,0,0.0,3,0.0076628352490421,2,0.0076628352490421,7,0,0.0,0,0.0,0.1428571428571428,34,4.857142857142857,43.42021739130438,2.030434782608696,261,0.9118372201919556,0.9838917255401612,0.9209080934524536,126,196.0,4637.0,56,15,20,16,0.8782603144645691,0.9690947532653807,0.9005200862884521,0.8523047566413879,0.9453754425048828,0.8961355090141296
319,320,240,80,40,40,80,0,0,0.0,2,0.0060240963855421,0,0.0,5,0,0.0,5,0.0301204819277108,0.1666666666666666,17,2.833333333333333,53.019333333333336,2.006666666666667,166,0.8773698806762695,0.972082793712616,0.9247310161590576,91,147.66666666666666,2386.6666666666665,36,5,4,18,0.8103839159011841,0.9481584429740906,0.8336873054504395,0.775812566280365,0.9266709089279176,0.8412665724754333
320,321,520,120,120,160,120,0,0,0.0,1,0.0094786729857819,5,0.0236966824644549,8,0,0.0,0,0.0,0.0,33,4.125,38.95760838150291,2.213872832369942,211,0.9236911535263062,0.9893168210983276,0.9576588869094848,107,145.625,414.8392857142857,47,13,13,8,0.8342397809028625,0.9657608270645142,0.8862242698669434,0.8555554151535034,0.9574875235557556,0.9035762548446656
321,322,400,160,40,40,120,40,0,0.0,6,0.0031645569620253,1,0.0031645569620253,9,2,0.0063291139240506,0,0.0,0.0909090909090909,34,3.090909090909091,26.93049029622068,2.3295880149812733,316,0.909479022026062,0.9790602326393129,0.945076823234558,157,163.0909090909091,12147.290909090909,80,24,14,26,0.8611067533493042,0.959928035736084,0.8789002895355225,0.8441504836082458,0.9452320337295532,0.8862729668617249
322,323,0,0,0,0,0,0,0,0.0,3,0.0037453183520599,0,0.0,3,16,0.0599250936329588,6,0.0224719101123595,0.0,31,10.333333333333334,-31.6150524934383,2.2992125984251968,267,0.7917230129241943,0.963638186454773,0.884946882724762,175,557.3333333333334,87702.33333333333,57,23,26,14,0.731408953666687,0.9478412866592408,0.8146902322769165,0.7065565586090088,0.9205127358436584,0.800521194934845
323,324,600,160,120,160,160,0,0,0.0,3,0.0222222222222222,1,0.0037037037037037,9,3,0.0111111111111111,1,0.0037037037037037,0.2,35,3.5,47.31700000000003,2.091666666666667,270,0.92900949716568,0.9892781376838684,0.962735950946808,132,144.9,5262.988888888889,65,18,12,16,0.8538022637367249,0.9696513414382936,0.8885046243667603,0.8272073864936829,0.9480417370796204,0.8814930319786072
324,325,720,120,120,160,160,160,0,0.0,0,0.0,4,0.0150375939849624,8,1,0.0037593984962406,0,0.0,0.1818181818181818,41,3.727272727272727,48.44561703002881,2.122171945701357,266,0.9151993989944458,0.9814046621322632,0.9408034682273864,139,129.8181818181818,3225.3636363636365,55,23,14,15,0.8797970414161682,0.9661282300949096,0.890049934387207,0.8644849061965942,0.9447946548461914,0.8913590312004089
325,326,720,160,120,160,120,160,0,0.0,4,0.0,0,0.0,12,1,0.0026178010471204,1,0.0026178010471204,0.125,45,2.8125,34.6118098564955,2.283987915407855,382,0.8787368535995483,0.9803051352500916,0.9030556678771972,212,136.9375,7218.195833333333,100,26,23,24,0.8684550523757935,0.966144561767578,0.8887001276016235,0.864538848400116,0.9518327116966248,0.891315221786499
326,327,560,160,120,160,120,0,0,0.0,3,0.0222222222222222,1,0.0037037037037037,9,3,0.0111111111111111,1,0.0037037037037037,0.2,35,3.5,47.31700000000003,2.091666666666667,270,0.92900949716568,0.9892781376838684,0.962735950946808,132,144.9,5262.988888888889,65,18,12,16,0.8538022637367249,0.9696513414382936,0.8885046243667603,0.8272073864936829,0.9480417370796204,0.8814930319786072
327,328,760,160,200,160,160,80,0,0.0,4,0.0035335689045936,0,0.0,10,0,0.0,2,0.0070671378091872,0.2,27,2.7,31.457182008368225,2.280334728033473,283,0.93318772315979,0.982190191745758,0.9454134106636048,154,157.1,1235.2111111111112,66,20,13,14,0.856189489364624,0.9591341018676758,0.872265636920929,0.855423629283905,0.9510372877120972,0.8835691213607788
328,329,600,120,120,120,120,120,0,0.0,2,0.0115830115830115,2,0.0077220077220077,6,1,0.0038610038610038,0,0.0,0.1666666666666666,42,7.0,19.343841991342025,2.2467532467532467,259,0.9278387427330016,0.986850082874298,0.9473082423210144,139,255.16666666666663,10232.566666666668,60,29,13,16,0.8744176626205444,0.96398264169693,0.8896089792251587,0.87416011095047,0.9527868032455444,0.8963999152183533
329,330,1000,200,200,200,200,200,0,0.0,4,0.0108695652173913,1,0.0027173913043478,14,0,0.0,0,0.0,0.0,57,3.8,41.48732704402517,2.19496855345912,368,0.9147636294364928,0.9827535152435304,0.9373906254768372,205,138.13333333333333,4088.8380952380953,73,26,31,19,0.8601794242858887,0.9650800228118896,0.8963033556938171,0.8648672103881836,0.9536132216453552,0.8985351920127869
330,331,800,160,200,160,200,80,0,0.0,9,0.0278637770897832,3,0.0092879256965944,13,0,0.0,0,0.0,0.0714285714285714,47,3.357142857142857,41.47592057761736,2.2093862815884475,323,0.9440916180610656,0.987613081932068,0.9588427543640136,172,132.35714285714286,4121.478021978022,67,20,12,18,0.8835231065750122,0.96495121717453,0.9029902815818788,0.8662923574447632,0.9532821774482728,0.9041725397109984
331,332,520,120,120,80,80,120,0,0.0,3,0.00625,0,0.0,3,2,0.0125,0,0.0,0.0,17,3.4,45.77198473282445,2.0763358778625958,160,0.9239931702613832,0.9837249517440796,0.9479942321777344,93,159.0,9506.5,36,15,4,9,0.8344563245773315,0.960413694381714,0.8657235503196716,0.8265953660011292,0.9441632032394408,0.86006760597229
332,333,680,120,120,160,120,160,0,0.0,1,0.0,1,0.0032362459546925,12,2,0.0064724919093851,4,0.0129449838187702,0.0,35,2.9166666666666665,33.96668478260872,2.260869565217391,309,0.8793285489082336,0.9788376688957214,0.9336724281311036,149,151.33333333333334,2029.878787878788,81,28,9,20,0.8190417289733887,0.9603836536407472,0.865477979183197,0.8221647143363953,0.9458423256874084,0.8753581047058105
333,334,640,120,120,160,120,120,3,0.007125890736342,3,0.009501187648456,1,0.002375296912114,18,0,0.0,0,0.0,0.0555555555555555,54,3.0,54.92759952465835,2.037433155080214,421,0.9162983894348145,0.9832656979560852,0.9232312440872192,189,123.38888888888889,768.7222222222222,96,29,11,37,0.8865219354629517,0.9719606637954712,0.9110288023948668,0.858521580696106,0.9478682279586792,0.9010103344917296
334,335,480,80,80,120,80,120,0,0.0,4,0.0037735849056603,3,0.0113207547169811,6,2,0.0075471698113207,4,0.0150943396226415,0.0,20,3.333333333333333,29.5089609483961,2.1046025104602517,265,0.8848682045936584,0.971236288547516,0.924294650554657,140,244.33333333333331,25276.666666666668,70,20,4,30,0.8135349750518799,0.9510300755500792,0.8285909295082092,0.8009122014045715,0.9326066374778748,0.845277726650238
335,336,600,160,120,120,160,40,0,0.0,2,0.0,2,0.0119047619047619,5,2,0.0119047619047619,0,0.0,0.0,26,5.2,32.78878947368423,2.1842105263157894,168,0.8648570775985718,0.9757879376411438,0.9174529910087584,110,195.8,7944.2,42,8,13,13,0.8181304335594177,0.9626073837280272,0.8503588438034058,0.7764636278152466,0.9371517896652222,0.831779420375824
336,337,600,120,120,120,120,120,0,0.0,3,0.0109289617486338,2,0.0054644808743169,10,0,0.0,0,0.0,0.1,45,4.5,22.71695768025081,2.2852664576802506,366,0.945041000843048,0.9869490265846252,0.9519191384315492,187,215.0,12545.333333333334,77,28,30,21,0.859756588935852,0.9542306065559388,0.8684444427490234,0.8535531759262085,0.941224992275238,0.8774979710578918
337,338,800,160,160,160,160,160,0,0.0,3,0.0136054421768707,1,0.0022675736961451,13,0,0.0,0,0.0,0.2307692307692307,49,3.769230769230769,44.285478328777856,2.053299492385787,441,0.9347705841064452,0.9853318333625792,0.9464705586433412,231,178.84615384615384,3833.641025641026,111,25,29,22,0.8736412525177002,0.963297426700592,0.8968515992164612,0.8590399026870728,0.9409701228141784,0.8883596062660217
338,339,520,80,120,120,120,80,0,0.0,4,0.0169491525423728,1,0.0042372881355932,8,2,0.0084745762711864,0,0.0,0.0,26,2.6,57.31510426540288,2.009478672985782,236,0.8457988500595093,0.9747718572616576,0.921431601047516,136,125.4,3775.822222222222,52,15,12,15,0.8133458495140076,0.970511555671692,0.8585039377212524,0.7748911380767822,0.943111777305603,0.8492506146430969
339,340,720,120,200,120,160,120,0,0.0,3,0.0091324200913242,2,0.0091324200913242,5,1,0.0045662100456621,3,0.0136986301369863,0.6,31,6.2,20.342568527918843,2.2233502538071064,219,0.822849690914154,0.9667880535125732,0.8799498081207275,127,258.8,12929.2,50,15,15,19,0.814720094203949,0.9617133140563964,0.8438732624053955,0.7872322201728821,0.9387842416763306,0.8531282544136047
340,341,440,120,80,80,160,0,0,0.0,0,0.0063694267515923,0,0.0,5,0,0.0,0,0.0,0.0,20,4.0,51.61628571428573,1.9928571428571429,157,0.8785185813903809,0.9774489998817444,0.8942700624465942,93,162.8,1577.7,36,11,3,14,0.8289844393730164,0.9617969393730164,0.8405076861381531,0.7945427894592285,0.9412135481834412,0.8429577946662903
341,342,0,0,0,0,0,0,0,0.0,7,0.0175438596491228,0,0.0,5,1,0.0043859649122807,3,0.0131578947368421,0.2,27,5.4,36.3422561576355,2.0246305418719213,228,0.8573325872421265,0.9773746132850648,0.9267057180404664,132,232.2,4706.7,45,6,14,22,0.8442509770393372,0.970104157924652,0.8733146786689758,0.8015016317367554,0.9407407641410828,0.8447278141975403
342,343,560,0,160,160,160,80,0,0.0,2,0.0144404332129963,1,0.003610108303249,10,0,0.0,2,0.0072202166064981,0.0,38,3.8,67.0072697095436,1.8589211618257264,277,0.9051868319511414,0.9731820821762084,0.924833118915558,146,139.7,2351.788888888889,49,17,19,20,0.8598178625106812,0.962174355983734,0.8730505704879761,0.8408246040344238,0.9369729161262512,0.8581974506378174
343,344,280,120,80,40,40,0,0,0.0,4,0.0,2,0.0112359550561797,7,2,0.0112359550561797,0,0.0,0.1111111111111111,25,2.7777777777777777,38.34643369175629,2.2774193548387096,178,0.8785510063171387,0.9763537049293518,0.919348418712616,109,112.66666666666669,1136.5,41,12,9,9,0.8711166381835938,0.9674764275550842,0.889653205871582,0.8784201145172119,0.9606673121452332,0.9064955115318298
344,345,960,160,200,200,200,200,0,0.0,9,0.011986301369863,1,0.0017123287671232,21,0,0.0,2,0.0034246575342465,0.1481481481481481,86,3.185185185185185,56.81083538266638,2.046277665995976,584,0.9136380553245544,0.977968454360962,0.933837354183197,267,113.14814814814817,4205.438746438746,102,47,34,40,0.8877056837081909,0.9664186239242554,0.8993856906890869,0.8646112680435181,0.946767508983612,0.8862091302871704
345,346,520,120,120,120,120,40,0,0.0,2,0.0202020202020202,4,0.0134680134680134,8,4,0.0134680134680134,3,0.0101010101010101,0.1,46,4.6,58.3247317073171,1.9471544715447155,297,0.9104731678962708,0.9815472960472108,0.9387413859367372,151,148.8,2836.8444444444444,51,14,21,19,0.8622432947158813,0.9608253240585328,0.8781235814094543,0.8322739601135254,0.938024401664734,0.8728512525558472
346,347,520,160,120,120,120,0,0,0.0,3,0.0,1,0.0043290043290043,8,0,0.0,0,0.0,0.0,31,3.875,34.32999365482235,2.238578680203046,231,0.883638858795166,0.9814924001693726,0.9415944814682008,119,161.375,2588.553571428572,52,19,6,13,0.8416609168052673,0.9659756422042848,0.8777838349342346,0.8441686034202576,0.9553203582763672,0.8878334164619446
347,348,320,120,40,40,80,40,0,0.0,1,0.0048543689320388,0,0.0,5,2,0.0097087378640776,1,0.0048543689320388,0.1666666666666666,22,3.6666666666666665,44.47862903225808,2.0376344086021505,206,0.9129969477653505,0.9820839166641236,0.9429268836975098,111,183.16666666666663,16335.766666666666,44,11,5,14,0.8406977653503418,0.9534448981285096,0.8510808944702148,0.8559662103652954,0.9386025071144104,0.8648078441619873
348,349,280,80,40,40,80,40,0,0.0,2,0.0045662100456621,0,0.0,6,2,0.0091324200913242,0,0.0,0.0,25,2.272727272727273,70.82840909090913,1.9034090909090908,219,0.8588944673538208,0.9716950058937072,0.9248958826065063,101,93.1818181818182,3186.5636363636363,45,13,10,19,0.8318760395050049,0.958400011062622,0.8656761646270752,0.8009509444236755,0.938423991203308,0.8649060726165771
349,350,320,0,80,80,80,80,1,0.0022883295194508,12,0.0091533180778032,5,0.011441647597254,16,8,0.0183066361556064,16,0.0366132723112128,0.0,55,3.4375,27.35531250000002,2.325520833333333,437,0.8371794819831848,0.9778842329978944,0.9334887862205504,218,162.375,5105.45,98,51,18,24,0.8247994780540466,0.9579756259918212,0.8757961392402649,0.8214040398597717,0.943753719329834,0.8921242952346802
350,351,440,120,80,80,80,80,0,0.0,4,0.0082644628099173,1,0.0041322314049586,10,0,0.0,1,0.0041322314049586,0.0909090909090909,32,2.909090909090909,49.106321742773375,2.119815668202765,242,0.8974338173866272,0.9843791723251344,0.9430837631225586,132,123.72727272727272,4400.618181818182,55,33,8,14,0.8477436304092407,0.9629292488098145,0.8757315874099731,0.837787926197052,0.9509462714195251,0.8922728896141052
351,352,480,120,120,120,120,0,0,0.0,3,0.0,0,0.0,9,1,0.0049504950495049,1,0.0049504950495049,0.0,29,3.2222222222222223,43.142298850574754,2.1954022988505746,202,0.906358540058136,0.9862900972366332,0.9492468237876892,119,124.77777777777776,1088.4444444444443,47,12,14,16,0.8635244369506836,0.9638208150863647,0.8717561364173889,0.8420233130455017,0.951224684715271,0.882936418056488
352,353,600,160,120,120,120,80,0,0.0,1,0.0,0,0.0,8,1,0.0033222591362126,1,0.0033222591362126,0.25,43,5.375,36.940982142857145,2.095238095238096,301,0.8626977801322937,0.9766778349876404,0.9148180484771729,159,209.375,4361.982142857143,62,42,15,23,0.8424273729324341,0.9672319293022156,0.882588267326355,0.8170422315597534,0.9419904351234436,0.883222222328186
353,354,760,160,160,120,200,120,0,0.0,7,0.0059701492537313,1,0.0029850746268656,13,1,0.0029850746268656,0,0.0,0.1538461538461538,44,3.3846153846153846,31.174956383822387,2.3024054982817868,335,0.9429171681404114,0.9881860613822936,0.953284502029419,192,149.69230769230768,3975.397435897436,80,32,15,15,0.8659318685531616,0.9618829488754272,0.8964505195617676,0.8762190341949463,0.954426407814026,0.9066659808158876
354,355,880,200,200,160,160,160,0,0.0,6,0.0101694915254237,1,0.0033898305084745,11,0,0.0,1,0.0033898305084745,0.1818181818181818,41,3.727272727272727,34.02861419068739,2.2642276422764227,295,0.94985830783844,0.9893351793289183,0.9604206085205078,167,152.0,1857.4,62,24,15,15,0.8844225406646729,0.9664490222930908,0.8995627760887146,0.8832458257675171,0.9549281001091005,0.9015332460403442
355,356,760,200,120,160,120,160,0,0.0,3,0.0109289617486338,2,0.0054644808743169,10,0,0.0,0,0.0,0.1,45,4.5,22.71695768025081,2.2852664576802506,366,0.945041000843048,0.9869490265846252,0.9519191384315492,187,215.0,12545.333333333334,77,28,30,21,0.859756588935852,0.9542306065559388,0.8684444427490234,0.8535531759262085,0.941224992275238,0.8774979710578918
356,357,680,120,200,120,120,120,0,0.0,5,0.0132450331125827,0,0.0,6,2,0.0132450331125827,0,0.0,0.1666666666666666,19,3.1666666666666665,49.74750000000001,2.083333333333333,151,0.8717309236526489,0.9720236659049988,0.9053495526313782,96,135.33333333333334,3401.4666666666667,29,15,5,11,0.859565794467926,0.9665360450744628,0.8754801154136658,0.8457745313644409,0.9472179412841796,0.8713120818138123
357,358,280,80,80,80,40,0,0,0.0,1,0.0,0,0.0,10,3,0.0119521912350597,1,0.0039840637450199,0.0909090909090909,31,2.8181818181818183,41.23964373464376,2.2117117117117115,251,0.8477814793586731,0.9747934341430664,0.911389410495758,149,129.27272727272728,4300.618181818182,58,30,13,11,0.7570873498916626,0.9531942009925842,0.8438443541526794,0.7222781181335449,0.9289186000823976,0.8317897319793701
358,359,680,160,120,160,120,120,3,0.007125890736342,3,0.009501187648456,1,0.002375296912114,18,0,0.0,0,0.0,0.0555555555555555,54,3.0,54.92759952465835,2.037433155080214,421,0.9162983894348145,0.9832656979560852,0.9232312440872192,189,123.38888888888889,768.7222222222222,96,29,11,37,0.8865219354629517,0.9719606637954712,0.9110288023948668,0.858521580696106,0.9478682279586792,0.9010103344917296
359,360,760,160,200,200,160,40,0,0.0,5,0.0024509803921568,4,0.0098039215686274,12,0,0.0,0,0.0,0.1666666666666666,40,3.333333333333333,30.517761627906992,2.229651162790698,408,0.9167094230651855,0.980395495891571,0.9415505528450012,195,189.33333333333331,9402.242424242424,94,36,14,24,0.8810944557189941,0.9682645201683044,0.8922436237335205,0.8703714609146118,0.958093285560608,0.9004594087600708
360,361,360,80,80,80,120,0,0,0.0,1,0.005050505050505,0,0.0,5,0,0.0,6,0.0303030303030303,0.3333333333333333,20,3.333333333333333,53.99419491525427,1.9491525423728813,198,0.7800469398498535,0.955078661441803,0.8888747692108154,117,173.16666666666666,21620.566666666666,40,11,17,17,0.7586708068847656,0.9508464932441713,0.8387808203697205,0.7267424464225769,0.9216970801353456,0.816580057144165
361,362,400,80,80,80,80,80,0,0.0,5,0.0132450331125827,0,0.0,6,2,0.0132450331125827,0,0.0,0.1666666666666666,19,3.1666666666666665,49.74750000000001,2.083333333333333,151,0.8717309236526489,0.9720236659049988,0.9053495526313782,96,135.33333333333334,3401.4666666666667,29,15,5,11,0.859565794467926,0.9665360450744628,0.8754801154136658,0.8457745313644409,0.9472179412841796,0.8713120818138123
362,363,680,160,120,160,160,80,0,0.0,11,0.0193704600484261,0,0.0,10,1,0.0024213075060532,0,0.0,0.0,45,4.5,34.157109756097576,2.0948509485094853,413,0.9285707473754884,0.982710301876068,0.9415581822395324,220,232.0,2648.0,94,39,12,20,0.8593059778213501,0.9556072354316713,0.8662758469581604,0.8494886755943298,0.9452058672904968,0.8812261819839478
363,364,800,120,200,160,120,200,0,0.0,7,0.015625,1,0.0026041666666666,12,1,0.0026041666666666,1,0.0026041666666666,0.1666666666666666,44,3.6666666666666665,37.71476226993865,2.1625766871165646,384,0.9011142253875732,0.9780056476593018,0.9332368969917296,167,176.91666666666666,4822.992424242424,80,35,26,15,0.8614572882652283,0.9652652740478516,0.8815281391143799,0.8554959893226624,0.9518966674804688,0.8966873288154602
364,365,720,160,200,160,120,80,0,0.0,8,0.0135135135135135,1,0.0016891891891891,19,4,0.0067567567567567,1,0.0016891891891891,0.1052631578947368,85,4.473684210526316,43.62002230151653,2.0885122410546137,592,0.8947927355766296,0.9758089780807496,0.9331455230712892,292,170.68421052631578,4377.228070175439,136,33,34,40,0.8750213980674744,0.9675408005714417,0.8950867652893066,0.8489983677864075,0.9435330629348756,0.8787070512771606
365,366,560,160,120,120,120,40,0,0.0,3,0.0048076923076923,1,0.0048076923076923,7,1,0.0048076923076923,1,0.0048076923076923,0.0,27,3.375,47.66454545454548,2.1079545454545454,208,0.9032402634620668,0.9840431809425354,0.9341578483581544,121,140.75,4465.642857142857,43,16,10,10,0.869769275188446,0.96761554479599,0.8888234496116638,0.8641339540481567,0.9548692107200624,0.8835188150405884
366,367,880,160,200,160,200,160,0,0.0,6,0.010840108401084,0,0.0,12,2,0.005420054200542,3,0.008130081300813,0.0,42,3.5,29.985424311926607,2.259938837920489,369,0.9257055521011353,0.9829381108283995,0.9525978565216064,188,174.08333333333334,6571.901515151515,87,31,19,31,0.8799719214439392,0.9616231322288512,0.8948874473571777,0.8534068465232849,0.9474537372589112,0.9022429585456848
367,368,400,160,40,40,120,40,0,0.0,2,0.0115830115830115,2,0.0077220077220077,6,1,0.0038610038610038,0,0.0,0.1666666666666666,42,7.0,19.343841991342025,2.2467532467532467,259,0.9278387427330016,0.986850082874298,0.9473082423210144,139,255.16666666666663,10232.566666666668,60,29,13,16,0.8744176626205444,0.96398264169693,0.8896089792251587,0.87416011095047,0.9527868032455444,0.8963999152183533
368,369,280,80,40,40,40,80,0,0.0,5,0.0135135135135135,2,0.0135135135135135,6,2,0.0135135135135135,0,0.0,0.0,22,3.142857142857143,38.91785714285717,2.261904761904762,148,0.9014022946357728,0.977973997592926,0.9248363971710204,95,120.42857142857144,1441.6190476190477,34,6,8,12,0.8432739973068237,0.9580867886543274,0.8663266897201538,0.839587390422821,0.9431867599487304,0.8660115599632263
369,370,840,200,120,160,200,160,0,0.0,3,0.0063694267515923,1,0.0031847133757961,9,1,0.0031847133757961,0,0.0,0.1111111111111111,41,4.555555555555555,42.59362683438154,2.079245283018868,314,0.911806583404541,0.9837582111358644,0.932348132133484,169,182.44444444444449,5016.527777777777,59,25,15,20,0.8851327896118164,0.964984893798828,0.90534108877182,0.8673986792564392,0.9465546607971193,0.8918291926383972
370,371,600,160,120,160,160,0,0,0.0,3,0.0091185410334346,0,0.0,10,0,0.0,1,0.0030395136778115,0.0,42,3.5,56.54280011655013,1.986013986013986,329,0.8813249468803406,0.9753644466400146,0.9102118015289308,165,138.33333333333334,5250.060606060606,80,22,17,26,0.8655537366867065,0.9728955030441284,0.8951840996742249,0.8477808237075806,0.949975311756134,0.8954690098762512
371,372,480,120,120,120,120,0,0,0.0,2,0.0144404332129963,1,0.003610108303249,10,0,0.0,2,0.0072202166064981,0.0,38,3.8,67.0072697095436,1.8589211618257264,277,0.9051868319511414,0.9731820821762084,0.924833118915558,146,139.7,2351.788888888889,49,17,19,20,0.8598178625106812,0.962174355983734,0.8730505704879761,0.8408246040344238,0.9369729161262512,0.8581974506378174
372,373,720,160,120,160,120,160,0,0.0,5,0.0104529616724738,0,0.0,7,1,0.0034843205574912,1,0.0034843205574912,0.2857142857142857,30,4.285714285714286,36.607031250000034,2.06640625,287,0.8935139179229736,0.9809348583221436,0.9462345242500304,157,219.14285714285717,8056.476190476191,72,25,4,24,0.8715323209762573,0.9707605242729188,0.8825201392173767,0.8375957608222961,0.9474415183067322,0.8788118362426758
373,374,520,120,80,120,120,80,0,0.0,1,0.0094786729857819,5,0.0236966824644549,8,0,0.0,0,0.0,0.0,33,4.125,38.95760838150291,2.213872832369942,211,0.9236911535263062,0.9893168210983276,0.9576588869094848,107,145.625,414.8392857142857,47,13,13,8,0.8342397809028625,0.9657608270645142,0.8862242698669434,0.8555554151535034,0.9574875235557556,0.9035762548446656
374,375,480,80,120,80,120,80,0,0.0,1,0.005050505050505,0,0.0,5,0,0.0,6,0.0303030303030303,0.3333333333333333,20,3.333333333333333,53.99419491525427,1.9491525423728813,198,0.7800469398498535,0.955078661441803,0.8888747692108154,117,173.16666666666666,21620.566666666666,40,11,17,17,0.7586708068847656,0.9508464932441713,0.8387808203697205,0.7267424464225769,0.9216970801353456,0.816580057144165
375,376,680,120,120,120,160,160,0,0.0,6,0.014760147601476,3,0.011070110701107,9,2,0.007380073800738,0,0.0,0.0,39,4.333333333333333,32.29479674796751,2.227642276422764,271,0.9143474102020264,0.9821109175682068,0.9209086894989014,160,178.33333333333334,3703.5,58,26,14,18,0.8750696182250977,0.970906138420105,0.9020573496818542,0.8588073253631592,0.9512521624565125,0.9003084897994995
376,377,360,80,80,120,80,0,0,0.0,7,0.0171673819742489,0,0.0,6,5,0.0214592274678111,1,0.0042918454935622,0.1111111111111111,29,3.2222222222222223,61.904635157545634,1.9402985074626864,233,0.8685368895530701,0.9730029106140136,0.8989693522453308,105,128.22222222222223,9958.444444444443,43,14,10,21,0.8291410803794861,0.9664933085441588,0.8646169304847717,0.7817087173461914,0.9316781163215636,0.8496349453926086
377,378,560,120,80,160,80,120,0,0.0,1,0.0,0,0.0,5,0,0.0,0,0.0,0.4,24,4.8,28.11850000000002,2.145833333333333,219,0.8995506763458252,0.9811225533485411,0.9146857261657716,124,240.6,4018.3,47,15,6,8,0.8713309168815613,0.9633843302726746,0.8943642973899841,0.8568025827407837,0.9509406089782716,0.9004061222076416
378,379,760,160,160,120,160,160,1,0.0017889087656529,9,0.0053667262969588,1,0.0017889087656529,18,1,0.0017889087656529,3,0.0053667262969588,0.0526315789473684,69,3.631578947368421,33.64214840379638,2.2336065573770494,559,0.9081520438194276,0.9829643368721008,0.932609796524048,249,165.57894736842104,2411.590643274854,126,52,29,30,0.877605676651001,0.9724825620651244,0.9007558226585388,0.8806125521659851,0.954338312149048,0.9043797254562378
379,380,680,160,200,120,120,80,0,0.0,6,0.0045351473922902,0,0.0,11,2,0.0045351473922902,0,0.0,0.0833333333333333,49,4.083333333333333,44.48342105263159,2.031578947368421,441,0.907936692237854,0.9879803657531738,0.9361668825149536,204,193.58333333333331,7614.992424242424,98,27,13,23,0.8553349375724792,0.9632369875907898,0.8882121443748474,0.8653449416160583,0.9561412930488586,0.8997763991355896
380,381,480,120,80,80,120,80,0,0.0,3,0.0078947368421052,0,0.0,14,3,0.0078947368421052,0,0.0,0.0714285714285714,49,3.5,54.6179024767802,2.015479876160991,380,0.9160190224647522,0.982386350631714,0.94016033411026,194,140.35714285714286,2751.016483516484,81,25,22,21,0.8703335523605347,0.9664890170097352,0.8936159014701843,0.8589835166931152,0.946268618106842,0.8908236026763916
381,382,440,160,40,40,160,40,0,0.0,2,0.0,2,0.009009009009009,7,0,0.0,0,0.0,0.0909090909090909,33,3.0,63.04000000000004,1.9747474747474747,222,0.9032217264175416,0.9793752431869508,0.9265590906143188,124,106.9090909090909,3121.690909090909,49,7,21,24,0.835679292678833,0.9607853293418884,0.8605108857154846,0.815350353717804,0.9383618235588074,0.8592656254768372
382,383,520,120,80,120,80,120,0,0.0,1,0.0039370078740157,0,0.0,8,2,0.0078740157480314,2,0.0078740157480314,0.1111111111111111,30,3.333333333333333,45.73288507391514,2.0901287553648067,254,0.9020402431488036,0.9802069067955016,0.9262561798095704,138,153.66666666666666,3069.5,64,18,13,17,0.8582754731178284,0.9696499109268188,0.8845645189285278,0.8431461453437805,0.9490931034088136,0.8897159099578857
383,384,760,160,120,200,160,120,0,0.0,6,0.0121065375302663,5,0.0121065375302663,14,0,0.0,1,0.0024213075060532,0.0,63,3.7058823529411766,61.30395627277461,1.9675516224188792,413,0.9284513592720032,0.9832784533500672,0.9513069987297058,175,122.29411764705884,3416.345588235294,95,19,28,28,0.8492379188537598,0.9560534954071044,0.8712236285209656,0.8433961868286133,0.9398790001869202,0.8804618120193481
384,385,720,160,120,160,160,120,0,0.0,0,0.0026315789473684,1,0.0026315789473684,10,4,0.0105263157894736,3,0.0078947368421052,0.3,41,4.1,44.48633706070288,2.0351437699680512,380,0.895936131477356,0.9723848700523376,0.9091458916664124,193,191.0,8077.777777777777,80,28,15,25,0.8802450299263,0.9664750099182128,0.8963378667831421,0.8496445417404175,0.948529064655304,0.8885850310325623
385,386,360,120,80,40,40,80,0,0.0,3,0.0049261083743842,2,0.0098522167487684,10,0,0.0,0,0.0,0.0,32,3.2,43.20086363636364,2.2303030303030305,203,0.8526431918144226,0.9749244451522828,0.8977970480918884,119,109.6,664.9333333333333,42,17,10,16,0.8434451818466187,0.9669458270072936,0.873138964176178,0.8214393258094788,0.9417707324028016,0.8628747463226318
386,387,640,120,160,120,120,120,0,0.0,3,0.0044843049327354,2,0.0044843049327354,14,1,0.0022421524663677,2,0.0044843049327354,0.2,49,3.2666666666666666,37.5959317585302,2.188976377952756,446,0.9102470874786376,0.9829989671707152,0.936978816986084,220,163.73333333333332,9457.923809523809,109,25,20,37,0.8348020911216736,0.961721122264862,0.8772575855255127,0.8097718358039856,0.9417918920516968,0.8801270723342896
387,388,520,160,120,120,120,0,0,0.0,4,0.0082644628099173,1,0.0041322314049586,10,0,0.0,1,0.0041322314049586,0.0909090909090909,32,2.909090909090909,49.106321742773375,2.119815668202765,242,0.8974338173866272,0.9843791723251344,0.9430837631225586,132,123.72727272727272,4400.618181818182,55,33,8,14,0.8477436304092407,0.9629292488098145,0.8757315874099731,0.837787926197052,0.9509462714195251,0.8922728896141052
388,389,800,160,200,200,160,80,0,0.0,8,0.0135135135135135,1,0.0016891891891891,19,4,0.0067567567567567,1,0.0016891891891891,0.1052631578947368,85,4.473684210526316,43.62002230151653,2.0885122410546137,592,0.8947927355766296,0.9758089780807496,0.9331455230712892,292,170.68421052631578,4377.228070175439,136,33,34,40,0.8750213980674744,0.9675408005714417,0.8950867652893066,0.8489983677864075,0.9435330629348756,0.8787070512771606
389,390,840,160,200,200,160,120,0,0.0,1,0.0,0,0.0,8,1,0.0033222591362126,1,0.0033222591362126,0.25,43,5.375,36.940982142857145,2.095238095238096,301,0.8626977801322937,0.9766778349876404,0.9148180484771729,159,209.375,4361.982142857143,62,42,15,23,0.8424273729324341,0.9672319293022156,0.882588267326355,0.8170422315597534,0.9419904351234436,0.883222222328186
390,391,480,120,80,80,120,80,1,0.0027322404371584,4,0.0054644808743169,3,0.0081967213114754,10,0,0.0,2,0.0054644808743169,0.2,40,4.0,38.6279056603774,2.091194968553459,366,0.923754096031189,0.9860952496528624,0.9097386002540588,142,199.3,3438.011111111111,85,18,10,25,0.8511976599693298,0.962831974029541,0.8918731212615967,0.8360438346862793,0.9446635842323304,0.8985453248023987
391,392,880,200,160,200,200,120,0,0.0,3,0.0063694267515923,1,0.0031847133757961,9,1,0.0031847133757961,0,0.0,0.1111111111111111,41,4.555555555555555,42.59362683438154,2.079245283018868,314,0.911806583404541,0.9837582111358644,0.932348132133484,169,182.44444444444449,5016.527777777777,59,25,15,20,0.8851327896118164,0.964984893798828,0.90534108877182,0.8673986792564392,0.9465546607971193,0.8918291926383972
392,393,720,160,160,120,160,120,1,0.0027027027027027,3,0.0054054054054054,2,0.0054054054054054,10,0,0.0,0,0.0,0.0,41,4.1,40.5208312101911,2.079617834394905,370,0.8708214163780212,0.972708523273468,0.9040409326553344,175,191.8,3137.0666666666666,86,26,21,23,0.8713257908821106,0.9697089195251464,0.8907206058502197,0.8583165407180786,0.9500235319137572,0.8954635858535767
393,394,360,120,40,40,120,40,0,0.0,1,0.0,0,0.0,4,1,0.0075757575757575,0,0.0,0.25,18,4.5,55.05142241379312,1.9396551724137927,132,0.8490284085273743,0.9684919714927672,0.8994823098182678,77,171.25,6746.916666666667,27,3,5,14,0.8051599860191345,0.9511865973472596,0.8120468258857727,0.775924026966095,0.9275699853897096,0.8205099105834961
394,395,720,160,160,160,160,80,0,0.0,2,0.0045662100456621,0,0.0,11,1,0.002283105022831,0,0.0,0.1818181818181818,45,4.090909090909091,29.248519061583607,2.185483870967742,438,0.8960220217704773,0.979711890220642,0.9328733086586,213,216.8181818181818,8355.563636363637,100,35,25,19,0.8715683221817017,0.9659955501556396,0.8924815654754639,0.8618271946907043,0.9499220848083496,0.8957119584083557
395,396,320,120,40,40,80,40,0,0.0,2,0.0052631578947368,0,0.0,5,1,0.0052631578947368,0,0.0,0.2,21,4.2,30.92742857142862,2.1726190476190474,190,0.8972427248954773,0.9787352085113524,0.9135249853134156,117,208.2,8263.7,46,15,7,14,0.8582978248596191,0.970297873020172,0.8769298195838928,0.8054682016372681,0.946609377861023,0.868225634098053
396,397,640,160,200,120,120,40,0,0.0,9,0.011986301369863,1,0.0017123287671232,21,0,0.0,2,0.0034246575342465,0.1481481481481481,86,3.185185185185185,56.81083538266638,2.046277665995976,584,0.9136380553245544,0.977968454360962,0.933837354183197,267,113.14814814814817,4205.438746438746,102,47,34,40,0.8877056837081909,0.9664186239242554,0.8993856906890869,0.8646112680435181,0.946767508983612,0.8862091302871704
397,398,400,200,40,40,120,0,0,0.0,4,0.0106007067137809,1,0.0035335689045936,8,1,0.0035335689045936,0,0.0,0.0,33,4.125,31.60781626506025,2.1927710843373496,283,0.9193321466445924,0.9814521670341492,0.9456992745399476,140,196.0,3406.0,65,21,14,22,0.8927116990089417,0.9748506546020508,0.9127373099327089,0.869199812412262,0.9579721093177797,0.908154845237732
398,399,720,160,160,160,160,80,0,0.0,9,0.0053619302949061,1,0.002680965147453,12,1,0.002680965147453,3,0.0080428954423592,0.0769230769230769,47,3.615384615384616,25.74959475855375,2.3406940063091484,373,0.9482406973838806,0.9891348481178284,0.9586081504821776,194,168.23076923076923,4985.358974358975,81,33,23,24,0.8550450205802917,0.9578772187232972,0.8802181482315063,0.8342702388763428,0.9415524005889891,0.8706637024879456
399,400,680,120,200,160,120,80,0,0.0,6,0.0152905198776758,0,0.0,7,3,0.0091743119266055,0,0.0,0.2857142857142857,41,5.857142857142857,23.084790209790206,2.174825174825175,327,0.9226037859916688,0.9798892736434937,0.9452822804450988,157,262.85714285714283,4697.476190476191,68,16,27,20,0.8447955846786499,0.9493727684020996,0.8726164102554321,0.7971213459968567,0.927690088748932,0.8561179041862488
400,401,640,160,120,120,120,120,0,0.0,6,0.0405405405405405,0,0.0,8,1,0.0045045045045045,2,0.009009009009009,0.1818181818181818,32,2.909090909090909,43.843073593073626,2.2169312169312168,222,0.9255260229110718,0.98712557554245,0.9540690183639526,133,110.72727272727272,3964.6181818181817,34,19,13,11,0.8497147560119629,0.9664196372032166,0.881127655506134,0.8422098755836487,0.9464926719665528,0.8732955455780029
401,402,840,160,160,200,160,160,0,0.0,3,0.0168918918918918,3,0.0101351351351351,9,0,0.0,0,0.0,0.0,31,3.4444444444444446,22.32274345774349,2.328185328185328,296,0.8970381021499634,0.9811970591545104,0.9383555054664612,151,198.77777777777777,7168.694444444444,66,27,23,18,0.8339903950691223,0.96051025390625,0.8583501577377319,0.8343737125396729,0.9496628046035768,0.8751100301742554
402,403,240,80,40,40,80,0,0,0.0,1,0.0091324200913242,0,0.0,6,2,0.0091324200913242,12,0.0547945205479452,0.0,24,4.0,30.262891156462597,2.183673469387755,219,0.8759921193122864,0.9695658087730408,0.923407793045044,128,206.83333333333331,11531.366666666669,59,12,6,9,0.7866880893707275,0.9471827149391174,0.8163110017776489,0.7688143849372864,0.9271475672721864,0.834297776222229
403,404,0,0,0,0,0,0,0,0.0,0,0.0,1,0.0047846889952153,6,0,0.0,2,0.0095693779904306,0.0,19,3.1666666666666665,36.2300675675676,2.135135135135135,209,0.7984523773193359,0.957665741443634,0.8536853790283203,131,192.66666666666663,5955.466666666666,56,13,9,10,0.7962777614593506,0.9539441466331482,0.8364214897155762,0.8035211563110352,0.9423617124557496,0.8575221300125122
404,405,600,120,120,120,120,120,0,0.0,2,0.0051020408163265,0,0.0,13,4,0.010204081632653,1,0.0025510204081632,0.2142857142857142,51,3.642857142857143,51.57815561959657,2.031700288184438,392,0.912123680114746,0.9822624325752258,0.9331872463226318,183,148.92857142857142,5153.60989010989,93,32,17,29,0.8415173888206482,0.9643404483795166,0.8890194296836853,0.82041996717453,0.9383586049079896,0.8745428919792175
405,406,360,120,40,40,120,40,0,0.0,8,0.0114942528735632,1,0.0028735632183908,13,1,0.0028735632183908,0,0.0,0.0769230769230769,38,2.923076923076923,44.13338056680165,2.138157894736842,348,0.8990849852561951,0.9803506731987,0.9302444458007812,163,143.46153846153845,3577.102564102564,86,19,11,19,0.8551937937736511,0.9661591053009032,0.890140175819397,0.8533207178115845,0.9488643407821656,0.8926175236701965
406,407,400,120,80,80,80,40,0,0.0,3,0.0037174721189591,2,0.0074349442379182,10,0,0.0,2,0.0074349442379182,0.0,30,2.727272727272727,51.30512872083671,2.079646017699115,269,0.9092918038368224,0.9876445531845092,0.9476847052574158,142,126.45454545454544,2189.2727272727275,59,19,16,16,0.8521565198898315,0.965059757232666,0.8913978338241577,0.8591300249099731,0.9549925923347472,0.9036560654640198
407,408,0,0,0,0,0,0,0,0.0,2,0.0,0,0.0,5,0,0.0,1,0.0038022813688212,0.1666666666666666,21,3.5,26.25684523809524,2.1830357142857144,263,0.8702979683876038,0.9790775179862976,0.9325252175331116,153,242.16666666666663,17040.566666666666,60,17,12,13,0.8352131843566895,0.9630141854286194,0.8675811886787415,0.8277708888053894,0.949662983417511,0.8894796371459961
408,409,640,160,120,160,160,40,0,0.0,12,0.0193704600484261,3,0.0072639225181598,16,0,0.0,1,0.0024213075060532,0.0526315789473684,67,3.526315789473684,50.26455377574371,2.121739130434783,413,0.9013754725456238,0.9852540493011476,0.9419649243354796,204,116.52631578947368,4126.263157894737,73,35,27,33,0.8670604228973389,0.9645285606384276,0.886196494102478,0.8558328151702881,0.9515326023101808,0.8936342597007751
409,410,440,80,80,120,80,80,0,0.0,2,0.0,2,0.0119047619047619,5,2,0.0119047619047619,0,0.0,0.0,26,5.2,32.78878947368423,2.1842105263157894,168,0.8648570775985718,0.9757879376411438,0.9174529910087584,110,195.8,7944.2,42,8,13,13,0.8181304335594177,0.9626073837280272,0.8503588438034058,0.7764636278152466,0.9371517896652222,0.831779420375824
410,411,760,160,160,120,160,160,0,0.0,5,0.003731343283582,0,0.0,11,1,0.003731343283582,3,0.0111940298507462,0.1428571428571428,34,2.4285714285714284,44.191451965065504,2.222707423580786,268,0.8717374801635742,0.9757398962974548,0.9111713171005248,152,104.42857142857144,1503.6483516483515,69,15,11,12,0.8317508101463318,0.9607331156730652,0.8815730214118958,0.8091209530830383,0.9441241025924684,0.8765450716018677
411,412,680,160,160,120,160,80,0,0.0,6,0.0049261083743842,0,0.0,14,1,0.0024630541871921,0,0.0,0.1764705882352941,53,3.117647058823529,51.52791217895612,2.07887323943662,406,0.9295101165771484,0.989132523536682,0.9534701108932496,191,125.11764705882354,2938.235294117647,112,15,12,18,0.8848108053207397,0.9601290225982666,0.8912654519081116,0.8758866190910339,0.9495937824249268,0.904750406742096
412,413,400,80,80,80,80,80,0,0.0,2,0.0051020408163265,0,0.0,13,4,0.010204081632653,1,0.0025510204081632,0.2142857142857142,51,3.642857142857143,51.57815561959657,2.031700288184438,392,0.912123680114746,0.9822624325752258,0.9331872463226318,183,148.92857142857142,5153.60989010989,93,32,17,29,0.8415173888206482,0.9643404483795166,0.8890194296836853,0.82041996717453,0.9383586049079896,0.8745428919792175
413,414,640,200,120,120,120,80,0,0.0,3,0.0037735849056603,3,0.0113207547169811,8,1,0.0037735849056603,1,0.0037735849056603,0.0,27,3.375,31.23139013452914,2.2242152466367715,265,0.9329782724380492,0.9838421940803528,0.9467257261276244,145,190.875,3554.9821428571427,70,19,10,20,0.8540875315666199,0.9572716355323792,0.8779502511024475,0.8604950308799744,0.9426626563072203,0.8876796960830688
414,415,640,120,160,160,120,80,0,0.0,4,0.0054347826086956,0,0.0,9,0,0.0,5,0.0135869565217391,0.2222222222222222,51,5.666666666666667,34.091546546546574,2.093093093093093,368,0.8746193647384644,0.9715837836265564,0.9108278155326844,204,228.0,3555.0,81,32,23,26,0.8503968119621277,0.9598150253295898,0.8708891272544861,0.8218263983726501,0.9378526210784912,0.8603613376617432
415,416,600,120,120,120,120,120,0,0.0,6,0.0031645569620253,1,0.0031645569620253,9,2,0.0063291139240506,0,0.0,0.0909090909090909,34,3.090909090909091,26.93049029622068,2.3295880149812733,316,0.909479022026062,0.9790602326393129,0.945076823234558,157,163.0909090909091,12147.290909090909,80,24,14,26,0.8611067533493042,0.959928035736084,0.8789002895355225,0.8441504836082458,0.9452320337295532,0.8862729668617249
416,417,520,80,120,120,120,80,0,0.0,6,0.0146520146520146,1,0.0036630036630036,8,0,0.0,4,0.0146520146520146,0.1818181818181818,38,3.4545454545454546,57.98902112410413,1.987551867219917,273,0.8696275949478149,0.9728907346725464,0.936900794506073,129,130.27272727272728,4995.418181818181,56,11,14,23,0.8589804768562317,0.9718607664108276,0.9014543294906616,0.8124755620956421,0.9416367411613464,0.8710169792175293
417,418,880,160,200,160,160,200,1,0.0017889087656529,9,0.0053667262969588,1,0.0017889087656529,18,1,0.0017889087656529,3,0.0053667262969588,0.0526315789473684,69,3.631578947368421,33.64214840379638,2.2336065573770494,559,0.9081520438194276,0.9829643368721008,0.932609796524048,249,165.57894736842104,2411.590643274854,126,52,29,30,0.877605676651001,0.9724825620651244,0.9007558226585388,0.8806125521659851,0.954338312149048,0.9043797254562378
418,419,440,80,120,80,80,80,0,0.0,6,0.0176991150442477,2,0.0088495575221238,8,3,0.0132743362831858,0,0.0,0.2,26,2.6,57.650790155440426,2.0259067357512954,226,0.8989199995994568,0.9807074069976808,0.9387248754501344,129,121.2,4934.622222222222,49,18,13,13,0.8358860611915588,0.9607473611831664,0.8602293729782104,0.820737898349762,0.9434535503387452,0.861995279788971
419,420,640,160,120,120,160,80,0,0.0,3,0.0094339622641509,3,0.0141509433962264,10,0,0.0,0,0.0,0.0909090909090909,32,2.909090909090909,42.21128526645769,2.2471264367816093,212,0.9037938117980956,0.9875709414482116,0.9541283845901488,127,108.72727272727272,1618.418181818182,50,15,7,18,0.8368471264839172,0.9625672101974488,0.8636686205863953,0.8117825388908386,0.9460003972053528,0.8635045886039734
420,421,800,120,160,160,160,200,0,0.0,3,0.0043572984749455,4,0.008714596949891,13,2,0.0043572984749455,2,0.0043572984749455,0.0769230769230769,47,3.615384615384616,28.23468325791856,2.2254901960784315,459,0.8752296566963196,0.9713589549064636,0.948327898979187,222,205.7692307692308,10586.52564102564,122,51,14,26,0.8313756585121155,0.9573913812637328,0.8719264268875122,0.8274735808372498,0.942573308944702,0.8890470862388611
421,422,480,120,120,120,120,0,0,0.0,1,0.0,1,0.0054945054945054,5,3,0.0164835164835164,1,0.0054945054945054,0.0,28,5.6,28.7036666666667,2.203703703703704,182,0.9075918197631836,0.9845356941223145,0.9208478927612304,108,214.4,1968.8,35,12,15,21,0.8285273313522339,0.9588955640792848,0.8560701608657837,0.8053970336914062,0.9397894740104676,0.8512189984321594
422,423,680,160,120,120,160,120,0,0.0,7,0.0068259385665529,1,0.0034129692832764,11,2,0.0068259385665529,0,0.0,0.1666666666666666,35,2.9166666666666665,35.66591863517062,2.263779527559055,293,0.9364619255065918,0.9884769916534424,0.953054666519165,169,141.75,2749.4772727272725,68,26,11,12,0.8711385130882263,0.96188622713089,0.8862695097923279,0.8586888909339905,0.9489052891731262,0.8978557586669922
423,424,600,120,120,120,120,120,0,0.0,6,0.0176991150442477,2,0.0088495575221238,8,3,0.0132743362831858,0,0.0,0.2,26,2.6,57.650790155440426,2.0259067357512954,226,0.8989199995994568,0.9807074069976808,0.9387248754501344,129,121.2,4934.622222222222,49,18,13,13,0.8358860611915588,0.9607473611831664,0.8602293729782104,0.820737898349762,0.9434535503387452,0.861995279788971
424,425,680,120,120,160,120,160,0,0.0,5,0.0,1,0.003030303030303,12,1,0.003030303030303,0,0.0,0.2307692307692307,44,3.3846153846153846,20.861153846153872,2.4326241134751774,330,0.9235647916793824,0.9878811836242676,0.949537992477417,197,150.84615384615384,3012.141025641026,81,31,29,19,0.8487565517425537,0.9617852568626404,0.8779433369636536,0.8354269862174988,0.943121075630188,0.876836359500885
425,426,600,160,120,120,160,40,0,0.0,9,0.0,0,0.0,6,1,0.0043103448275862,3,0.0129310344827586,0.5,38,6.333333333333333,41.60121794871797,2.0336538461538463,232,0.8655843138694763,0.98158460855484,0.919731855392456,138,210.16666666666663,4788.566666666667,46,16,23,16,0.8043708205223083,0.9631924629211426,0.8645740747451782,0.7696367502212524,0.9404245018959044,0.8450527787208557
426,427,840,160,200,160,160,160,0,0.0,10,0.0166666666666666,4,0.0111111111111111,14,2,0.0055555555555555,2,0.0055555555555555,0.0588235294117647,39,2.294117647058824,37.35353928148445,2.285234899328859,360,0.9191417694091796,0.9881962537765504,0.945280134677887,194,120.47058823529412,2860.014705882353,90,27,14,9,0.8648472428321838,0.9579578042030334,0.8868290781974792,0.8687441945075989,0.9469548463821412,0.8931468725204468
427,428,560,120,120,120,120,80,0,0.0,2,0.0,2,0.0119047619047619,5,2,0.0119047619047619,0,0.0,0.0,26,5.2,32.78878947368423,2.1842105263157894,168,0.8648570775985718,0.9757879376411438,0.9174529910087584,110,195.8,7944.2,42,8,13,13,0.8181304335594177,0.9626073837280272,0.8503588438034058,0.7764636278152466,0.9371517896652222,0.831779420375824
428,429,600,120,120,120,120,120,0,0.0,4,0.0077519379844961,1,0.003875968992248,6,4,0.0155038759689922,4,0.0155038759689922,0.1428571428571428,37,5.285714285714286,28.768700440528647,2.20704845814978,258,0.932420551776886,0.9859438538551332,0.9591506123542786,122,207.42857142857144,9343.952380952382,61,25,8,24,0.8565744161605835,0.9664050936698914,0.8959960341453552,0.8584581017494202,0.9532447457313538,0.9037063121795654
429,430,720,200,160,200,160,0,0,0.0,1,0.0055096418732782,2,0.0055096418732782,10,4,0.0110192837465564,0,0.0,0.4,42,4.2,30.02050000000002,2.2133333333333334,363,0.8898001313209534,0.9839957356452942,0.9398884773254396,187,199.8,3777.733333333333,75,30,19,15,0.8624858856201172,0.9658560156822203,0.8863443732261658,0.8457038402557373,0.951988399028778,0.8875977993011475
430,431,440,120,80,80,80,80,0,0.0,5,0.0085470085470085,4,0.017094017094017,9,1,0.0042735042735042,0,0.0,0.0,30,3.333333333333333,38.04956570783983,2.218274111675127,234,0.8792262673377991,0.9781043529510498,0.9153833389282228,128,149.22222222222223,2266.6944444444443,68,16,6,14,0.8516196608543396,0.9645671844482422,0.8772014379501343,0.8433825969696045,0.9506829977035522,0.8764994144439697
431,432,600,160,120,120,120,80,0,0.0,1,0.0094786729857819,5,0.0236966824644549,8,0,0.0,0,0.0,0.0,33,4.125,38.95760838150291,2.213872832369942,211,0.9236911535263062,0.9893168210983276,0.9576588869094848,107,145.625,414.8392857142857,47,13,13,8,0.8342397809028625,0.9657608270645142,0.8862242698669434,0.8555554151535034,0.9574875235557556,0.9035762548446656
432,433,640,160,160,160,160,0,0,0.0,2,0.0132890365448504,0,0.0,12,0,0.0,0,0.0,0.25,43,3.583333333333333,36.065070281124505,2.265060240963856,301,0.9013226628303528,0.9778785705566406,0.91746187210083,157,134.66666666666666,709.1515151515151,66,17,25,13,0.8717420101165771,0.9699536561965942,0.8991439342498779,0.8616694808006287,0.957505702972412,0.8954314589500427
433,434,960,160,200,200,200,200,0,0.0,6,0.0112994350282485,0,0.0,12,0,0.0,0,0.0,0.0769230769230769,45,3.4615384615384617,35.26133366633371,2.24025974025974,354,0.8751110434532166,0.9778555631637572,0.8939740657806396,200,154.69230769230768,4930.564102564103,80,23,13,31,0.8906928300857544,0.9709648489952089,0.905491590499878,0.8692950010299683,0.9489676356315612,0.891819953918457
434,435,680,160,160,160,120,80,0,0.0,0,0.0,1,0.0032258064516129,7,2,0.0064516129032258,1,0.0032258064516129,0.2857142857142857,29,4.142857142857143,24.16043478260871,2.177536231884058,310,0.8944082260131836,0.98084956407547,0.9225383400917052,166,251.42857142857144,9424.285714285714,65,23,13,27,0.8577808737754822,0.9696977734565736,0.8797874450683594,0.8311347961425781,0.9490595459938048,0.8768161535263062
435,436,400,160,80,40,80,40,0,0.0,6,0.0053475935828877,0,0.0,7,1,0.0053475935828877,0,0.0,0.0,26,2.6,34.67025806451617,2.341935483870968,187,0.8776968717575073,0.9864051342010498,0.9304792284965516,127,109.3,2439.3444444444444,41,7,8,10,0.826651930809021,0.9647479057312012,0.8649150729179382,0.8084890842437744,0.9518447518348694,0.8656861782073975
436,437,600,120,120,120,120,120,0,0.0,6,0.012012012012012,0,0.0,10,3,0.009009009009009,3,0.009009009009009,0.2,39,3.9,36.926163934426256,2.137704918032787,333,0.9193304181098938,0.9826167821884156,0.9370540380477904,171,188.7,9990.011111111113,79,41,18,15,0.8683996200561523,0.9633877277374268,0.8844219446182251,0.85987389087677,0.9485011100769044,0.887463390827179
437,438,520,160,120,120,120,0,1,0.0045454545454545,2,0.009090909090909,2,0.009090909090909,7,2,0.009090909090909,1,0.0045454545454545,0.1428571428571428,23,3.2857142857142856,67.61081081081083,1.8216216216216217,220,0.8393855690956116,0.96459299325943,0.8776178359985352,108,147.71428571428572,4271.571428571428,36,12,14,20,0.8230158090591431,0.9609628319740297,0.8517475128173828,0.7959446310997009,0.9280310273170472,0.851254940032959
438,439,640,120,120,120,160,120,0,0.0,3,0.0043572984749455,4,0.008714596949891,13,2,0.0043572984749455,2,0.0043572984749455,0.0769230769230769,47,3.615384615384616,28.23468325791856,2.2254901960784315,459,0.8752296566963196,0.9713589549064636,0.948327898979187,222,205.7692307692308,10586.52564102564,122,51,14,26,0.8313756585121155,0.9573913812637328,0.8719264268875122,0.8274735808372498,0.942573308944702,0.8890470862388611
439,440,480,120,80,80,120,80,0,0.0,4,0.0277777777777777,2,0.0111111111111111,6,4,0.0222222222222222,0,0.0,0.1666666666666666,23,3.8333333333333335,51.33501572327047,2.0125786163522013,180,0.86014723777771,0.9795097708702089,0.9107702374458312,101,157.0,3434.4,39,12,6,13,0.8185359239578247,0.9562447667121888,0.8382619619369507,0.8215083479881287,0.938912272453308,0.8530885577201843
440,441,680,120,120,160,160,120,0,0.0,7,0.0176767676767676,4,0.0101010101010101,9,4,0.0101010101010101,0,0.0,0.6666666666666666,46,5.111111111111111,29.83307592049531,2.126099706744868,396,0.9043349623680116,0.9814491271972656,0.9484300017356871,196,237.77777777777777,7218.944444444444,82,17,24,25,0.8524600863456726,0.9691985249519348,0.8875138759613037,0.8178852796554565,0.943686544895172,0.8770933151245117
441,442,680,120,160,120,120,160,0,0.0,4,0.0109890109890109,0,0.0,6,3,0.0109890109890109,0,0.0,0.1666666666666666,31,5.166666666666667,23.65021725032428,2.147859922178988,273,0.857574462890625,0.9718049168586732,0.9058956503868104,149,259.6666666666667,6123.066666666667,61,23,20,20,0.8437661528587341,0.9651001691818236,0.8553131818771362,0.8184178471565247,0.9418236017227172,0.8649967908859253
442,443,0,0,0,0,0,0,0,0.0,4,0.0035587188612099,0,0.0,5,1,0.0035587188612099,2,0.0071174377224199,1.0,26,5.2,21.764714285714305,2.0793650793650795,281,0.8288919925689697,0.9662456512451172,0.87293940782547,152,302.2,2037.2,74,13,15,23,0.8455003499984741,0.9672980308532716,0.8619598150253296,0.7983736991882324,0.9361512064933776,0.8544147610664368
443,444,480,120,0,160,120,80,0,0.0,3,0.0067340067340067,3,0.0101010101010101,9,1,0.0033670033670033,2,0.0067340067340067,0.2,36,3.6,39.41637951807232,2.1646586345381524,297,0.9040555953979492,0.9812383651733398,0.917016863822937,167,164.3,5380.011111111111,66,24,14,21,0.87473464012146,0.9635528326034546,0.8922051191329956,0.8504942059516907,0.9482200145721436,0.8906627893447876
444,445,200,80,40,40,40,0,1,0.0037735849056603,5,0.0113207547169811,1,0.0037735849056603,10,1,0.0037735849056603,1,0.0037735849056603,0.2,43,4.3,71.31514349775787,1.8295964125560535,265,0.8238487839698792,0.957797110080719,0.854000985622406,138,126.5,803.8333333333334,34,9,22,23,0.8296661376953125,0.9580692648887634,0.8522617816925049,0.7984548211097717,0.9191918969154358,0.8318011164665222
445,446,480,80,80,80,120,120,0,0.0,1,0.0,0,0.0,4,1,0.0075757575757575,0,0.0,0.25,18,4.5,55.05142241379312,1.9396551724137927,132,0.8490284085273743,0.9684919714927672,0.8994823098182678,77,171.25,6746.916666666667,27,3,5,14,0.8051599860191345,0.9511865973472596,0.8120468258857727,0.775924026966095,0.9275699853897096,0.8205099105834961
446,447,400,160,40,40,160,0,0,0.0,4,0.0110803324099723,0,0.0,8,0,0.0,0,0.0,0.125,46,5.75,16.86794535928145,2.236526946107785,361,0.8912904262542725,0.9821153283119202,0.927304983139038,210,269.625,11024.55357142857,89,30,14,35,0.8680996894836426,0.9630874991416932,0.8868204951286316,0.8615940809249878,0.952980935573578,0.897003173828125
447,448,480,80,120,120,80,80,0,0.0,0,0.0,4,0.0150375939849624,8,1,0.0037593984962406,0,0.0,0.1818181818181818,41,3.727272727272727,48.44561703002881,2.122171945701357,266,0.9151993989944458,0.9814046621322632,0.9408034682273864,139,129.8181818181818,3225.3636363636365,55,23,14,15,0.8797970414161682,0.9661282300949096,0.890049934387207,0.8644849061965942,0.9447946548461914,0.8913590312004089
448,449,440,160,40,40,160,40,0,0.0,2,0.0115830115830115,2,0.0077220077220077,6,1,0.0038610038610038,0,0.0,0.1666666666666666,42,7.0,19.343841991342025,2.2467532467532467,259,0.9278387427330016,0.986850082874298,0.9473082423210144,139,255.16666666666663,10232.566666666668,60,29,13,16,0.8744176626205444,0.96398264169693,0.8896089792251587,0.87416011095047,0.9527868032455444,0.8963999152183533
449,450,1000,200,200,200,200,200,1,0.0015337423312883,7,0.0061349693251533,2,0.0030674846625766,14,0,0.0,0,0.0,0.25,83,5.1875,28.9427281746032,2.165784832451499,652,0.9150204062461852,0.9735755324363708,0.9406465888023376,322,230.25,12485.933333333332,147,47,43,44,0.8442604541778564,0.9603831768035888,0.8835474848747253,0.8357718586921692,0.942391872406006,0.8840002417564392
450,451,720,160,160,160,160,80,2,0.0048899755501222,3,0.0097799511002444,0,0.0,11,1,0.0024449877750611,0,0.0,0.0,53,4.818181818181818,35.0321328671329,2.1367521367521367,409,0.9338077902793884,0.9846630692481996,0.9529622793197632,201,205.45454545454547,6097.072727272727,88,32,27,18,0.8655086755752563,0.9636282324790956,0.880267858505249,0.8521056771278381,0.9467616081237792,0.8841371536254883
451,452,0,0,0,0,0,0,1,0.0044843049327354,3,0.0089686098654708,2,0.0089686098654708,6,2,0.0089686098654708,5,0.0224215246636771,0.1111111111111111,24,2.6666666666666665,49.60854700854704,2.0923076923076924,223,0.8482193946838379,0.9739663004875184,0.926173210144043,135,135.22222222222223,7509.694444444444,47,15,12,14,0.833669900894165,0.9662174582481384,0.8617234230041504,0.8351236581802368,0.9484009146690368,0.8764779567718506
452,453,800,160,160,160,160,160,0,0.0,10,0.0166666666666666,4,0.0111111111111111,14,2,0.0055555555555555,2,0.0055555555555555,0.0588235294117647,39,2.294117647058824,37.35353928148445,2.285234899328859,360,0.9191417694091796,0.9881962537765504,0.945280134677887,194,120.47058823529412,2860.014705882353,90,27,14,9,0.8648472428321838,0.9579578042030334,0.8868290781974792,0.8687441945075989,0.9469548463821412,0.8931468725204468
453,454,600,160,160,120,160,0,0,0.0,6,0.0053475935828877,0,0.0,7,1,0.0053475935828877,0,0.0,0.0,26,2.6,34.67025806451617,2.341935483870968,187,0.8776968717575073,0.9864051342010498,0.9304792284965516,127,109.3,2439.3444444444444,41,7,8,10,0.826651930809021,0.9647479057312012,0.8649150729179382,0.8084890842437744,0.9518447518348694,0.8656861782073975
454,455,640,120,160,120,120,120,0,0.0,6,0.0049261083743842,0,0.0,14,1,0.0024630541871921,0,0.0,0.1764705882352941,53,3.117647058823529,51.52791217895612,2.07887323943662,406,0.9295101165771484,0.989132523536682,0.9534701108932496,191,125.11764705882354,2938.235294117647,112,15,12,18,0.8848108053207397,0.9601290225982666,0.8912654519081116,0.8758866190910339,0.9495937824249268,0.904750406742096
455,456,480,160,40,40,200,40,0,0.0,7,0.0059880239520958,1,0.0029940119760479,12,1,0.0029940119760479,1,0.0029940119760479,0.0833333333333333,42,3.5,31.8058764367816,2.2724137931034485,334,0.9145053029060364,0.985134482383728,0.9398621916770936,190,159.75,2356.568181818182,83,29,14,22,0.883414089679718,0.969749629497528,0.8991599678993225,0.8898986577987671,0.9550365209579468,0.912222683429718
456,457,0,0,0,0,0,0,0,0.0,3,0.0032362459546925,2,0.0064724919093851,10,1,0.0032362459546925,3,0.0097087378640776,0.3,33,3.3,42.074557620817856,2.1152416356877324,309,0.8853164911270142,0.9801670908927916,0.9383426904678344,178,173.0,4286.888888888889,66,24,14,23,0.8907524943351746,0.9745830297470092,0.9068551659584044,0.8791768550872803,0.962884485721588,0.910476565361023
457,458,680,200,160,120,160,40,0,0.0,1,0.0,0,0.0,5,0,0.0,0,0.0,0.4,24,4.8,28.11850000000002,2.145833333333333,219,0.8995506763458252,0.9811225533485411,0.9146857261657716,124,240.6,4018.3,47,15,6,8,0.8713309168815613,0.9633843302726746,0.8943642973899841,0.8568025827407837,0.9509406089782716,0.9004061222076416
458,459,600,120,200,120,160,0,0,0.0,4,0.0,1,0.0023041474654377,9,0,0.0,0,0.0,0.2222222222222222,45,5.0,28.128394744358783,2.082262210796915,434,0.8947309255599976,0.979809820652008,0.9305479526519777,221,265.0,8405.0,106,29,7,30,0.8574709892272949,0.9569103717803956,0.8720124363899231,0.8578974604606628,0.9452490210533142,0.8919543623924255
459,460,480,120,80,120,80,80,0,0.0,4,0.0163934426229508,0,0.0,5,0,0.0,0,0.0,0.6,27,5.4,27.17925118483416,2.113744075829384,244,0.8705875277519226,0.9714139699935912,0.9008232951164246,128,257.2,1412.7,53,14,8,16,0.8689568042755127,0.9736046195030212,0.895774781703949,0.8374534249305725,0.9457248449325562,0.8857782483100891
460,461,320,160,80,80,0,0,0,0.0,3,0.0087336244541484,0,0.0,8,0,0.0,0,0.0,0.125,24,3.0,35.30197208737866,2.2135922330097086,229,0.9156703352928162,0.980459988117218,0.9372910261154176,123,163.5,8129.428571428572,60,23,15,8,0.8518890738487244,0.9618716835975648,0.8700594305992126,0.8392286896705627,0.9474149346351624,0.8785225749015808
461,462,720,160,120,120,160,160,0,0.0,3,0.0102739726027397,0,0.0,9,2,0.0068493150684931,0,0.0,0.1111111111111111,34,3.7777777777777777,32.69302083333335,2.2109375,292,0.9344457387924194,0.988210380077362,0.9591680765151978,161,187.11111111111111,6034.611111111111,78,23,16,8,0.8540922403335571,0.9586246013641356,0.881931483745575,0.8360882997512817,0.945073127746582,0.8849080204963684
462,463,520,80,120,120,120,80,0,0.0,5,0.0076923076923076,3,0.0057692307692307,15,2,0.0038461538461538,0,0.0,0.125,70,4.375,47.2394526006712,2.0447427293064875,520,0.8801407217979431,0.9789174199104308,0.9380985498428344,241,170.125,7842.25,131,32,26,39,0.876435399055481,0.9695022106170654,0.9003344774246216,0.8503681421279907,0.946504533290863,0.8949475288391113
463,464,440,80,80,80,80,120,0,0.0,3,0.0061162079510703,3,0.0091743119266055,9,0,0.0,3,0.0091743119266055,0.2727272727272727,37,3.363636363636364,44.383636363636384,2.099290780141844,327,0.9213474988937378,0.9849224090576172,0.9433504343032836,160,161.27272727272728,9270.418181818182,77,25,18,18,0.8535345196723938,0.9662588238716124,0.8824511170387268,0.844361424446106,0.9520540237426758,0.8847684264183044
464,465,560,160,120,80,80,120,0,0.0,3,0.0,1,0.0034722222222222,8,0,0.0,0,0.0,0.125,39,4.875,26.287118902439023,2.2601626016260163,288,0.9182299375534058,0.9839107394218444,0.9409656524658204,157,207.125,5071.839285714285,69,38,9,12,0.848207950592041,0.9578282237052916,0.8649994134902954,0.8370566368103027,0.9481516480445862,0.8756349086761475
465,466,680,160,160,120,120,120,0,0.0,1,0.0039370078740157,0,0.0,8,2,0.0078740157480314,2,0.0078740157480314,0.1111111111111111,30,3.333333333333333,45.73288507391514,2.0901287553648067,254,0.9020402431488036,0.9802069067955016,0.9262561798095704,138,153.66666666666666,3069.5,64,18,13,17,0.8582754731178284,0.9696499109268188,0.8845645189285278,0.8431461453437805,0.9490931034088136,0.8897159099578857
466,467,520,120,120,120,120,40,0,0.0,1,0.00390625,0,0.0,6,0,0.0,0,0.0,0.0,34,2.833333333333333,30.528151408450704,2.3615023474178405,256,0.9191284775733948,0.982776403427124,0.9453643560409546,158,121.58333333333331,15171.35606060606,54,28,19,15,0.8583443760871887,0.9610543847084044,0.8812361359596252,0.8438498377799988,0.94021075963974,0.8684871196746826
467,468,840,200,200,160,160,120,0,0.0,9,0.0278637770897832,3,0.0092879256965944,13,0,0.0,0,0.0,0.0714285714285714,47,3.357142857142857,41.47592057761736,2.2093862815884475,323,0.9440916180610656,0.987613081932068,0.9588427543640136,172,132.35714285714286,4121.478021978022,67,20,12,18,0.8835231065750122,0.96495121717453,0.9029902815818788,0.8662923574447632,0.9532821774482728,0.9041725397109984
468,469,720,160,120,120,160,160,0,0.0,3,0.0172413793103448,0,0.0,8,1,0.0034482758620689,0,0.0,0.0,46,5.111111111111111,50.64968540829988,2.004016064257028,290,0.921271800994873,0.9815093874931335,0.9505780935287476,156,170.77777777777777,10103.444444444443,57,12,20,17,0.8697701096534729,0.9664819836616516,0.8838986158370972,0.8205471038818359,0.9419605135917664,0.874925971031189
469,470,760,160,120,160,200,120,0,0.0,1,0.0060240963855421,4,0.0120481927710843,9,1,0.003012048192771,1,0.003012048192771,0.1111111111111111,37,4.111111111111111,25.704709462112305,2.2508833922261484,332,0.910742461681366,0.9837056398391724,0.9400404691696168,154,207.22222222222223,5730.444444444444,81,22,13,20,0.866694986820221,0.9678815603256226,0.8735461831092834,0.8839841485023499,0.9555544853210448,0.8944412469863892
470,471,200,40,40,40,40,40,0,0.0,2,0.0038610038610038,1,0.0038610038610038,5,1,0.0038610038610038,3,0.0115830115830115,0.3333333333333333,29,4.833333333333333,31.391340579710167,2.1043478260869564,259,0.8709459900856018,0.9779965281486512,0.915989339351654,151,239.16666666666663,27254.166666666668,56,22,23,10,0.8278316259384155,0.9639801383018494,0.8550410866737366,0.8310900926589966,0.949272394180298,0.8740783333778381
471,472,600,80,120,120,120,160,0,0.0,1,0.0048543689320388,0,0.0,2,4,0.0194174757281553,8,0.0388349514563106,1.0,13,6.5,-6.1707258064515855,1.89247311827957,206,0.8147729635238647,0.9541664123535156,0.907511830329895,116,522.5,172284.5,57,4,7,18,0.7983675003051758,0.9509444236755372,0.8420341610908508,0.7555098533630371,0.9195514917373656,0.8267573714256287
472,473,760,160,200,120,160,120,0,0.0,5,0.0024509803921568,4,0.0098039215686274,12,0,0.0,0,0.0,0.1666666666666666,40,3.333333333333333,30.517761627906992,2.229651162790698,408,0.9167094230651855,0.980395495891571,0.9415505528450012,195,189.33333333333331,9402.242424242424,94,36,14,24,0.8810944557189941,0.9682645201683044,0.8922436237335205,0.8703714609146118,0.958093285560608,0.9004594087600708
473,474,680,160,160,160,120,80,0,0.0,3,0.0,1,0.0034722222222222,8,0,0.0,0,0.0,0.125,39,4.875,26.287118902439023,2.2601626016260163,288,0.9182299375534058,0.9839107394218444,0.9409656524658204,157,207.125,5071.839285714285,69,38,9,12,0.848207950592041,0.9578282237052916,0.8649994134902954,0.8370566368103027,0.9481516480445862,0.8756349086761475
474,475,0,0,0,0,0,0,0,0.0,5,0.010126582278481,2,0.0050632911392405,11,0,0.0,0,0.0,0.1538461538461538,46,3.5384615384615383,51.82615958668201,2.014925373134328,395,0.8956946730613708,0.9770197868347168,0.924509048461914,201,158.76923076923077,6533.858974358975,73,30,18,44,0.9120160937309264,0.9812566041946412,0.9179679155349731,0.8847998976707458,0.9570356607437134,0.9127679467201232
475,476,600,120,120,160,160,40,0,0.0,1,0.0053191489361702,0,0.0,6,0,0.0,0,0.0,0.0,24,3.0,54.85125000000004,2.05,188,0.879970908164978,0.97883540391922,0.929637849330902,97,118.25,3081.3571428571427,51,7,11,8,0.8446112275123596,0.965539276599884,0.8742401003837585,0.8400685787200928,0.9519070386886596,0.8835433721542358
476,477,600,160,200,120,120,0,0,0.0,3,0.0067340067340067,3,0.0101010101010101,9,1,0.0033670033670033,2,0.0067340067340067,0.2,36,3.6,39.41637951807232,2.1646586345381524,297,0.9040555953979492,0.9812383651733398,0.917016863822937,167,164.3,5380.011111111111,66,24,14,21,0.87473464012146,0.9635528326034546,0.8922051191329956,0.8504942059516907,0.9482200145721436,0.8906627893447876
477,478,400,120,40,80,80,80,0,0.0,3,0.0063291139240506,2,0.0126582278481012,5,2,0.0126582278481012,1,0.0063291139240506,0.0,22,3.142857142857143,55.538201438848944,2.0431654676258995,158,0.8274618983268738,0.9605993628501892,0.8883902430534363,92,122.71428571428572,5986.238095238095,38,9,8,11,0.8204923272132874,0.954815685749054,0.8562083840370178,0.8109500408172607,0.9382938146591188,0.8666923642158508
478,479,760,120,120,120,200,200,0,0.0,8,0.0217864923747276,8,0.0174291938997821,13,4,0.008714596949891,0,0.0,0.2307692307692307,51,3.923076923076923,41.47347362062024,2.083769633507853,459,0.920590341091156,0.983390212059021,0.9411671161651612,214,186.6153846153846,3772.089743589744,86,38,27,22,0.8615526556968689,0.9650164246559144,0.8925382494926453,0.8527106642723083,0.9436346292495728,0.88723224401474
479,480,560,120,120,120,120,80,0,0.0,3,0.0048076923076923,1,0.0048076923076923,7,1,0.0048076923076923,1,0.0048076923076923,0.0,27,3.375,47.66454545454548,2.1079545454545454,208,0.9032402634620668,0.9840431809425354,0.9341578483581544,121,140.75,4465.642857142857,43,16,10,10,0.869769275188446,0.96761554479599,0.8888234496116638,0.8641339540481567,0.9548692107200624,0.8835188150405884
480,481,520,160,120,80,120,40,1,0.0027027027027027,3,0.0054054054054054,2,0.0054054054054054,10,0,0.0,0,0.0,0.0,41,4.1,40.5208312101911,2.079617834394905,370,0.8708214163780212,0.972708523273468,0.9040409326553344,175,191.8,3137.0666666666666,86,26,21,23,0.8713257908821106,0.9697089195251464,0.8907206058502197,0.8583165407180786,0.9500235319137572,0.8954635858535767
481,482,520,200,40,40,200,40,0,0.0,12,0.0072815533980582,3,0.0072815533980582,12,0,0.0,0,0.0,0.1538461538461538,47,3.615384615384616,23.99251479289945,2.3402366863905324,412,0.924262762069702,0.9787976145744324,0.9377726316452026,214,180.0,6907.666666666667,89,25,18,20,0.8625139594078064,0.9592947959899902,0.8867570757865906,0.8723452687263489,0.9484501481056212,0.8967930674552917
482,483,680,160,200,200,120,0,0,0.0,1,0.0049382716049382,1,0.0024691358024691,11,4,0.0098765432098765,2,0.0049382716049382,0.1818181818181818,45,4.090909090909091,20.36355952070854,2.312320916905444,405,0.8833889961242676,0.9764397740364076,0.9168335795402528,191,212.1818181818182,4055.363636363637,79,26,13,20,0.8830879330635071,0.9653095602989196,0.9146078824996948,0.8700816631317139,0.959268033504486,0.9112825989723206
483,484,560,120,120,120,120,80,0,0.0,6,0.0405405405405405,0,0.0,8,1,0.0045045045045045,2,0.009009009009009,0.1818181818181818,32,2.909090909090909,43.843073593073626,2.2169312169312168,222,0.9255260229110718,0.98712557554245,0.9540690183639526,133,110.72727272727272,3964.6181818181817,34,19,13,11,0.8497147560119629,0.9664196372032166,0.881127655506134,0.8422098755836487,0.9464926719665528,0.8732955455780029
484,485,1000,200,200,200,200,200,0,0.0,3,0.0222222222222222,1,0.0037037037037037,9,3,0.0111111111111111,1,0.0037037037037037,0.2,35,3.5,47.31700000000003,2.091666666666667,270,0.92900949716568,0.9892781376838684,0.962735950946808,132,144.9,5262.988888888889,65,18,12,16,0.8538022637367249,0.9696513414382936,0.8885046243667603,0.8272073864936829,0.9480417370796204,0.8814930319786072
485,486,400,80,120,80,40,80,0,0.0,1,0.0,0,0.0,6,4,0.0161290322580645,2,0.0080645161290322,0.0,35,5.833333333333333,44.9532762557078,1.9680365296803648,248,0.8934211730957031,0.979271650314331,0.9396830797195436,145,218.0,28731.6,57,15,20,15,0.8333280682563782,0.9611561894416808,0.8628528118133545,0.7915581464767456,0.9329327940940856,0.8526414632797241
486,487,440,120,120,80,80,40,0,0.0,1,0.005181347150259,5,0.0259067357512953,6,2,0.0103626943005181,0,0.0,0.1666666666666666,17,2.833333333333333,20.12918674698797,2.36144578313253,193,0.8491324186325073,0.9745181798934937,0.916547417640686,105,193.0,10367.2,55,21,4,12,0.8379887938499451,0.9606900215148926,0.8656297922134399,0.8388421535491943,0.9494950771331788,0.886640191078186
487,488,480,80,200,80,120,0,0,0.0,2,0.0132743362831858,1,0.0044247787610619,3,2,0.0088495575221238,5,0.0221238938053097,0.0,23,7.666666666666667,-12.082367601246077,2.2242990654205608,226,0.7502039670944214,0.9516792893409728,0.8691652417182922,142,465.6666666666667,56161.333333333336,54,21,11,16,0.709568202495575,0.941160261631012,0.7924129366874695,0.6691587567329407,0.9094103574752808,0.7905070781707764
488,489,360,120,40,40,120,40,1,0.0044843049327354,3,0.0089686098654708,2,0.0089686098654708,6,2,0.0089686098654708,5,0.0224215246636771,0.1111111111111111,24,2.6666666666666665,49.60854700854704,2.0923076923076924,223,0.8482193946838379,0.9739663004875184,0.926173210144043,135,135.22222222222223,7509.694444444444,47,15,12,14,0.833669900894165,0.9662174582481384,0.8617234230041504,0.8351236581802368,0.9484009146690368,0.8764779567718506
489,490,720,120,200,120,120,160,0,0.0,4,0.002680965147453,1,0.002680965147453,10,2,0.0053619302949061,0,0.0,0.1818181818181818,42,3.8181818181818175,46.024943181818216,2.040625,373,0.9056999683380128,0.9802857041358948,0.9501166939735411,175,177.0909090909091,8294.290909090909,90,24,17,12,0.872630774974823,0.9636977314949036,0.8867838978767395,0.855636477470398,0.9456139206886292,0.8830823302268982
490,491,1000,200,200,200,200,200,0,0.0,10,0.0126582278481012,1,0.0025316455696202,8,0,0.0,1,0.0025316455696202,0.2142857142857142,49,3.5,56.4506778425656,1.9766763848396505,395,0.9284976720809937,0.9873979687690736,0.9521356225013732,197,146.0,17727.384615384617,83,25,16,35,0.901877760887146,0.9748488068580629,0.9219200015068054,0.8772358298301697,0.9488146901130676,0.9079429507255554
491,492,920,160,200,200,200,160,0,0.0,2,0.0132890365448504,0,0.0,12,0,0.0,0,0.0,0.25,43,3.583333333333333,36.065070281124505,2.265060240963856,301,0.9013226628303528,0.9778785705566406,0.91746187210083,157,134.66666666666666,709.1515151515151,66,17,25,13,0.8717420101165771,0.9699536561965942,0.8991439342498779,0.8616694808006287,0.957505702972412,0.8954314589500427
492,493,920,200,200,200,160,160,0,0.0,8,0.010204081632653,1,0.0020408163265306,6,0,0.0,2,0.0040816326530612,0.0,48,8.0,-11.97286384976526,2.223004694835681,490,0.9426766633987428,0.9884223341941832,0.9580923318862916,222,463.3333333333333,40300.66666666666,114,45,23,26,0.8884868621826172,0.9679386615753174,0.9033315181732178,0.8790197968482971,0.95492821931839,0.8886557221412659
493,494,520,120,120,120,80,80,1,0.0028653295128939,5,0.0085959885386819,1,0.0028653295128939,14,3,0.0085959885386819,2,0.0057306590257879,0.0555555555555555,54,3.0,43.6948088023088,2.217532467532468,349,0.8850118517875671,0.9824652671813964,0.9423682689666748,185,111.66666666666669,5019.058823529412,76,32,19,24,0.8525354862213135,0.9626798033714294,0.8815802931785583,0.8441253900527954,0.9453704953193665,0.886592447757721
494,495,480,160,40,40,200,40,0,0.0,1,0.0,1,0.0048309178743961,5,0,0.0,0,0.0,0.6,28,5.6,31.81645945945946,2.118918918918919,207,0.8963977098464966,0.9801356196403505,0.9165653586387634,115,229.2,5486.7,51,18,13,16,0.8678300380706787,0.9694907069206238,0.8824917078018188,0.8391297459602356,0.9508048295974731,0.8764917254447937
495,496,560,120,120,120,120,80,0,0.0,6,0.0138888888888888,2,0.0055555555555555,13,0,0.0,1,0.0027777777777777,0.0,54,3.6,37.13094887525564,2.239263803680981,360,0.9429137110710144,0.989477276802063,0.954567015171051,203,142.06666666666666,2904.9238095238097,86,35,16,26,0.8638535737991333,0.9601653814315796,0.8992716073989868,0.8480250239372253,0.9474499821662904,0.8966578841209412
496,497,600,120,160,120,120,80,0,0.0,2,0.0128205128205128,0,0.0,7,4,0.017094017094017,0,0.0,0.1428571428571428,21,3.0,43.81632075471697,2.056603773584906,234,0.9020617604255676,0.9846203327178956,0.951302707195282,135,188.7142857142857,1844.571428571429,54,14,16,13,0.8392525911331177,0.959177017211914,0.8702996373176575,0.8215301632881165,0.94139301776886,0.8763271570205688
497,498,720,160,120,160,120,160,0,0.0,3,0.0109289617486338,2,0.0054644808743169,10,0,0.0,0,0.0,0.1,45,4.5,22.71695768025081,2.2852664576802506,366,0.945041000843048,0.9869490265846252,0.9519191384315492,187,215.0,12545.333333333334,77,28,30,21,0.859756588935852,0.9542306065559388,0.8684444427490234,0.8535531759262085,0.941224992275238,0.8774979710578918
498,499,600,160,160,160,120,0,0,0.0,3,0.0061162079510703,3,0.0091743119266055,9,0,0.0,3,0.0091743119266055,0.2727272727272727,37,3.363636363636364,44.383636363636384,2.099290780141844,327,0.9213474988937378,0.9849224090576172,0.9433504343032836,160,161.27272727272728,9270.418181818182,77,25,18,18,0.8535345196723938,0.9662588238716124,0.8824511170387268,0.844361424446106,0.9520540237426758,0.8847684264183044
499,500,760,160,120,160,160,160,0,0.0,6,0.0101694915254237,1,0.0033898305084745,11,0,0.0,1,0.0033898305084745,0.1818181818181818,41,3.727272727272727,34.02861419068739,2.2642276422764227,295,0.94985830783844,0.9893351793289183,0.9604206085205078,167,152.0,1857.4,62,24,15,15,0.8844225406646729,0.9664490222930908,0.8995627760887146,0.8832458257675171,0.9549281001091005,0.9015332460403442
500,501,800,200,200,200,200,0,0,0.0,2,0.002283105022831,3,0.0068493150684931,15,1,0.002283105022831,1,0.002283105022831,0.0476190476190476,53,2.523809523809524,43.02521126760563,2.2253521126760565,438,0.9177794456481934,0.98489248752594,0.9401488900184632,230,112.0952380952381,2201.390476190476,97,31,30,20,0.8695471882820129,0.9654963612556458,0.8796252608299255,0.8765456676483154,0.9530513882637024,0.8879286646842957
501,502,440,160,40,40,160,40,0,0.0,9,0.0126582278481012,2,0.0063291139240506,11,2,0.0063291139240506,0,0.0,0.0,38,3.4545454545454546,32.978873812754415,2.253731343283582,316,0.91413676738739,0.9841764569282532,0.9350789785385132,167,159.54545454545453,3945.072727272727,72,32,15,17,0.8495990037918091,0.964038610458374,0.871086835861206,0.854314923286438,0.9520570039749146,0.8961521983146667
502,503,400,80,80,80,80,80,0,0.0,2,0.0045662100456621,0,0.0,6,2,0.0091324200913242,0,0.0,0.0,25,2.272727272727273,70.82840909090913,1.9034090909090908,219,0.8588944673538208,0.9716950058937072,0.9248958826065063,101,93.1818181818182,3186.5636363636363,45,13,10,19,0.8318760395050049,0.958400011062622,0.8656761646270752,0.8009509444236755,0.938423991203308,0.8649060726165771
503,504,480,120,120,80,80,80,0,0.0,3,0.0086206896551724,1,0.0043103448275862,8,0,0.0,0,0.0,0.0,22,2.75,45.24509146341466,2.097560975609756,232,0.8567526936531067,0.9716918468475342,0.911812424659729,127,155.625,2039.982142857143,51,18,3,14,0.8551355004310608,0.9651970863342284,0.8788371086120605,0.856108546257019,0.946123480796814,0.8867439031600952
504,505,520,120,120,160,120,0,2,0.0057636887608069,8,0.0144092219020172,0,0.0,9,1,0.0028818443804034,1,0.0028818443804034,0.0,44,4.888888888888889,36.49254901960785,2.0980392156862746,347,0.9079694747924804,0.978800654411316,0.9182938933372498,182,208.88888888888889,12902.111111111111,87,19,12,23,0.8623442649841309,0.9589108228683472,0.8835645914077759,0.8372490406036377,0.9435734748840332,0.8834988474845886
505,506,1000,200,200,200,200,200,1,0.0038167938931297,3,0.0,0,0.0,6,0,0.0,3,0.0114503816793893,0.1428571428571428,44,6.285714285714286,37.14632286995519,2.116591928251121,262,0.9254149198532104,0.9796246886253356,0.936914563179016,150,202.42857142857144,9083.619047619048,57,15,12,27,0.8824208378791809,0.9696775674819946,0.8951271772384644,0.840226411819458,0.945155382156372,0.8651324510574341
506,507,680,120,120,120,160,160,0,0.0,4,0.0163934426229508,0,0.0,5,0,0.0,0,0.0,0.6,27,5.4,27.17925118483416,2.113744075829384,244,0.8705875277519226,0.9714139699935912,0.9008232951164246,128,257.2,1412.7,53,14,8,16,0.8689568042755127,0.9736046195030212,0.895774781703949,0.8374534249305725,0.9457248449325562,0.8857782483100891
507,508,0,0,0,0,0,0,0,0.0,1,0.0091324200913242,0,0.0,6,2,0.0091324200913242,12,0.0547945205479452,0.0,24,4.0,30.262891156462597,2.183673469387755,219,0.8759921193122864,0.9695658087730408,0.923407793045044,128,206.83333333333331,11531.366666666669,59,12,6,9,0.7866880893707275,0.9471827149391174,0.8163110017776489,0.7688143849372864,0.9271475672721864,0.834297776222229
508,509,400,80,80,80,80,80,0,0.0,4,0.0109890109890109,0,0.0,6,3,0.0109890109890109,0,0.0,0.1666666666666666,31,5.166666666666667,23.65021725032428,2.147859922178988,273,0.857574462890625,0.9718049168586732,0.9058956503868104,149,259.6666666666667,6123.066666666667,61,23,20,20,0.8437661528587341,0.9651001691818236,0.8553131818771362,0.8184178471565247,0.9418236017227172,0.8649967908859253
509,510,880,160,200,200,160,160,0,0.0,3,0.0,3,0.0061728395061728,15,0,0.0,2,0.0041152263374485,0.1333333333333333,60,4.0,48.414111111111154,2.039506172839506,486,0.8887929320335388,0.9748070240020752,0.9009068608283995,227,167.2,5363.457142857143,97,35,20,37,0.8714929223060608,0.972468376159668,0.8943796753883362,0.8354114294052124,0.9480606317520142,0.8719160556793213
510,511,560,160,120,80,120,80,0,0.0,3,0.0056022408963585,0,0.0,9,0,0.0,0,0.0,0.0,37,3.363636363636364,38.18262237762241,2.144230769230769,357,0.9079604148864746,0.9777233600616456,0.9385900497436525,175,179.0,12980.2,86,28,19,29,0.8557800650596619,0.9534180164337158,0.8783558011054993,0.8489382266998291,0.9375016093254088,0.8857794404029846
511,512,760,160,200,200,200,0,0,0.0,7,0.0072815533980582,0,0.0,11,1,0.0024271844660194,0,0.0,0.4545454545454545,47,4.2727272727272725,33.7309090909091,2.13031914893617,412,0.928283154964447,0.9829463958740234,0.9439816474914552,207,210.0909090909091,14869.89090909091,94,28,21,25,0.8926056623458862,0.9667115211486816,0.9064321517944336,0.8707870244979858,0.9478482604026794,0.9005838632583618
512,513,840,160,200,160,160,160,2,0.0057636887608069,8,0.0144092219020172,0,0.0,9,1,0.0028818443804034,1,0.0028818443804034,0.0,44,4.888888888888889,36.49254901960785,2.0980392156862746,347,0.9079694747924804,0.978800654411316,0.9182938933372498,182,208.88888888888889,12902.111111111111,87,19,12,23,0.8623442649841309,0.9589108228683472,0.8835645914077759,0.8372490406036377,0.9435734748840332,0.8834988474845886
513,514,720,80,160,120,200,160,1,0.0022883295194508,12,0.0091533180778032,5,0.011441647597254,16,8,0.0183066361556064,16,0.0366132723112128,0.0,55,3.4375,27.35531250000002,2.325520833333333,437,0.8371794819831848,0.9778842329978944,0.9334887862205504,218,162.375,5105.45,98,51,18,24,0.8247994780540466,0.9579756259918212,0.8757961392402649,0.8214040398597717,0.943753719329834,0.8921242952346802
514,515,800,200,200,200,200,0,0,0.0,4,0.0106007067137809,1,0.0035335689045936,8,1,0.0035335689045936,0,0.0,0.0,33,4.125,31.60781626506025,2.1927710843373496,283,0.9193321466445924,0.9814521670341492,0.9456992745399476,140,196.0,3406.0,65,21,14,22,0.8927116990089417,0.9748506546020508,0.9127373099327089,0.869199812412262,0.9579721093177797,0.908154845237732
515,516,680,120,160,120,160,120,0,0.0,5,0.0,1,0.003030303030303,12,1,0.003030303030303,0,0.0,0.2307692307692307,44,3.3846153846153846,20.861153846153872,2.4326241134751774,330,0.9235647916793824,0.9878811836242676,0.949537992477417,197,150.84615384615384,3012.141025641026,81,31,29,19,0.8487565517425537,0.9617852568626404,0.8779433369636536,0.8354269862174988,0.943121075630188,0.876836359500885
516,517,360,80,40,80,80,80,0,0.0,1,0.0048543689320388,0,0.0,2,4,0.0194174757281553,8,0.0388349514563106,1.0,13,6.5,-6.1707258064515855,1.89247311827957,206,0.8147729635238647,0.9541664123535156,0.907511830329895,116,522.5,172284.5,57,4,7,18,0.7983675003051758,0.9509444236755372,0.8420341610908508,0.7555098533630371,0.9195514917373656,0.8267573714256287
517,518,720,160,120,160,160,120,0,0.0,7,0.0136986301369863,2,0.0091324200913242,11,0,0.0,0,0.0,0.0909090909090909,37,3.363636363636364,39.62995670995673,2.2645502645502646,219,0.9130436182022096,0.9857600331306458,0.9470390677452089,134,115.1818181818182,945.7636363636364,44,15,10,21,0.849437952041626,0.9638826847076416,0.8796090483665466,0.8487572073936462,0.9471038579940796,0.8831605911254883
518,519,720,160,120,120,120,200,0,0.0,3,0.0052083333333333,3,0.015625,6,0,0.0,1,0.0052083333333333,0.0,29,3.625,34.60767045454547,2.278787878787879,192,0.8908505439758301,0.9810141324996948,0.9383405447006226,114,135.75,5271.357142857143,41,10,14,13,0.850516676902771,0.965966820716858,0.8696174025535583,0.8432194590568542,0.9539321660995485,0.8845677375793457
519,520,360,80,40,40,160,40,0,0.0,8,0.004,7,0.014,13,3,0.006,2,0.004,0.1333333333333333,59,3.933333333333333,31.73553132250582,2.213457076566125,500,0.8743227124214172,0.97429758310318,0.92269766330719,237,187.46666666666667,7457.552380952381,107,40,27,28,0.8560768961906433,0.9651391506195068,0.8864389061927795,0.8598080277442932,0.9458785057067872,0.8931300640106201
520,521,400,80,80,80,80,80,0,0.0,3,0.0211640211640211,0,0.0,6,0,0.0,0,0.0,0.1428571428571428,24,3.4285714285714284,54.34526315789474,2.0058479532163744,189,0.9119081497192384,0.981608271598816,0.926871418952942,96,146.57142857142858,8595.285714285714,27,14,7,19,0.8481646180152893,0.9697237014770508,0.8714617490768433,0.8305917978286743,0.9480738639831544,0.8601967096328735
521,522,760,160,160,120,160,160,0,0.0,3,0.0,1,0.0040485829959514,8,1,0.0040485829959514,2,0.0080971659919028,0.1,31,3.1,38.84921126760563,2.2253521126760565,247,0.8989458680152893,0.9838783740997314,0.9449225068092346,147,137.7,4962.011111111111,56,17,8,12,0.8664126992225647,0.9683582186698914,0.8919544219970703,0.8655247688293457,0.9599093198776244,0.8992425799369812
522,523,320,80,40,40,120,40,1,0.0076923076923076,2,0.0,1,0.0076923076923076,2,5,0.0384615384615384,3,0.023076923076923,0.0,12,6.0,22.642307692307725,1.9658119658119655,130,0.7937003374099731,0.9583477973937988,0.8647948503494263,81,337.0,33282.0,25,8,7,9,0.7289034128189087,0.9411194920539856,0.7721747159957886,0.7255591154098511,0.908963143825531,0.7719371318817139
523,524,600,160,120,160,160,0,0,0.0,6,0.0171821305841924,2,0.0068728522336769,9,0,0.0,0,0.0,0.1111111111111111,37,4.111111111111111,37.78764478764478,2.146718146718147,291,0.8998334407806396,0.9791454672813416,0.9372194409370422,147,183.77777777777777,11383.194444444443,70,17,16,23,0.8672574162483215,0.966882348060608,0.8800426125526428,0.8543262481689453,0.9500918984413148,0.8856149911880493
524,525,560,120,120,120,120,80,0,0.0,1,0.0085470085470085,0,0.0,5,1,0.0042735042735042,2,0.0085470085470085,0.2,20,4.0,19.781647058823545,2.2107843137254903,234,0.9228022694587708,0.9842507243156432,0.9565778970718384,113,257.4,10015.3,64,16,7,22,0.8587737083435059,0.9607924222946168,0.879686713218689,0.8466882109642029,0.9431820511817932,0.8915732502937317
525,526,400,120,80,80,80,40,0,0.0,1,0.0039370078740157,0,0.0,8,2,0.0078740157480314,2,0.0078740157480314,0.1111111111111111,30,3.333333333333333,45.73288507391514,2.0901287553648067,254,0.9020402431488036,0.9802069067955016,0.9262561798095704,138,153.66666666666666,3069.5,64,18,13,17,0.8582754731178284,0.9696499109268188,0.8845645189285278,0.8431461453437805,0.9490931034088136,0.8897159099578857
526,527,560,160,120,120,120,40,0,0.0,0,0.0,0,0.0,5,0,0.0,1,0.005,0.2,21,4.2,37.32861290322584,2.053763440860215,200,0.904654622077942,0.9826379418373108,0.9174832701683044,114,220.8,1863.7,48,17,8,18,0.8562037944793701,0.9642603993415833,0.8566639423370361,0.8286755681037903,0.944707453250885,0.8548026084899902
527,528,640,120,120,80,120,200,0,0.0,3,0.0032362459546925,2,0.0064724919093851,10,1,0.0032362459546925,3,0.0097087378640776,0.3,33,3.3,42.074557620817856,2.1152416356877324,309,0.8853164911270142,0.9801670908927916,0.9383426904678344,178,173.0,4286.888888888889,66,24,14,23,0.8907524943351746,0.9745830297470092,0.9068551659584044,0.8791768550872803,0.962884485721588,0.910476565361023
528,529,720,160,120,160,160,120,0,0.0,11,0.0193704600484261,0,0.0,10,1,0.0024213075060532,0,0.0,0.0,45,4.5,34.157109756097576,2.0948509485094853,413,0.9285707473754884,0.982710301876068,0.9415581822395324,220,232.0,2648.0,94,39,12,20,0.8593059778213501,0.9556072354316713,0.8662758469581604,0.8494886755943298,0.9452058672904968,0.8812261819839478
529,530,480,80,120,80,120,80,0,0.0,9,0.0278637770897832,3,0.0092879256965944,13,0,0.0,0,0.0,0.0714285714285714,47,3.357142857142857,41.47592057761736,2.2093862815884475,323,0.9440916180610656,0.987613081932068,0.9588427543640136,172,132.35714285714286,4121.478021978022,67,20,12,18,0.8835231065750122,0.96495121717453,0.9029902815818788,0.8662923574447632,0.9532821774482728,0.9041725397109984
530,531,760,160,160,160,160,120,0,0.0,2,0.0055865921787709,2,0.0055865921787709,11,3,0.0083798882681564,1,0.0027932960893854,0.0909090909090909,50,4.545454545454546,29.967545454545466,2.2533333333333334,358,0.9075992703437804,0.9781239628791808,0.9256564378738404,168,185.9090909090909,5628.090909090909,78,33,17,25,0.892116367816925,0.9658303260803224,0.90311598777771,0.8942258954048157,0.9524065852165222,0.908007264137268
531,532,720,160,160,160,160,80,0,0.0,6,0.0093023255813953,0,0.0,12,0,0.0,1,0.0023255813953488,0.1666666666666666,49,4.083333333333333,30.75520669291341,2.1968503937007875,430,0.930915355682373,0.984328031539917,0.9367967247962952,225,205.33333333333331,15296.242424242424,98,32,31,26,0.8711663484573364,0.9604501128196716,0.8883696794509888,0.8665626049041748,0.9397419691085817,0.8888093829154968
532,533,480,120,80,80,80,120,0,0.0,2,0.0026246719160104,0,0.0,12,3,0.0078740157480314,1,0.0026246719160104,0.1666666666666666,55,3.055555555555556,65.55729707252164,1.9431137724550895,381,0.8664268851280212,0.9642214179039,0.9201774597167968,192,107.66666666666669,3126.235294117647,86,28,24,31,0.8308315277099609,0.9511297941207886,0.8656687140464783,0.8127532005310059,0.9207054376602172,0.8645974397659302
533,534,400,120,80,80,80,40,0,0.0,5,0.0024509803921568,4,0.0098039215686274,12,0,0.0,0,0.0,0.1666666666666666,40,3.333333333333333,30.517761627906992,2.229651162790698,408,0.9167094230651855,0.980395495891571,0.9415505528450012,195,189.33333333333331,9402.242424242424,94,36,14,24,0.8810944557189941,0.9682645201683044,0.8922436237335205,0.8703714609146118,0.958093285560608,0.9004594087600708
534,535,680,160,120,120,160,120,0,0.0,6,0.0086206896551724,1,0.0043103448275862,6,1,0.0043103448275862,1,0.0043103448275862,0.1428571428571428,36,5.142857142857143,28.276782178217857,2.257425742574257,232,0.939150094985962,0.9814749360084534,0.9448636770248412,126,188.8571428571429,11466.142857142857,47,20,13,16,0.8528868556022644,0.9590189456939696,0.8820792436599731,0.8337677121162415,0.938357949256897,0.8727332353591919
535,536,480,160,40,40,200,40,0,0.0,5,0.0083333333333333,1,0.0041666666666666,10,0,0.0,1,0.0041666666666666,0.0,42,3.5,41.35300174520073,2.256544502617801,240,0.8927165269851685,0.9780255556106568,0.8954371213912964,130,105.33333333333331,1055.878787878788,52,25,17,12,0.881895899772644,0.969965636730194,0.900745451450348,0.8741283416748047,0.95725679397583,0.900860607624054
536,537,760,160,200,160,120,120,0,0.0,7,0.0101522842639593,3,0.0076142131979695,10,4,0.0101522842639593,1,0.0025380710659898,0.0909090909090909,55,5.0,43.767798466593696,2.0542168674698797,394,0.9124576449394226,0.9796355366706848,0.948502779006958,191,190.0909090909091,9544.89090909091,82,37,16,31,0.8571946024894714,0.9607897996902466,0.8819538354873657,0.8447015881538391,0.9420807957649232,0.8891400694847107
537,538,480,120,120,80,120,40,0,0.0,2,0.0052631578947368,0,0.0,5,1,0.0052631578947368,0,0.0,0.2,21,4.2,30.92742857142862,2.1726190476190474,190,0.8972427248954773,0.9787352085113524,0.9135249853134156,117,208.2,8263.7,46,15,7,14,0.8582978248596191,0.970297873020172,0.8769298195838928,0.8054682016372681,0.946609377861023,0.868225634098053
538,539,720,160,120,160,160,120,0,0.0,0,0.0,2,0.0091743119266055,7,0,0.0,0,0.0,0.25,29,3.625,35.604615384615386,2.2205128205128206,218,0.8850207924842834,0.9782923460006714,0.9070435166358948,123,160.5,5275.428571428572,48,18,7,18,0.8674232959747314,0.9633093476295472,0.8944317102432251,0.8376968502998352,0.9414560794830322,0.8912299871444702
539,540,640,120,120,200,120,80,0,0.0,2,0.0026246719160104,0,0.0,12,3,0.0078740157480314,1,0.0026246719160104,0.1666666666666666,55,3.055555555555556,65.55729707252164,1.9431137724550895,381,0.8664268851280212,0.9642214179039,0.9201774597167968,192,107.66666666666669,3126.235294117647,86,28,24,31,0.8308315277099609,0.9511297941207886,0.8656687140464783,0.8127532005310059,0.9207054376602172,0.8645974397659302
540,541,0,0,0,0,0,0,0,0.0,3,0.0030959752321981,1,0.0030959752321981,9,0,0.0,1,0.0030959752321981,0.2727272727272727,38,3.4545454545454546,51.6744121667806,2.0338345864661656,323,0.8670819997787476,0.9716748595237732,0.9211283922195436,154,148.8181818181818,7685.363636363636,77,20,24,11,0.8324358463287354,0.9602072834968568,0.8527224063873291,0.8060784935951233,0.9357092976570128,0.8531094789505005
541,542,0,0,0,0,0,0,1,0.0076923076923076,2,0.0,1,0.0076923076923076,2,5,0.0384615384615384,3,0.023076923076923,0.0,12,6.0,22.642307692307725,1.9658119658119655,130,0.7937003374099731,0.9583477973937988,0.8647948503494263,81,337.0,33282.0,25,8,7,9,0.7289034128189087,0.9411194920539856,0.7721747159957886,0.7255591154098511,0.908963143825531,0.7719371318817139
542,543,480,120,120,120,120,0,0,0.0,3,0.0037174721189591,2,0.0074349442379182,10,0,0.0,2,0.0074349442379182,0.0,30,2.727272727272727,51.30512872083671,2.079646017699115,269,0.9092918038368224,0.9876445531845092,0.9476847052574158,142,126.45454545454544,2189.2727272727275,59,19,16,16,0.8521565198898315,0.965059757232666,0.8913978338241577,0.8591300249099731,0.9549925923347472,0.9036560654640198
543,544,640,120,200,160,160,0,0,0.0,9,0.0024038461538461,1,0.0024038461538461,6,0,0.0,0,0.0,0.0,40,6.666666666666667,-4.824971751412384,2.2824858757062145,416,0.9357028007507324,0.987309992313385,0.951413869857788,208,399.8333333333333,15813.766666666666,95,55,32,23,0.8643465638160706,0.959080696105957,0.8870205283164978,0.8477886915206909,0.9465633630752563,0.8786293864250183
544,545,0,0,0,0,0,0,0,0.0,2,0.0080971659919028,0,0.0,9,1,0.0040485829959514,0,0.0,0.1,28,2.8,42.05323584905664,2.188679245283019,247,0.90697979927063,0.9871922731399536,0.9418001770973206,132,131.9,1433.6555555555556,68,9,9,8,0.8430508375167847,0.966268002986908,0.8726148009300232,0.8200460076332092,0.9511711597442628,0.8678635358810425
545,546,680,120,160,160,120,120,0,0.0,5,0.0163487738419618,0,0.0,8,2,0.0054495912806539,0,0.0,0.0,40,5.0,31.467946428571477,2.072948328267477,367,0.899700403213501,0.9785378575325012,0.9444082379341124,203,252.875,18603.55357142857,89,26,17,24,0.8514571189880371,0.9620656967163086,0.8764169216156006,0.8352409601211548,0.9390371441841124,0.8753997683525085
546,547,320,120,40,40,120,0,2,0.0096618357487922,3,0.0193236714975845,1,0.0048309178743961,2,0,0.0,5,0.0241545893719806,1.5,17,8.5,-7.089999999999989,1.9333333333333331,207,0.8717278242111206,0.96897292137146,0.912881076335907,130,527.0,87362.0,45,10,11,15,0.839527428150177,0.9604604244232178,0.8514973521232605,0.8014100790023804,0.9285162687301636,0.824560284614563
547,548,480,200,40,40,160,40,0,0.0,5,0.0083333333333333,1,0.0041666666666666,10,0,0.0,1,0.0041666666666666,0.0,42,3.5,41.35300174520073,2.256544502617801,240,0.8927165269851685,0.9780255556106568,0.8954371213912964,130,105.33333333333331,1055.878787878788,52,25,17,12,0.881895899772644,0.969965636730194,0.900745451450348,0.8741283416748047,0.95725679397583,0.900860607624054
548,549,720,120,200,120,160,120,0,0.0,7,0.0092807424593967,2,0.0046403712296983,12,3,0.0069605568445475,1,0.0023201856148491,0.0714285714285714,52,3.7142857142857135,49.23590336134457,2.044817927170868,431,0.8907734155654907,0.980771005153656,0.9355062246322632,185,154.5,8083.192307692308,92,26,24,24,0.8560482263565063,0.9700616002082824,0.8993101716041565,0.8463600277900696,0.9533055424690248,0.8996101021766663
549,550,680,120,120,120,160,160,0,0.0,1,0.0078125,0,0.0,5,1,0.00390625,0,0.0,0.6,33,6.6,19.796230769230803,2.141025641025641,256,0.9157240986824036,0.9822391271591188,0.9382641911506652,138,291.6,6089.8,56,32,16,15,0.8677271008491516,0.9669011831283568,0.8780837059020996,0.8427726626396179,0.944737195968628,0.8755890727043152
550,551,680,120,160,120,160,120,0,0.0,6,0.0146520146520146,1,0.0036630036630036,8,0,0.0,4,0.0146520146520146,0.1818181818181818,38,3.4545454545454546,57.98902112410413,1.987551867219917,273,0.8696275949478149,0.9728907346725464,0.936900794506073,129,130.27272727272728,4995.418181818181,56,11,14,23,0.8589804768562317,0.9718607664108276,0.9014543294906616,0.8124755620956421,0.9416367411613464,0.8710169792175293
551,552,400,120,80,80,120,0,0,0.0,0,0.0176470588235294,1,0.0058823529411764,7,0,0.0,1,0.0058823529411764,0.1428571428571428,21,3.0,52.0237837837838,2.0675675675675675,170,0.8602397441864014,0.9702500104904176,0.9193474054336548,77,128.28571428571428,3387.5714285714284,38,10,7,9,0.8796024322509766,0.9739633202552797,0.9077063202857972,0.846923828125,0.94819974899292,0.8897204995155334
552,553,680,160,160,120,120,120,0,0.0,3,0.0052083333333333,3,0.015625,6,0,0.0,1,0.0052083333333333,0.0,29,3.625,34.60767045454547,2.278787878787879,192,0.8908505439758301,0.9810141324996948,0.9383405447006226,114,135.75,5271.357142857143,41,10,14,13,0.850516676902771,0.965966820716858,0.8696174025535583,0.8432194590568542,0.9539321660995485,0.8845677375793457
553,554,600,120,200,120,160,0,1,0.0028653295128939,5,0.0085959885386819,1,0.0028653295128939,14,3,0.0085959885386819,2,0.0057306590257879,0.0555555555555555,54,3.0,43.6948088023088,2.217532467532468,349,0.8850118517875671,0.9824652671813964,0.9423682689666748,185,111.66666666666669,5019.058823529412,76,32,19,24,0.8525354862213135,0.9626798033714294,0.8815802931785583,0.8441253900527954,0.9453704953193665,0.886592447757721
554,555,800,160,160,200,160,120,0,0.0,4,0.0023148148148148,1,0.0023148148148148,15,1,0.0023148148148148,3,0.0069444444444444,0.0666666666666666,42,2.8,41.78875000000004,2.1354166666666665,432,0.9317978620529176,0.9887691140174866,0.9550772309303284,226,164.93333333333334,1855.209523809524,95,30,15,33,0.8596835136413574,0.9562276601791382,0.8800476789474487,0.829855740070343,0.9428296089172364,0.8902547955513
555,556,760,160,120,200,200,80,0,0.0,3,0.0028653295128939,2,0.0057306590257879,9,0,0.0,1,0.0028653295128939,0.2222222222222222,44,4.888888888888889,40.64099396521125,2.038338658146965,349,0.9523078203201294,0.9867544174194336,0.9524326920509338,187,216.66666666666663,2234.25,87,23,13,37,0.8653481006622314,0.9582393169403076,0.8825228214263916,0.8549557328224182,0.937112033367157,0.8821629881858826
556,557,440,80,80,80,120,80,0,0.0,8,0.004,7,0.014,13,3,0.006,2,0.004,0.1333333333333333,59,3.933333333333333,31.73553132250582,2.213457076566125,500,0.8743227124214172,0.97429758310318,0.92269766330719,237,187.46666666666667,7457.552380952381,107,40,27,28,0.8560768961906433,0.9651391506195068,0.8864389061927795,0.8598080277442932,0.9458785057067872,0.8931300640106201
557,558,400,120,80,80,80,40,0,0.0,3,0.0063291139240506,2,0.0126582278481012,5,2,0.0126582278481012,1,0.0063291139240506,0.0,22,3.142857142857143,55.538201438848944,2.0431654676258995,158,0.8274618983268738,0.9605993628501892,0.8883902430534363,92,122.71428571428572,5986.238095238095,38,9,8,11,0.8204923272132874,0.954815685749054,0.8562083840370178,0.8109500408172607,0.9382938146591188,0.8666923642158508
558,559,360,120,40,40,120,40,0,0.0,0,0.0,1,0.0047846889952153,6,0,0.0,2,0.0095693779904306,0.0,19,3.1666666666666665,36.2300675675676,2.135135135135135,209,0.7984523773193359,0.957665741443634,0.8536853790283203,131,192.66666666666663,5955.466666666666,56,13,9,10,0.7962777614593506,0.9539441466331482,0.8364214897155762,0.8035211563110352,0.9423617124557496,0.8575221300125122
559,560,880,200,160,200,160,160,0,0.0,6,0.0112994350282485,0,0.0,12,0,0.0,0,0.0,0.0769230769230769,45,3.4615384615384617,35.26133366633371,2.24025974025974,354,0.8751110434532166,0.9778555631637572,0.8939740657806396,200,154.69230769230768,4930.564102564103,80,23,13,31,0.8906928300857544,0.9709648489952089,0.905491590499878,0.8692950010299683,0.9489676356315612,0.891819953918457
560,561,760,160,160,160,160,120,0,0.0,5,0.0033333333333333,2,0.0066666666666666,10,0,0.0,0,0.0,0.0909090909090909,35,3.1818181818181817,28.514759959141998,2.310861423220974,300,0.9207068085670472,0.9819202423095704,0.9453020691871644,170,164.0,8439.8,79,34,18,25,0.845025360584259,0.9560539722442628,0.8745282888412476,0.847108781337738,0.9436197876930236,0.8798643946647644
561,562,480,120,120,120,120,0,0,0.0,4,0.0229885057471264,1,0.003831417624521,7,1,0.003831417624521,1,0.003831417624521,0.1428571428571428,34,4.857142857142857,58.24827586206899,1.853448275862069,261,0.862911581993103,0.965438961982727,0.9014331698417664,136,190.0,4207.0,53,14,13,19,0.8555083870887756,0.9633634090423584,0.8804755210876465,0.8005774021148682,0.9279741644859314,0.8473993539810181
562,563,280,120,40,40,80,0,0,0.0,4,0.0099502487562189,0,0.0,7,1,0.0049751243781094,0,0.0,0.1428571428571428,23,3.2857142857142856,36.665454545454566,2.2045454545454546,201,0.9349701404571532,0.9877643585205078,0.9497462511062622,121,162.0,6386.333333333333,50,19,11,8,0.8313888907432556,0.9563000202178956,0.8649696111679077,0.8093118071556091,0.9398033618927002,0.8620595335960388
563,564,760,200,120,120,160,160,0,0.0,6,0.023076923076923,1,0.0038461538461538,8,0,0.0,0,0.0,0.0,40,5.0,44.216908185840765,2.075221238938053,260,0.9351471662521362,0.9821469187736512,0.935005784034729,125,178.125,1386.125,46,14,16,19,0.8567232489585876,0.9636435508728028,0.8803812861442566,0.8524196147918701,0.9455159306526184,0.8787879347801208
564,565,640,160,160,120,120,80,0,0.0,1,0.0081743869209809,0,0.0,11,1,0.0027247956403269,2,0.0054495912806539,0.0476190476190476,52,2.4761904761904763,56.02074819401445,2.0928792569659445,367,0.916095733642578,0.9835784435272216,0.9267991185188292,200,93.14285714285714,1617.928571428571,91,27,12,21,0.8849141001701355,0.973791480064392,0.906493365764618,0.8739079833030701,0.9547916054725648,0.9054290056228638
565,566,600,120,120,120,120,120,0,0.0,2,0.00418410041841,0,0.0,6,1,0.00418410041841,0,0.0,0.1666666666666666,27,4.5,31.61984254992321,2.133640552995392,239,0.913312554359436,0.980796754360199,0.9414190649986268,139,222.5,2966.3,57,18,10,14,0.8346176147460938,0.9544636607170104,0.8516749143600464,0.8172401785850525,0.9359206557273864,0.8558149933815002
566,567,360,80,120,80,80,0,0,0.0,3,0.0078431372549019,0,0.0,4,3,0.0117647058823529,1,0.0039215686274509,0.2,24,4.8,29.353097560975637,2.0040650406504064,255,0.7373893857002258,0.9549707174301147,0.8604850172996521,149,282.8,31659.7,65,20,15,13,0.718070924282074,0.9459291696548462,0.7890448570251465,0.6989527940750122,0.9174923300743104,0.7930552959442139
567,568,800,200,120,200,160,120,0,0.0,10,0.0043763676148796,1,0.0021881838074398,13,0,0.0,0,0.0,0.0,48,3.692307692307693,24.11933734939759,2.272289156626506,457,0.9510050415992736,0.9886897206306458,0.9546387195587158,226,210.46153846153845,7128.4358974358975,122,42,15,26,0.8672770857810974,0.9583693742752076,0.8872623443603516,0.8609374165534973,0.9471206665039062,0.8886332511901855
568,569,560,120,120,160,120,40,0,0.0,2,0.0098039215686274,0,0.0,6,2,0.0065359477124183,1,0.0032679738562091,0.0,26,4.333333333333333,26.703333333333347,2.077777777777778,306,0.9056893587112428,0.9785870909690856,0.9330661296844482,154,279.3333333333333,13507.466666666667,69,36,13,25,0.8514520525932312,0.9641566276550292,0.8719902634620667,0.8234971761703491,0.9457968473434448,0.8744833469390869
569,570,640,120,120,120,160,120,1,0.0022883295194508,12,0.0091533180778032,5,0.011441647597254,16,8,0.0183066361556064,16,0.0366132723112128,0.0,55,3.4375,27.35531250000002,2.325520833333333,437,0.8371794819831848,0.9778842329978944,0.9334887862205504,218,162.375,5105.45,98,51,18,24,0.8247994780540466,0.9579756259918212,0.8757961392402649,0.8214040398597717,0.943753719329834,0.8921242952346802
570,571,720,160,200,160,200,0,0,0.0,2,0.0045662100456621,0,0.0,11,1,0.002283105022831,0,0.0,0.1818181818181818,45,4.090909090909091,29.248519061583607,2.185483870967742,438,0.8960220217704773,0.979711890220642,0.9328733086586,213,216.8181818181818,8355.563636363637,100,35,25,19,0.8715683221817017,0.9659955501556396,0.8924815654754639,0.8618271946907043,0.9499220848083496,0.8957119584083557
571,572,360,160,40,40,120,0,0,0.0,3,0.0,0,0.0,9,1,0.0049504950495049,1,0.0049504950495049,0.0,29,3.2222222222222223,43.142298850574754,2.1954022988505746,202,0.906358540058136,0.9862900972366332,0.9492468237876892,119,124.77777777777776,1088.4444444444443,47,12,14,16,0.8635244369506836,0.9638208150863647,0.8717561364173889,0.8420233130455017,0.951224684715271,0.882936418056488
572,573,720,160,120,160,120,160,0,0.0,4,0.0,0,0.0,12,1,0.0026178010471204,1,0.0026178010471204,0.125,45,2.8125,34.6118098564955,2.283987915407855,382,0.8787368535995483,0.9803051352500916,0.9030556678771972,212,136.9375,7218.195833333333,100,26,23,24,0.8684550523757935,0.966144561767578,0.8887001276016235,0.864538848400116,0.9518327116966248,0.891315221786499
573,574,520,120,120,120,120,40,0,0.0,3,0.00625,0,0.0,3,2,0.0125,0,0.0,0.0,17,3.4,45.77198473282445,2.0763358778625958,160,0.9239931702613832,0.9837249517440796,0.9479942321777344,93,159.0,9506.5,36,15,4,9,0.8344563245773315,0.960413694381714,0.8657235503196716,0.8265953660011292,0.9441632032394408,0.86006760597229
574,575,600,120,120,120,120,120,0,0.0,2,0.0111111111111111,2,0.0055555555555555,11,0,0.0,1,0.0027777777777777,0.1666666666666666,47,3.9166666666666665,44.64548160173163,2.1006493506493507,360,0.9138970971107484,0.9808497428894044,0.9459749460220336,187,163.0,7371.818181818182,72,33,20,18,0.8633362650871277,0.962410569190979,0.8848966956138611,0.854328989982605,0.9453393220901488,0.8874891996383667
575,576,800,200,200,200,120,80,0,0.0,2,0.002283105022831,3,0.0068493150684931,15,1,0.002283105022831,1,0.002283105022831,0.0476190476190476,53,2.523809523809524,43.02521126760563,2.2253521126760565,438,0.9177794456481934,0.98489248752594,0.9401488900184632,230,112.0952380952381,2201.390476190476,97,31,30,20,0.8695471882820129,0.9654963612556458,0.8796252608299255,0.8765456676483154,0.9530513882637024,0.8879286646842957
576,577,1000,200,200,200,200,200,4,0.0099750623441396,2,0.0074812967581047,0,0.0,11,0,0.0,0,0.0,0.0833333333333333,52,4.333333333333333,56.92231321839084,1.9195402298850572,401,0.920174777507782,0.982277512550354,0.9301273226737976,206,171.66666666666666,12903.878787878788,65,24,24,29,0.8597244620323181,0.9633714556694032,0.8784970045089722,0.8127065300941467,0.928515076637268,0.8384928107261658
577,578,360,160,40,40,120,0,0,0.0,6,0.0031645569620253,1,0.0031645569620253,9,2,0.0063291139240506,0,0.0,0.0909090909090909,34,3.090909090909091,26.93049029622068,2.3295880149812733,316,0.909479022026062,0.9790602326393129,0.945076823234558,157,163.0909090909091,12147.290909090909,80,24,14,26,0.8611067533493042,0.959928035736084,0.8789002895355225,0.8441504836082458,0.9452320337295532,0.8862729668617249
578,579,840,160,160,200,160,160,1,0.0022471910112359,5,0.0179775280898876,0,0.0,14,0,0.0,2,0.0044943820224719,0.0,59,3.6875,40.576686381074175,2.166240409207161,445,0.9436818957328796,0.985340178012848,0.9601486325263976,237,157.1875,10432.9625,93,18,20,29,0.8694591522216797,0.9540126323699952,0.8974736332893372,0.8300265073776245,0.9302791357040404,0.8822824954986572
579,580,520,120,120,120,120,40,0,0.0,1,0.0,0,0.0,6,4,0.0161290322580645,2,0.0080645161290322,0.0,35,5.833333333333333,44.9532762557078,1.9680365296803648,248,0.8934211730957031,0.979271650314331,0.9396830797195436,145,218.0,28731.6,57,15,20,15,0.8333280682563782,0.9611561894416808,0.8628528118133545,0.7915581464767456,0.9329327940940856,0.8526414632797241
580,581,560,120,120,120,120,80,0,0.0,3,0.0086206896551724,1,0.0043103448275862,8,0,0.0,0,0.0,0.0,22,2.75,45.24509146341466,2.097560975609756,232,0.8567526936531067,0.9716918468475342,0.911812424659729,127,155.625,2039.982142857143,51,18,3,14,0.8551355004310608,0.9651970863342284,0.8788371086120605,0.856108546257019,0.946123480796814,0.8867439031600952
581,582,400,160,40,40,120,40,5,0.0367647058823529,0,0.0,0,0.0,3,0,0.0,13,0.0955882352941176,0.0,11,3.6666666666666665,38.35860000000002,1.984,136,0.8328037261962891,0.9470552802085876,0.9015039801597596,91,239.33333333333331,12049.333333333334,33,5,8,11,0.7836198806762695,0.9315564036369324,0.829947829246521,0.7430362701416016,0.9002087712287903,0.8122433423995972
582,583,1000,200,200,200,200,200,0,0.0,2,0.002283105022831,3,0.0068493150684931,15,1,0.002283105022831,1,0.002283105022831,0.0476190476190476,53,2.523809523809524,43.02521126760563,2.2253521126760565,438,0.9177794456481934,0.98489248752594,0.9401488900184632,230,112.0952380952381,2201.390476190476,97,31,30,20,0.8695471882820129,0.9654963612556458,0.8796252608299255,0.8765456676483154,0.9530513882637024,0.8879286646842957
583,584,560,120,120,120,120,80,0,0.0,2,0.0,0,0.0,5,3,0.0206896551724137,1,0.0068965517241379,0.0,24,4.0,58.775705128205146,1.984615384615385,145,0.8690670132637024,0.9716081619262696,0.9186631441116332,86,129.5,2368.3,38,4,6,11,0.7971643805503845,0.9555728435516356,0.8360241651535034,0.7475150227546692,0.9273760914802552,0.8027661442756653
584,585,760,200,120,160,200,80,0,0.0,4,0.0108695652173913,1,0.0027173913043478,14,0,0.0,0,0.0,0.0,57,3.8,41.48732704402517,2.19496855345912,368,0.9147636294364928,0.9827535152435304,0.9373906254768372,205,138.13333333333333,4088.8380952380953,73,26,31,19,0.8601794242858887,0.9650800228118896,0.8963033556938171,0.8648672103881836,0.9536132216453552,0.8985351920127869
585,586,920,160,200,200,160,200,0,0.0,7,0.0101522842639593,3,0.0076142131979695,10,4,0.0101522842639593,1,0.0025380710659898,0.0909090909090909,55,5.0,43.767798466593696,2.0542168674698797,394,0.9124576449394226,0.9796355366706848,0.948502779006958,191,190.0909090909091,9544.89090909091,82,37,16,31,0.8571946024894714,0.9607897996902466,0.8819538354873657,0.8447015881538391,0.9420807957649232,0.8891400694847107
586,587,360,160,40,40,120,0,0,0.0,4,0.0110803324099723,0,0.0,8,0,0.0,0,0.0,0.125,46,5.75,16.86794535928145,2.236526946107785,361,0.8912904262542725,0.9821153283119202,0.927304983139038,210,269.625,11024.55357142857,89,30,14,35,0.8680996894836426,0.9630874991416932,0.8868204951286316,0.8615940809249878,0.952980935573578,0.897003173828125
587,588,440,200,40,40,120,40,0,0.0,3,0.0045045045045045,1,0.0045045045045045,9,1,0.0045045045045045,1,0.0045045045045045,0.2,28,2.8,51.48551546391754,2.0927835051546397,222,0.9213661551475524,0.986245095729828,0.9421952366828918,123,120.9,2514.5444444444443,47,21,11,14,0.8379626274108887,0.959671139717102,0.8717349767684937,0.836927592754364,0.9490727186203004,0.879278302192688
588,589,800,160,200,160,120,160,0,0.0,3,0.0,1,0.0040485829959514,8,1,0.0040485829959514,2,0.0080971659919028,0.1,31,3.1,38.84921126760563,2.2253521126760565,247,0.8989458680152893,0.9838783740997314,0.9449225068092346,147,137.7,4962.011111111111,56,17,8,12,0.8664126992225647,0.9683582186698914,0.8919544219970703,0.8655247688293457,0.9599093198776244,0.8992425799369812
589,590,560,120,120,80,120,120,2,0.0048899755501222,3,0.0097799511002444,0,0.0,11,1,0.0024449877750611,0,0.0,0.0,53,4.818181818181818,35.0321328671329,2.1367521367521367,409,0.9338077902793884,0.9846630692481996,0.9529622793197632,201,205.45454545454547,6097.072727272727,88,32,27,18,0.8655086755752563,0.9636282324790956,0.880267858505249,0.8521056771278381,0.9467616081237792,0.8841371536254883
590,591,520,200,80,120,120,0,0,0.0,4,0.0,2,0.0061919504643962,9,0,0.0,1,0.0030959752321981,0.0,39,4.333333333333333,27.331029411764757,2.2463235294117645,323,0.9341091513633728,0.9883952736854552,0.9452077150344848,169,202.11111111111111,1214.361111111111,68,23,11,20,0.863869309425354,0.963348388671875,0.8887173533439636,0.8539849519729614,0.948655903339386,0.8914188742637634
591,592,600,120,120,120,120,120,0,0.0,5,0.0046296296296296,3,0.0138888888888888,9,2,0.0092592592592592,0,0.0,0.0,28,3.111111111111111,48.0730994152047,2.1157894736842104,216,0.8758538961410522,0.9736167192459106,0.914782702922821,114,134.66666666666666,1154.25,44,24,11,10,0.8507314920425415,0.9675628542900084,0.8749962449073792,0.8210062980651855,0.9475317001342772,0.8667880892753601
592,593,720,160,200,120,120,120,0,0.0,1,0.0039840637450199,0,0.0,9,3,0.0119521912350597,0,0.0,0.1111111111111111,39,4.333333333333333,60.5582816537468,1.9348837209302323,251,0.8979426026344299,0.9794963002204896,0.942367672920227,136,140.77777777777777,1114.9444444444443,57,15,17,18,0.8698626160621643,0.9712650775909424,0.8955454230308533,0.84711754322052,0.9470142722129822,0.8830335736274719
593,594,0,0,0,0,0,0,0,0.0,3,0.0205479452054794,0,0.0,6,1,0.0068493150684931,5,0.0342465753424657,0.0,20,3.333333333333333,53.45083333333336,2.055555555555556,146,0.8227160573005676,0.9686068296432496,0.909818708896637,81,125.83333333333331,1297.7666666666669,30,6,10,18,0.8019494414329529,0.9620853066444396,0.8481209874153137,0.7454614639282227,0.9253820180892944,0.8244659304618835
594,595,560,120,120,120,120,80,0,0.0,4,0.0,1,0.0036363636363636,8,1,0.0036363636363636,1,0.0036363636363636,0.125,36,4.5,26.37125000000002,2.2666666666666666,275,0.8971167802810669,0.984333038330078,0.9381030797958374,156,195.125,5477.553571428572,56,27,23,15,0.8433635830879211,0.9665464162826538,0.8760015964508057,0.8231101036071777,0.94780433177948,0.8676942586898804
595,596,440,120,80,80,80,80,0,0.0,7,0.0136986301369863,2,0.0091324200913242,11,0,0.0,0,0.0,0.0909090909090909,37,3.363636363636364,39.62995670995673,2.2645502645502646,219,0.9130436182022096,0.9857600331306458,0.9470390677452089,134,115.1818181818182,945.7636363636364,44,15,10,21,0.849437952041626,0.9638826847076416,0.8796090483665466,0.8487572073936462,0.9471038579940796,0.8831605911254883
596,597,640,160,200,160,120,0,0,0.0,1,0.0055096418732782,2,0.0055096418732782,10,4,0.0110192837465564,0,0.0,0.4,42,4.2,30.02050000000002,2.2133333333333334,363,0.8898001313209534,0.9839957356452942,0.9398884773254396,187,199.8,3777.733333333333,75,30,19,15,0.8624858856201172,0.9658560156822203,0.8863443732261658,0.8457038402557373,0.951988399028778,0.8875977993011475
597,598,520,80,120,120,120,80,0,0.0,4,0.0023148148148148,1,0.0023148148148148,15,1,0.0023148148148148,3,0.0069444444444444,0.0666666666666666,42,2.8,41.78875000000004,2.1354166666666665,432,0.9317978620529176,0.9887691140174866,0.9550772309303284,226,164.93333333333334,1855.209523809524,95,30,15,33,0.8596835136413574,0.9562276601791382,0.8800476789474487,0.829855740070343,0.9428296089172364,0.8902547955513
598,599,480,120,120,120,120,0,0,0.0,7,0.0171673819742489,0,0.0,6,5,0.0214592274678111,1,0.0042918454935622,0.1111111111111111,29,3.2222222222222223,61.904635157545634,1.9402985074626864,233,0.8685368895530701,0.9730029106140136,0.8989693522453308,105,128.22222222222223,9958.444444444443,43,14,10,21,0.8291410803794861,0.9664933085441588,0.8646169304847717,0.7817087173461914,0.9316781163215636,0.8496349453926086
599,600,600,120,120,120,120,120,0,0.0,6,0.0176991150442477,2,0.0088495575221238,8,3,0.0132743362831858,0,0.0,0.2,26,2.6,57.650790155440426,2.0259067357512954,226,0.8989199995994568,0.9807074069976808,0.9387248754501344,129,121.2,4934.622222222222,49,18,13,13,0.8358860611915588,0.9607473611831664,0.8602293729782104,0.820737898349762,0.9434535503387452,0.861995279788971
600,601,720,120,160,160,160,120,0,0.0,1,0.0078125,0,0.0,5,1,0.00390625,0,0.0,0.6,33,6.6,19.796230769230803,2.141025641025641,256,0.9157240986824036,0.9822391271591188,0.9382641911506652,138,291.6,6089.8,56,32,16,15,0.8677271008491516,0.9669011831283568,0.8780837059020996,0.8427726626396179,0.944737195968628,0.8755890727043152
601,602,520,120,120,80,80,120,0,0.0,4,0.0,1,0.0036363636363636,8,1,0.0036363636363636,1,0.0036363636363636,0.125,36,4.5,26.37125000000002,2.2666666666666666,275,0.8971167802810669,0.984333038330078,0.9381030797958374,156,195.125,5477.553571428572,56,27,23,15,0.8433635830879211,0.9665464162826538,0.8760015964508057,0.8231101036071777,0.94780433177948,0.8676942586898804
602,603,600,120,120,120,120,120,0,0.0,2,0.0,0,0.0,5,0,0.0,0,0.0,0.2,17,3.4,36.360333333333365,2.185185185185185,163,0.9146913886070251,0.9770184755325316,0.933612048625946,102,171.4,6376.3,45,9,8,13,0.8296822309494019,0.9499261975288392,0.8550779819488525,0.82338547706604,0.9341824054718018,0.8566773533821106
603,604,200,40,40,40,40,40,0,0.0,3,0.0047619047619047,0,0.0,8,1,0.0047619047619047,1,0.0047619047619047,0.1818181818181818,32,2.909090909090909,48.823731501057104,2.1744186046511627,210,0.908593475818634,0.9797354936599731,0.9414420127868652,119,103.63636363636364,3125.6545454545453,45,18,8,10,0.8157145977020264,0.9528425335884094,0.8633624911308289,0.8169773817062378,0.9434006214141846,0.8744604587554932
604,605,560,120,120,160,160,0,0,0.0,4,0.002680965147453,1,0.002680965147453,10,2,0.0053619302949061,0,0.0,0.1818181818181818,42,3.8181818181818175,46.024943181818216,2.040625,373,0.9056999683380128,0.9802857041358948,0.9501166939735411,175,177.0909090909091,8294.290909090909,90,24,17,12,0.872630774974823,0.9636977314949036,0.8867838978767395,0.855636477470398,0.9456139206886292,0.8830823302268982
605,606,640,120,160,120,120,120,0,0.0,4,0.0037735849056603,3,0.0113207547169811,6,2,0.0075471698113207,4,0.0150943396226415,0.0,20,3.333333333333333,29.5089609483961,2.1046025104602517,265,0.8848682045936584,0.971236288547516,0.924294650554657,140,244.33333333333331,25276.666666666668,70,20,4,30,0.8135349750518799,0.9510300755500792,0.8285909295082092,0.8009122014045715,0.9326066374778748,0.845277726650238
606,607,40,0,40,0,0,0,0,0.0,1,0.0084388185654008,2,0.0084388185654008,8,0,0.0,2,0.0084388185654008,0.0,29,2.9,45.88123880597018,2.154228855721393,237,0.8462148904800415,0.9754571318626404,0.9314538836479188,117,124.6,2354.0444444444443,51,15,12,18,0.8407092690467834,0.9717068672180176,0.8839302659034729,0.832939624786377,0.9551481604576112,0.8882201313972473
607,608,320,80,40,40,120,40,0,0.0,3,0.0037453183520599,0,0.0,3,16,0.0599250936329588,6,0.0224719101123595,0.0,31,10.333333333333334,-31.6150524934383,2.2992125984251968,267,0.7917230129241943,0.963638186454773,0.884946882724762,175,557.3333333333334,87702.33333333333,57,23,26,14,0.731408953666687,0.9478412866592408,0.8146902322769165,0.7065565586090088,0.9205127358436584,0.800521194934845
608,609,960,200,200,200,160,200,0,0.0,8,0.0217864923747276,8,0.0174291938997821,13,4,0.008714596949891,0,0.0,0.2307692307692307,51,3.923076923076923,41.47347362062024,2.083769633507853,459,0.920590341091156,0.983390212059021,0.9411671161651612,214,186.6153846153846,3772.089743589744,86,38,27,22,0.8615526556968689,0.9650164246559144,0.8925382494926453,0.8527106642723083,0.9436346292495728,0.88723224401474
609,610,400,80,80,80,80,80,0,0.0,4,0.0229885057471264,1,0.003831417624521,7,1,0.003831417624521,1,0.003831417624521,0.1428571428571428,34,4.857142857142857,58.24827586206899,1.853448275862069,261,0.862911581993103,0.965438961982727,0.9014331698417664,136,190.0,4207.0,53,14,13,19,0.8555083870887756,0.9633634090423584,0.8804755210876465,0.8005774021148682,0.9279741644859314,0.8473993539810181
610,611,400,160,40,40,120,40,0,0.0,7,0.0136986301369863,2,0.0091324200913242,11,0,0.0,0,0.0,0.0909090909090909,37,3.363636363636364,39.62995670995673,2.2645502645502646,219,0.9130436182022096,0.9857600331306458,0.9470390677452089,134,115.1818181818182,945.7636363636364,44,15,10,21,0.849437952041626,0.9638826847076416,0.8796090483665466,0.8487572073936462,0.9471038579940796,0.8831605911254883
611,612,320,80,80,80,80,0,2,0.0042462845010615,8,0.019108280254777,3,0.0063694267515923,15,3,0.0063694267515923,0,0.0,0.0952380952380952,65,3.095238095238096,63.64603375527429,1.9518987341772152,471,0.9083537459373474,0.9772353768348694,0.9415273070335388,192,111.47619047619048,3661.861904761905,109,22,20,21,0.8664790391921997,0.9624394774436952,0.8890924453735352,0.8504930138587952,0.9425902962684632,0.8903871178627014
612,613,720,120,160,160,120,160,1,0.0038167938931297,3,0.0076335877862595,1,0.0038167938931297,8,0,0.0,3,0.0114503816793893,0.2222222222222222,34,3.7777777777777777,42.16203056768559,2.131004366812227,262,0.8742987513542175,0.9818628430366516,0.9324374198913574,146,163.0,9495.25,56,28,13,16,0.8249519467353821,0.9609516859054564,0.8737798929214478,0.8228630423545837,0.950026035308838,0.8821560740470886
613,614,680,160,80,160,160,120,0,0.0,3,0.0037593984962406,4,0.0150375939849624,10,1,0.0037593984962406,0,0.0,0.1818181818181818,43,3.909090909090909,31.582077922077936,2.311688311688312,266,0.8796373009681702,0.9741635918617249,0.8960571885108948,143,142.0,3146.0,59,29,15,19,0.8629080057144165,0.96319180727005,0.8837266564369202,0.8608874678611755,0.9537553191184998,0.8959301114082336
614,615,600,120,160,120,120,80,0,0.0,1,0.0,0,0.0,4,0,0.0,1,0.0069930069930069,0.75,15,3.75,34.93365384615386,2.1384615384615384,143,0.89663165807724,0.981191635131836,0.9448605179786682,90,199.5,8316.333333333334,38,9,7,7,0.8338600993156433,0.9556697607040404,0.8545584082603455,0.8250743746757507,0.943156898021698,0.8597164154052734
615,616,600,120,120,120,120,120,0,0.0,1,0.005181347150259,5,0.0259067357512953,6,2,0.0103626943005181,0,0.0,0.1666666666666666,17,2.833333333333333,20.12918674698797,2.36144578313253,193,0.8491324186325073,0.9745181798934937,0.916547417640686,105,193.0,10367.2,55,21,4,12,0.8379887938499451,0.9606900215148926,0.8656297922134399,0.8388421535491943,0.9494950771331788,0.886640191078186
616,617,480,120,80,80,120,80,0,0.0,1,0.0,1,0.0032362459546925,12,2,0.0064724919093851,4,0.0129449838187702,0.0,35,2.9166666666666665,33.96668478260872,2.260869565217391,309,0.8793285489082336,0.9788376688957214,0.9336724281311036,149,151.33333333333334,2029.878787878788,81,28,9,20,0.8190417289733887,0.9603836536407472,0.865477979183197,0.8221647143363953,0.9458423256874084,0.8753581047058105
617,618,400,120,80,40,80,80,0,0.0,1,0.0,0,0.0,3,0,0.0,0,0.0,0.2,19,3.8,57.407773109243706,1.9747899159663864,143,0.8200259804725647,0.9676010608673096,0.8879784941673279,76,138.8,8529.2,30,9,7,16,0.7718427181243896,0.9531604051589966,0.8275596499443054,0.7587698698043823,0.9381039142608644,0.8329552412033081
618,619,560,120,200,120,120,0,0,0.0,0,0.0026315789473684,1,0.0026315789473684,10,4,0.0105263157894736,3,0.0078947368421052,0.3,41,4.1,44.48633706070288,2.0351437699680512,380,0.895936131477356,0.9723848700523376,0.9091458916664124,193,191.0,8077.777777777777,80,28,15,25,0.8802450299263,0.9664750099182128,0.8963378667831421,0.8496445417404175,0.948529064655304,0.8885850310325623
619,620,640,160,200,160,120,0,0,0.0,3,0.0,3,0.0061728395061728,15,0,0.0,2,0.0041152263374485,0.1333333333333333,60,4.0,48.414111111111154,2.039506172839506,486,0.8887929320335388,0.9748070240020752,0.9009068608283995,227,167.2,5363.457142857143,97,35,20,37,0.8714929223060608,0.972468376159668,0.8943796753883362,0.8354114294052124,0.9480606317520142,0.8719160556793213
620,621,0,0,0,0,0,0,0,0.0,0,0.0176470588235294,1,0.0058823529411764,7,0,0.0,1,0.0058823529411764,0.1428571428571428,21,3.0,52.0237837837838,2.0675675675675675,170,0.8602397441864014,0.9702500104904176,0.9193474054336548,77,128.28571428571428,3387.5714285714284,38,10,7,9,0.8796024322509766,0.9739633202552797,0.9077063202857972,0.846923828125,0.94819974899292,0.8897204995155334
621,622,440,160,40,40,160,40,0,0.0,1,0.0069930069930069,5,0.0174825174825174,11,1,0.0034965034965034,0,0.0,0.0,44,3.6666666666666665,53.78278508771932,2.0526315789473686,286,0.91052907705307,0.9839454293251038,0.9554238319396972,129,125.83333333333331,1860.3333333333333,74,15,14,12,0.8670985102653503,0.9668340682983398,0.8929925560951233,0.8426955342292786,0.947705090045929,0.8934364914894104
622,623,520,120,120,80,120,80,0,0.0,2,0.0,0,0.0,10,0,0.0,0,0.0,0.0,41,4.1,42.8686153846154,2.1538461538461537,267,0.8841933012008667,0.9731647968292236,0.8957306742668152,135,147.5,4793.611111111111,59,20,11,19,0.8656398057937622,0.9636975526809692,0.8798598647117615,0.8380680680274963,0.9399306178092957,0.8744598031044006
623,624,800,120,160,160,160,200,0,0.0,7,0.0101522842639593,3,0.0076142131979695,10,4,0.0101522842639593,1,0.0025380710659898,0.0909090909090909,55,5.0,43.767798466593696,2.0542168674698797,394,0.9124576449394226,0.9796355366706848,0.948502779006958,191,190.0909090909091,9544.89090909091,82,37,16,31,0.8571946024894714,0.9607897996902466,0.8819538354873657,0.8447015881538391,0.9420807957649232,0.8891400694847107
624,625,560,200,120,120,120,0,0,0.0,2,0.0080971659919028,0,0.0,9,1,0.0040485829959514,0,0.0,0.1,28,2.8,42.05323584905664,2.188679245283019,247,0.90697979927063,0.9871922731399536,0.9418001770973206,132,131.9,1433.6555555555556,68,9,9,8,0.8430508375167847,0.966268002986908,0.8726148009300232,0.8200460076332092,0.9511711597442628,0.8678635358810425
625,626,400,80,80,80,80,80,0,0.0,0,0.0,1,0.0032258064516129,7,2,0.0064516129032258,1,0.0032258064516129,0.2857142857142857,29,4.142857142857143,24.16043478260871,2.177536231884058,310,0.8944082260131836,0.98084956407547,0.9225383400917052,166,251.42857142857144,9424.285714285714,65,23,13,27,0.8577808737754822,0.9696977734565736,0.8797874450683594,0.8311347961425781,0.9490595459938048,0.8768161535263062
626,627,480,80,120,120,80,80,0,0.0,0,0.0,2,0.0091743119266055,7,0,0.0,0,0.0,0.25,29,3.625,35.604615384615386,2.2205128205128206,218,0.8850207924842834,0.9782923460006714,0.9070435166358948,123,160.5,5275.428571428572,48,18,7,18,0.8674232959747314,0.9633093476295472,0.8944317102432251,0.8376968502998352,0.9414560794830322,0.8912299871444702
627,628,680,160,120,120,120,160,0,0.0,1,0.0060240963855421,4,0.0120481927710843,9,1,0.003012048192771,1,0.003012048192771,0.1111111111111111,37,4.111111111111111,25.704709462112305,2.2508833922261484,332,0.910742461681366,0.9837056398391724,0.9400404691696168,154,207.22222222222223,5730.444444444444,81,22,13,20,0.866694986820221,0.9678815603256226,0.8735461831092834,0.8839841485023499,0.9555544853210448,0.8944412469863892
628,629,280,80,80,80,40,0,0,0.0,1,0.0069686411149825,0,0.0,6,3,0.0104529616724738,1,0.0034843205574912,0.1,36,3.6,64.28503012048196,1.8755020080321283,287,0.8853345513343811,0.977569818496704,0.939418613910675,129,135.9,10924.322222222225,68,6,12,15,0.8551946878433228,0.9660101532936096,0.882530927658081,0.8180698752403259,0.938994288444519,0.8711062073707581
629,630,600,160,120,120,120,80,0,0.0,3,0.0047619047619047,0,0.0,8,1,0.0047619047619047,1,0.0047619047619047,0.1818181818181818,32,2.909090909090909,48.823731501057104,2.1744186046511627,210,0.908593475818634,0.9797354936599731,0.9414420127868652,119,103.63636363636364,3125.6545454545453,45,18,8,10,0.8157145977020264,0.9528425335884094,0.8633624911308289,0.8169773817062378,0.9434006214141846,0.8744604587554932
630,631,160,40,40,40,40,0,0,0.0,1,0.005050505050505,0,0.0,5,0,0.0,6,0.0303030303030303,0.3333333333333333,20,3.333333333333333,53.99419491525427,1.9491525423728813,198,0.7800469398498535,0.955078661441803,0.8888747692108154,117,173.16666666666666,21620.566666666666,40,11,17,17,0.7586708068847656,0.9508464932441713,0.8387808203697205,0.7267424464225769,0.9216970801353456,0.816580057144165
631,632,440,80,120,80,80,80,1,0.0075187969924812,0,0.0075187969924812,0,0.0,3,3,0.0225563909774436,1,0.0075187969924812,0.0,20,5.0,52.83855769230772,1.9658119658119655,133,0.8363242149353027,0.970938205718994,0.911001443862915,80,172.0,4842.0,23,7,7,16,0.7589665055274963,0.9478011727333068,0.8234437704086304,0.7460359930992126,0.9242592453956604,0.8257278203964233
632,633,600,160,160,160,120,0,0,0.0,9,0.011986301369863,1,0.0017123287671232,21,0,0.0,2,0.0034246575342465,0.1481481481481481,86,3.185185185185185,56.81083538266638,2.046277665995976,584,0.9136380553245544,0.977968454360962,0.933837354183197,267,113.14814814814817,4205.438746438746,102,47,34,40,0.8877056837081909,0.9664186239242554,0.8993856906890869,0.8646112680435181,0.946767508983612,0.8862091302871704
633,634,520,160,120,120,120,0,1,0.0028653295128939,5,0.0085959885386819,1,0.0028653295128939,14,3,0.0085959885386819,2,0.0057306590257879,0.0555555555555555,54,3.0,43.6948088023088,2.217532467532468,349,0.8850118517875671,0.9824652671813964,0.9423682689666748,185,111.66666666666669,5019.058823529412,76,32,19,24,0.8525354862213135,0.9626798033714294,0.8815802931785583,0.8441253900527954,0.9453704953193665,0.886592447757721
634,635,720,120,200,120,120,160,0,0.0,4,0.0109890109890109,0,0.0,6,3,0.0109890109890109,0,0.0,0.1666666666666666,31,5.166666666666667,23.65021725032428,2.147859922178988,273,0.857574462890625,0.9718049168586732,0.9058956503868104,149,259.6666666666667,6123.066666666667,61,23,20,20,0.8437661528587341,0.9651001691818236,0.8553131818771362,0.8184178471565247,0.9418236017227172,0.8649967908859253
635,636,560,120,120,120,120,80,0,0.0,5,0.0163487738419618,0,0.0,8,2,0.0054495912806539,0,0.0,0.0,40,5.0,31.467946428571477,2.072948328267477,367,0.899700403213501,0.9785378575325012,0.9444082379341124,203,252.875,18603.55357142857,89,26,17,24,0.8514571189880371,0.9620656967163086,0.8764169216156006,0.8352409601211548,0.9390371441841124,0.8753997683525085
636,637,560,160,160,120,120,0,0,0.0,1,0.0,1,0.0054945054945054,5,3,0.0164835164835164,1,0.0054945054945054,0.0,28,5.6,28.7036666666667,2.203703703703704,182,0.9075918197631836,0.9845356941223145,0.9208478927612304,108,214.4,1968.8,35,12,15,21,0.8285273313522339,0.9588955640792848,0.8560701608657837,0.8053970336914062,0.9397894740104676,0.8512189984321594
637,638,0,0,0,0,0,0,0,0.0,7,0.0181818181818181,3,0.0109090909090909,7,4,0.0145454545454545,1,0.0036363636363636,0.375,35,4.375,50.20125280269062,2.004484304932735,275,0.8786982893943787,0.9704793095588684,0.9199002981185912,151,176.25,13762.214285714286,53,11,22,22,0.8368156552314758,0.955712914466858,0.8577303886413574,0.8041276335716248,0.9311843514442444,0.8543747663497925
638,639,440,120,80,80,120,40,0,0.0,4,0.0,1,0.0036363636363636,8,1,0.0036363636363636,1,0.0036363636363636,0.125,36,4.5,26.37125000000002,2.2666666666666666,275,0.8971167802810669,0.984333038330078,0.9381030797958374,156,195.125,5477.553571428572,56,27,23,15,0.8433635830879211,0.9665464162826538,0.8760015964508057,0.8231101036071777,0.94780433177948,0.8676942586898804
639,640,760,160,160,120,160,160,0,0.0,2,0.0128205128205128,0,0.0,7,4,0.017094017094017,0,0.0,0.1428571428571428,21,3.0,43.81632075471697,2.056603773584906,234,0.9020617604255676,0.9846203327178956,0.951302707195282,135,188.7142857142857,1844.571428571429,54,14,16,13,0.8392525911331177,0.959177017211914,0.8702996373176575,0.8215301632881165,0.94139301776886,0.8763271570205688
640,641,720,160,120,160,160,120,0,0.0,3,0.0056022408963585,0,0.0,9,0,0.0,0,0.0,0.0,37,3.363636363636364,38.18262237762241,2.144230769230769,357,0.9079604148864746,0.9777233600616456,0.9385900497436525,175,179.0,12980.2,86,28,19,29,0.8557800650596619,0.9534180164337158,0.8783558011054993,0.8489382266998291,0.9375016093254088,0.8857794404029846
641,642,720,120,160,160,120,160,0,0.0,4,0.0,0,0.0,12,1,0.0026178010471204,1,0.0026178010471204,0.125,45,2.8125,34.6118098564955,2.283987915407855,382,0.8787368535995483,0.9803051352500916,0.9030556678771972,212,136.9375,7218.195833333333,100,26,23,24,0.8684550523757935,0.966144561767578,0.8887001276016235,0.864538848400116,0.9518327116966248,0.891315221786499
642,643,640,120,120,120,120,160,0,0.0,2,0.0038610038610038,1,0.0038610038610038,5,1,0.0038610038610038,3,0.0115830115830115,0.3333333333333333,29,4.833333333333333,31.391340579710167,2.1043478260869564,259,0.8709459900856018,0.9779965281486512,0.915989339351654,151,239.16666666666663,27254.166666666668,56,22,23,10,0.8278316259384155,0.9639801383018494,0.8550410866737366,0.8310900926589966,0.949272394180298,0.8740783333778381
643,644,840,120,200,160,200,160,0,0.0,1,0.0060240963855421,1,0.003012048192771,9,2,0.0060240963855421,0,0.0,0.2,42,4.2,28.07544630872483,2.248322147651007,332,0.8979766368865967,0.9788641929626464,0.9059064388275146,173,194.0,9768.888888888889,75,18,17,25,0.8710651397705078,0.9648650288581848,0.8679504990577698,0.85008704662323,0.9459786415100098,0.8762058019638062
644,645,600,120,120,120,120,120,0,0.0,5,0.0083333333333333,1,0.0041666666666666,10,0,0.0,1,0.0041666666666666,0.0,42,3.5,41.35300174520073,2.256544502617801,240,0.8927165269851685,0.9780255556106568,0.8954371213912964,130,105.33333333333331,1055.878787878788,52,25,17,12,0.881895899772644,0.969965636730194,0.900745451450348,0.8741283416748047,0.95725679397583,0.900860607624054
645,646,880,160,200,160,160,200,0,0.0,3,0.0102739726027397,0,0.0,9,2,0.0068493150684931,0,0.0,0.1111111111111111,34,3.7777777777777777,32.69302083333335,2.2109375,292,0.9344457387924194,0.988210380077362,0.9591680765151978,161,187.11111111111111,6034.611111111111,78,23,16,8,0.8540922403335571,0.9586246013641356,0.881931483745575,0.8360882997512817,0.945073127746582,0.8849080204963684
646,647,600,160,120,120,160,40,0,0.0,3,0.0091185410334346,0,0.0,10,0,0.0,1,0.0030395136778115,0.0,42,3.5,56.54280011655013,1.986013986013986,329,0.8813249468803406,0.9753644466400146,0.9102118015289308,165,138.33333333333334,5250.060606060606,80,22,17,26,0.8655537366867065,0.9728955030441284,0.8951840996742249,0.8477808237075806,0.949975311756134,0.8954690098762512
647,648,400,80,80,80,80,80,0,0.0,3,0.0154440154440154,0,0.0,9,1,0.0038610038610038,7,0.027027027027027,0.0,30,3.333333333333333,56.55366666666669,1.968888888888889,259,0.8834398984909058,0.979436993598938,0.926601767539978,142,148.44444444444446,2172.527777777778,40,12,16,22,0.8231264352798462,0.9636608958244324,0.865036129951477,0.7984268665313721,0.9384952187538148,0.8604817390441895
648,649,440,120,80,80,120,40,0,0.0,1,0.0,0,0.0,6,4,0.0161290322580645,2,0.0080645161290322,0.0,35,5.833333333333333,44.9532762557078,1.9680365296803648,248,0.8934211730957031,0.979271650314331,0.9396830797195436,145,218.0,28731.6,57,15,20,15,0.8333280682563782,0.9611561894416808,0.8628528118133545,0.7915581464767456,0.9329327940940856,0.8526414632797241
649,650,520,120,120,160,120,0,0,0.0,4,0.0,1,0.0023041474654377,9,0,0.0,0,0.0,0.2222222222222222,45,5.0,28.128394744358783,2.082262210796915,434,0.8947309255599976,0.979809820652008,0.9305479526519777,221,265.0,8405.0,106,29,7,30,0.8574709892272949,0.9569103717803956,0.8720124363899231,0.8578974604606628,0.9452490210533142,0.8919543623924255
650,651,560,160,120,120,120,40,0,0.0,7,0.0189573459715639,0,0.0,7,1,0.0047393364928909,0,0.0,0.0,28,3.111111111111111,62.329923371647546,1.971264367816092,211,0.91215717792511,0.984430968761444,0.9401028156280518,122,116.77777777777776,3459.6944444444443,35,9,12,10,0.8621223568916321,0.966242015361786,0.897251307964325,0.833389937877655,0.9495738744735718,0.8776096105575562
651,652,360,120,40,40,120,40,0,0.0,2,0.0038610038610038,1,0.0038610038610038,5,1,0.0038610038610038,3,0.0115830115830115,0.3333333333333333,29,4.833333333333333,31.391340579710167,2.1043478260869564,259,0.8709459900856018,0.9779965281486512,0.915989339351654,151,239.16666666666663,27254.166666666668,56,22,23,10,0.8278316259384155,0.9639801383018494,0.8550410866737366,0.8310900926589966,0.949272394180298,0.8740783333778381
652,653,440,120,80,80,80,80,0,0.0,2,0.0211267605633802,2,0.0140845070422535,4,0,0.0,0,0.0,0.25,15,3.75,45.39622950819675,2.0327868852459017,142,0.899488627910614,0.98271644115448,0.9240736365318298,88,187.5,1008.3333333333334,30,10,6,13,0.8150343298912048,0.9586571455001832,0.8417497873306274,0.8058443069458008,0.9451066851615906,0.8542080521583557
653,654,640,120,120,120,160,120,0,0.0,4,0.0054347826086956,0,0.0,9,0,0.0,5,0.0135869565217391,0.2222222222222222,51,5.666666666666667,34.091546546546574,2.093093093093093,368,0.8746193647384644,0.9715837836265564,0.9108278155326844,204,228.0,3555.0,81,32,23,26,0.8503968119621277,0.9598150253295898,0.8708891272544861,0.8218263983726501,0.9378526210784912,0.8603613376617432
654,655,560,120,120,120,120,80,0,0.0,3,0.0102739726027397,0,0.0,9,2,0.0068493150684931,0,0.0,0.1111111111111111,34,3.7777777777777777,32.69302083333335,2.2109375,292,0.9344457387924194,0.988210380077362,0.9591680765151978,161,187.11111111111111,6034.611111111111,78,23,16,8,0.8540922403335571,0.9586246013641356,0.881931483745575,0.8360882997512817,0.945073127746582,0.8849080204963684
655,656,720,160,120,160,160,120,2,0.0048899755501222,3,0.0097799511002444,0,0.0,11,1,0.0024449877750611,0,0.0,0.0,53,4.818181818181818,35.0321328671329,2.1367521367521367,409,0.9338077902793884,0.9846630692481996,0.9529622793197632,201,205.45454545454547,6097.072727272727,88,32,27,18,0.8655086755752563,0.9636282324790956,0.880267858505249,0.8521056771278381,0.9467616081237792,0.8841371536254883
656,657,600,160,120,160,160,0,0,0.0,3,0.0033333333333333,0,0.0,10,0,0.0,0,0.0,0.0,39,3.9,40.513338709677456,2.161290322580645,300,0.8838450908660889,0.9762922525405884,0.913744330406189,156,158.1,3214.766666666667,67,22,13,17,0.8663052320480347,0.9597927331924438,0.8929283022880554,0.856021523475647,0.9457374811172484,0.8968595266342163
657,658,1000,200,200,200,200,200,0,0.0,3,0.0028653295128939,2,0.0057306590257879,9,0,0.0,1,0.0028653295128939,0.2222222222222222,44,4.888888888888889,40.64099396521125,2.038338658146965,349,0.9523078203201294,0.9867544174194336,0.9524326920509338,187,216.66666666666663,2234.25,87,23,13,37,0.8653481006622314,0.9582393169403076,0.8825228214263916,0.8549557328224182,0.937112033367157,0.8821629881858826
658,659,560,120,120,160,160,0,0,0.0,3,0.0048076923076923,1,0.0048076923076923,7,1,0.0048076923076923,1,0.0048076923076923,0.0,27,3.375,47.66454545454548,2.1079545454545454,208,0.9032402634620668,0.9840431809425354,0.9341578483581544,121,140.75,4465.642857142857,43,16,10,10,0.869769275188446,0.96761554479599,0.8888234496116638,0.8641339540481567,0.9548692107200624,0.8835188150405884
659,660,960,200,200,200,200,160,0,0.0,11,0.0078277886497064,1,0.0019569471624266,21,0,0.0,3,0.0058708414872798,0.0952380952380952,66,3.142857142857143,34.85918793503482,2.280742459396752,511,0.9421554803848268,0.9871070981025696,0.951035499572754,241,137.9047619047619,1303.3904761904762,93,53,37,30,0.8740880489349365,0.9507668018341064,0.8871880173683167,0.8742613196372986,0.9470226168632508,0.900265634059906
660,661,840,200,200,160,160,120,1,0.0022471910112359,5,0.0067415730337078,1,0.0022471910112359,11,1,0.0022471910112359,2,0.0044943820224719,0.2727272727272727,36,3.272727272727273,17.712499406598667,2.3054830287206265,445,0.9185211658477784,0.9763943552970886,0.937677800655365,225,231.72727272727272,13719.61818181818,98,41,10,25,0.8423833250999451,0.9542727470397948,0.8678421378135681,0.8490238785743713,0.9417116641998292,0.8816050291061401
661,662,600,120,120,120,160,80,0,0.0,3,0.0037593984962406,4,0.0150375939849624,10,1,0.0037593984962406,0,0.0,0.1818181818181818,43,3.909090909090909,31.582077922077936,2.311688311688312,266,0.8796373009681702,0.9741635918617249,0.8960571885108948,143,142.0,3146.0,59,29,15,19,0.8629080057144165,0.96319180727005,0.8837266564369202,0.8608874678611755,0.9537553191184998,0.8959301114082336
662,663,320,80,80,80,80,0,0,0.0,1,0.0,1,0.0054945054945054,5,3,0.0164835164835164,1,0.0054945054945054,0.0,28,5.6,28.7036666666667,2.203703703703704,182,0.9075918197631836,0.9845356941223145,0.9208478927612304,108,214.4,1968.8,35,12,15,21,0.8285273313522339,0.9588955640792848,0.8560701608657837,0.8053970336914062,0.9397894740104676,0.8512189984321594
663,664,480,120,120,120,120,0,0,0.0,1,0.0081743869209809,0,0.0,11,1,0.0027247956403269,2,0.0054495912806539,0.0476190476190476,52,2.4761904761904763,56.02074819401445,2.0928792569659445,367,0.916095733642578,0.9835784435272216,0.9267991185188292,200,93.14285714285714,1617.928571428571,91,27,12,21,0.8849141001701355,0.973791480064392,0.906493365764618,0.8739079833030701,0.9547916054725648,0.9054290056228638
664,665,720,120,120,160,160,160,0,0.0,8,0.003012048192771,3,0.0090361445783132,11,3,0.0090361445783132,1,0.003012048192771,0.0,40,3.333333333333333,31.439368466898983,2.278745644599303,332,0.9305617809295654,0.982871413230896,0.9454976320266724,175,162.08333333333334,6940.083333333333,87,34,11,24,0.8543519377708435,0.9637539982795716,0.8978105187416077,0.8435165286064148,0.9471115469932556,0.8902279138565063
665,666,720,160,120,160,160,120,0,0.0,6,0.0121065375302663,5,0.0121065375302663,14,0,0.0,1,0.0024213075060532,0.0,63,3.7058823529411766,61.30395627277461,1.9675516224188792,413,0.9284513592720032,0.9832784533500672,0.9513069987297058,175,122.29411764705884,3416.345588235294,95,19,28,28,0.8492379188537598,0.9560534954071044,0.8712236285209656,0.8433961868286133,0.9398790001869202,0.8804618120193481
666,667,880,160,200,200,160,160,0,0.0,3,0.0033333333333333,0,0.0,10,0,0.0,0,0.0,0.0,39,3.9,40.513338709677456,2.161290322580645,300,0.8838450908660889,0.9762922525405884,0.913744330406189,156,158.1,3214.766666666667,67,22,13,17,0.8663052320480347,0.9597927331924438,0.8929283022880554,0.856021523475647,0.9457374811172484,0.8968595266342163
667,668,800,160,160,160,160,160,0,0.0,6,0.023076923076923,1,0.0038461538461538,8,0,0.0,0,0.0,0.0,40,5.0,44.216908185840765,2.075221238938053,260,0.9351471662521362,0.9821469187736512,0.935005784034729,125,178.125,1386.125,46,14,16,19,0.8567232489585876,0.9636435508728028,0.8803812861442566,0.8524196147918701,0.9455159306526184,0.8787879347801208
668,669,0,0,0,0,0,0,0,0.0,6,0.0163934426229508,0,0.0,11,0,0.0,1,0.0040983606557377,0.0714285714285714,44,3.142857142857143,50.92304347826092,2.1594202898550723,244,0.9186620116233826,0.9873493909835817,0.9401599764823914,135,94.42857142857144,981.3406593406594,48,11,15,17,0.8597885370254517,0.9627395272254944,0.8774046301841736,0.8476725816726685,0.9464609622955322,0.8846234083175659
669,670,360,120,40,40,120,40,0,0.0,2,0.0,0,0.0,5,0,0.0,1,0.0038022813688212,0.1666666666666666,21,3.5,26.25684523809524,2.1830357142857144,263,0.8702979683876038,0.9790775179862976,0.9325252175331116,153,242.16666666666663,17040.566666666666,60,17,12,13,0.8352131843566895,0.9630141854286194,0.8675811886787415,0.8277708888053894,0.949662983417511,0.8894796371459961
670,671,600,120,120,120,120,120,0,0.0,2,0.0211267605633802,2,0.0140845070422535,4,0,0.0,0,0.0,0.25,15,3.75,45.39622950819675,2.0327868852459017,142,0.899488627910614,0.98271644115448,0.9240736365318298,88,187.5,1008.3333333333334,30,10,6,13,0.8150343298912048,0.9586571455001832,0.8417497873306274,0.8058443069458008,0.9451066851615906,0.8542080521583557
671,672,200,40,40,40,40,40,0,0.0,3,0.0,1,0.0043290043290043,8,0,0.0,0,0.0,0.0,31,3.875,34.32999365482235,2.238578680203046,231,0.883638858795166,0.9814924001693726,0.9415944814682008,119,161.375,2588.553571428572,52,19,6,13,0.8416609168052673,0.9659756422042848,0.8777838349342346,0.8441686034202576,0.9553203582763672,0.8878334164619446
672,673,0,0,0,0,0,0,0,0.0,1,0.0199004975124378,0,0.0,6,3,0.0149253731343283,6,0.0298507462686567,0.0,31,5.166666666666667,40.2051117318436,2.106145251396648,201,0.8827894926071167,0.9759129881858826,0.9132485389709472,107,184.83333333333331,4446.166666666667,39,13,15,12,0.8484468460083008,0.9702409505844116,0.8672816753387451,0.8035125136375427,0.9456053972244264,0.8643862009048462
673,674,480,120,80,80,120,80,1,0.0046082949308755,1,0.0046082949308755,0,0.0,8,1,0.0046082949308755,6,0.0276497695852534,0.2222222222222222,29,3.2222222222222223,51.29281725888326,2.071065989847716,217,0.8803898096084595,0.9811360836029052,0.9408052563667296,125,129.33333333333334,3315.25,59,15,10,23,0.8307690620422363,0.9631022214889526,0.8682952523231506,0.820144534111023,0.9473704099655152,0.873469352722168
674,675,520,120,120,80,120,80,0,0.0,3,0.0154440154440154,0,0.0,9,1,0.0038610038610038,7,0.027027027027027,0.0,30,3.333333333333333,56.55366666666669,1.968888888888889,259,0.8834398984909058,0.979436993598938,0.926601767539978,142,148.44444444444446,2172.527777777778,40,12,16,22,0.8231264352798462,0.9636608958244324,0.865036129951477,0.7984268665313721,0.9384952187538148,0.8604817390441895
675,676,520,120,120,120,80,80,0,0.0,3,0.0211640211640211,0,0.0,6,0,0.0,0,0.0,0.1428571428571428,24,3.4285714285714284,54.34526315789474,2.0058479532163744,189,0.9119081497192384,0.981608271598816,0.926871418952942,96,146.57142857142858,8595.285714285714,27,14,7,19,0.8481646180152893,0.9697237014770508,0.8714617490768433,0.8305917978286743,0.9480738639831544,0.8601967096328735
676,677,760,160,200,120,120,160,0,0.0,6,0.0163934426229508,0,0.0,11,0,0.0,1,0.0040983606557377,0.0714285714285714,44,3.142857142857143,50.92304347826092,2.1594202898550723,244,0.9186620116233826,0.9873493909835817,0.9401599764823914,135,94.42857142857144,981.3406593406594,48,11,15,17,0.8597885370254517,0.9627395272254944,0.8774046301841736,0.8476725816726685,0.9464609622955322,0.8846234083175659
677,678,480,120,120,120,120,0,0,0.0,1,0.0074074074074074,0,0.0,4,1,0.0074074074074074,2,0.0148148148148148,0.0,17,4.25,46.36500000000003,2.033333333333333,135,0.8890270590782166,0.9852156043052672,0.9300706386566162,90,181.0,304.6666666666667,35,11,5,8,0.8327592015266418,0.9585731625556946,0.8547153472900391,0.8238623738288879,0.9473212957382202,0.864438533782959
678,679,600,120,200,160,120,0,2,0.0042462845010615,8,0.019108280254777,3,0.0063694267515923,15,3,0.0063694267515923,0,0.0,0.0952380952380952,65,3.095238095238096,63.64603375527429,1.9518987341772152,471,0.9083537459373474,0.9772353768348694,0.9415273070335388,192,111.47619047619048,3661.861904761905,109,22,20,21,0.8664790391921997,0.9624394774436952,0.8890924453735352,0.8504930138587952,0.9425902962684632,0.8903871178627014
679,680,720,160,160,120,160,120,1,0.0030864197530864,5,0.0308641975308641,0,0.0,10,1,0.0030864197530864,0,0.0,0.1818181818181818,48,4.363636363636363,56.93407455853501,1.9640287769784173,324,0.8725088834762573,0.9719926714897156,0.9043107628822328,163,148.8181818181818,5843.963636363636,45,22,22,30,0.8686175346374512,0.9681968688964844,0.8839074969291687,0.8403916954994202,0.9421160221099854,0.8841973543167114
680,681,960,160,200,200,200,200,0,0.0,6,0.0045351473922902,0,0.0,11,2,0.0045351473922902,0,0.0,0.0833333333333333,49,4.083333333333333,44.48342105263159,2.031578947368421,441,0.907936692237854,0.9879803657531738,0.9361668825149536,204,193.58333333333331,7614.992424242424,98,27,13,23,0.8553349375724792,0.9632369875907898,0.8882121443748474,0.8653449416160583,0.9561412930488586,0.8997763991355896
681,682,640,160,160,160,120,40,0,0.0,4,0.0035335689045936,0,0.0,10,0,0.0,2,0.0070671378091872,0.2,27,2.7,31.457182008368225,2.280334728033473,283,0.93318772315979,0.982190191745758,0.9454134106636048,154,157.1,1235.2111111111112,66,20,13,14,0.856189489364624,0.9591341018676758,0.872265636920929,0.855423629283905,0.9510372877120972,0.8835691213607788
682,683,640,120,120,120,160,120,0,0.0,5,0.003731343283582,0,0.0,11,1,0.003731343283582,3,0.0111940298507462,0.1428571428571428,34,2.4285714285714284,44.191451965065504,2.222707423580786,268,0.8717374801635742,0.9757398962974548,0.9111713171005248,152,104.42857142857144,1503.6483516483515,69,15,11,12,0.8317508101463318,0.9607331156730652,0.8815730214118958,0.8091209530830383,0.9441241025924684,0.8765450716018677
683,684,440,80,120,80,80,80,0,0.0,6,0.0152905198776758,0,0.0,7,3,0.0091743119266055,0,0.0,0.2857142857142857,41,5.857142857142857,23.084790209790206,2.174825174825175,327,0.9226037859916688,0.9798892736434937,0.9452822804450988,157,262.85714285714283,4697.476190476191,68,16,27,20,0.8447955846786499,0.9493727684020996,0.8726164102554321,0.7971213459968567,0.927690088748932,0.8561179041862488
684,685,680,120,160,120,120,160,0,0.0,7,0.0092807424593967,2,0.0046403712296983,12,3,0.0069605568445475,1,0.0023201856148491,0.0714285714285714,52,3.7142857142857135,49.23590336134457,2.044817927170868,431,0.8907734155654907,0.980771005153656,0.9355062246322632,185,154.5,8083.192307692308,92,26,24,24,0.8560482263565063,0.9700616002082824,0.8993101716041565,0.8463600277900696,0.9533055424690248,0.8996101021766663
685,686,400,80,80,80,80,80,0,0.0,1,0.0,0,0.0,4,0,0.0,1,0.0069930069930069,0.75,15,3.75,34.93365384615386,2.1384615384615384,143,0.89663165807724,0.981191635131836,0.9448605179786682,90,199.5,8316.333333333334,38,9,7,7,0.8338600993156433,0.9556697607040404,0.8545584082603455,0.8250743746757507,0.943156898021698,0.8597164154052734
686,687,480,80,120,80,120,80,0,0.0,5,0.0050251256281407,3,0.007537688442211,13,0,0.0,2,0.0050251256281407,0.1333333333333333,49,3.2666666666666666,30.69979941002953,2.3008849557522124,398,0.9246699213981628,0.9846234917640686,0.9457226395606996,221,152.73333333333332,5461.780952380952,95,38,19,17,0.8567098379135132,0.961272120475769,0.8864796161651611,0.8505232930183411,0.9473358988761902,0.8888260126113892
687,688,560,120,120,160,80,80,0,0.0,2,0.0026246719160104,0,0.0,12,3,0.0078740157480314,1,0.0026246719160104,0.1666666666666666,55,3.055555555555556,65.55729707252164,1.9431137724550895,381,0.8664268851280212,0.9642214179039,0.9201774597167968,192,107.66666666666669,3126.235294117647,86,28,24,31,0.8308315277099609,0.9511297941207886,0.8656687140464783,0.8127532005310059,0.9207054376602172,0.8645974397659302
688,689,0,0,0,0,0,0,0,0.0,2,0.0,0,0.0,5,3,0.0206896551724137,1,0.0068965517241379,0.0,24,4.0,58.775705128205146,1.984615384615385,145,0.8690670132637024,0.9716081619262696,0.9186631441116332,86,129.5,2368.3,38,4,6,11,0.7971643805503845,0.9555728435516356,0.8360241651535034,0.7475150227546692,0.9273760914802552,0.8027661442756653
689,690,840,160,200,160,160,160,0,0.0,11,0.0047846889952153,0,0.0,13,1,0.0023923444976076,0,0.0,0.1538461538461538,53,4.076923076923077,23.171902834008105,2.3157894736842106,418,0.8764598965644836,0.978087306022644,0.9127523899078368,220,192.92307692307693,3322.4102564102564,96,32,20,32,0.883604109287262,0.9711105823516846,0.8985418081283569,0.8481828570365906,0.9507849216461182,0.8797784447669983
690,691,1000,200,200,200,200,200,0,0.0,6,0.0083333333333333,0,0.0,11,0,0.0,2,0.0055555555555555,0.0,37,3.083333333333333,41.96042993630577,2.127388535031847,360,0.9413888454437256,0.9885182976722716,0.9591377377510072,196,166.91666666666666,5900.44696969697,82,22,23,24,0.858715295791626,0.9564762115478516,0.8749449253082275,0.8437308073043823,0.9420598745346068,0.8776604533195496
691,692,600,120,160,160,120,40,0,0.0,5,0.0033222591362126,0,0.0,9,0,0.0,0,0.0,0.1111111111111111,33,3.6666666666666665,38.520815972222245,2.13671875,301,0.921663463115692,0.9861579537391664,0.9513893723487854,169,182.88888888888889,4412.361111111111,73,28,12,14,0.8744304776191711,0.9586560130119324,0.8914011716842651,0.8773334622383118,0.9566563963890076,0.901620626449585
692,693,680,120,120,160,160,120,0,0.0,7,0.0176767676767676,4,0.0101010101010101,9,4,0.0101010101010101,0,0.0,0.6666666666666666,46,5.111111111111111,29.83307592049531,2.126099706744868,396,0.9043349623680116,0.9814491271972656,0.9484300017356871,196,237.77777777777777,7218.944444444444,82,17,24,25,0.8524600863456726,0.9691985249519348,0.8875138759613037,0.8178852796554565,0.943686544895172,0.8770933151245117
693,694,320,80,120,80,40,0,0,0.0,2,0.0,0,0.0,5,3,0.0206896551724137,1,0.0068965517241379,0.0,24,4.0,58.775705128205146,1.984615384615385,145,0.8690670132637024,0.9716081619262696,0.9186631441116332,86,129.5,2368.3,38,4,6,11,0.7971643805503845,0.9555728435516356,0.8360241651535034,0.7475150227546692,0.9273760914802552,0.8027661442756653
694,695,0,0,0,0,0,0,1,0.0044843049327354,3,0.0089686098654708,2,0.0089686098654708,6,2,0.0089686098654708,5,0.0224215246636771,0.1111111111111111,24,2.6666666666666665,49.60854700854704,2.0923076923076924,223,0.8482193946838379,0.9739663004875184,0.926173210144043,135,135.22222222222223,7509.694444444444,47,15,12,14,0.833669900894165,0.9662174582481384,0.8617234230041504,0.8351236581802368,0.9484009146690368,0.8764779567718506
695,696,680,160,120,120,160,120,0,0.0,6,0.0086206896551724,1,0.0043103448275862,6,1,0.0043103448275862,1,0.0043103448275862,0.1428571428571428,36,5.142857142857143,28.276782178217857,2.257425742574257,232,0.939150094985962,0.9814749360084534,0.9448636770248412,126,188.8571428571429,11466.142857142857,47,20,13,16,0.8528868556022644,0.9590189456939696,0.8820792436599731,0.8337677121162415,0.938357949256897,0.8727332353591919
696,697,0,0,0,0,0,0,1,0.0053191489361702,4,0.0159574468085106,1,0.0053191489361702,5,1,0.0053191489361702,1,0.0053191489361702,0.2857142857142857,27,3.857142857142857,39.91263157894738,2.1695906432748537,188,0.8829094171524048,0.9820583462715148,0.9134738445281982,126,154.42857142857142,12889.952380952382,37,10,9,11,0.8497236371040344,0.9637028574943542,0.8483946919441223,0.8309838175773621,0.9511032700538636,0.8550939559936523
697,698,440,160,40,40,160,40,0,0.0,3,0.0063291139240506,2,0.0126582278481012,5,2,0.0126582278481012,1,0.0063291139240506,0.0,22,3.142857142857143,55.538201438848944,2.0431654676258995,158,0.8274618983268738,0.9605993628501892,0.8883902430534363,92,122.71428571428572,5986.238095238095,38,9,8,11,0.8204923272132874,0.954815685749054,0.8562083840370178,0.8109500408172607,0.9382938146591188,0.8666923642158508
698,699,1000,200,200,200,200,200,0,0.0,10,0.0043763676148796,1,0.0021881838074398,13,0,0.0,0,0.0,0.0,48,3.692307692307693,24.11933734939759,2.272289156626506,457,0.9510050415992736,0.9886897206306458,0.9546387195587158,226,210.46153846153845,7128.4358974358975,122,42,15,26,0.8672770857810974,0.9583693742752076,0.8872623443603516,0.8609374165534973,0.9471206665039062,0.8886332511901855
699,700,440,80,80,120,120,40,0,0.0,4,0.0169491525423728,1,0.0042372881355932,8,2,0.0084745762711864,0,0.0,0.0,26,2.6,57.31510426540288,2.009478672985782,236,0.8457988500595093,0.9747718572616576,0.921431601047516,136,125.4,3775.822222222222,52,15,12,15,0.8133458495140076,0.970511555671692,0.8585039377212524,0.7748911380767822,0.943111777305603,0.8492506146430969
700,701,200,40,40,40,40,40,0,0.0,1,0.0098522167487684,3,0.0147783251231527,7,3,0.0147783251231527,3,0.0147783251231527,0.0,33,3.6666666666666665,45.23214859437752,2.174698795180723,203,0.856280505657196,0.9758335947990416,0.9402795433998108,120,124.22222222222224,3393.9444444444443,45,9,8,12,0.8203033208847046,0.959438681602478,0.868728518486023,0.8090295195579529,0.9443053603172302,0.870893657207489
701,702,960,160,200,200,200,200,0,0.0,10,0.0166666666666666,4,0.0111111111111111,14,2,0.0055555555555555,2,0.0055555555555555,0.0588235294117647,39,2.294117647058824,37.35353928148445,2.285234899328859,360,0.9191417694091796,0.9881962537765504,0.945280134677887,194,120.47058823529412,2860.014705882353,90,27,14,9,0.8648472428321838,0.9579578042030334,0.8868290781974792,0.8687441945075989,0.9469548463821412,0.8931468725204468
702,703,560,160,120,80,80,120,0,0.0,1,0.0048543689320388,0,0.0,5,2,0.0097087378640776,1,0.0048543689320388,0.1666666666666666,22,3.6666666666666665,44.47862903225808,2.0376344086021505,206,0.9129969477653505,0.9820839166641236,0.9429268836975098,111,183.16666666666663,16335.766666666666,44,11,5,14,0.8406977653503418,0.9534448981285096,0.8510808944702148,0.8559662103652954,0.9386025071144104,0.8648078441619873
703,704,0,0,0,0,0,0,0,0.0,2,0.0,2,0.009009009009009,7,0,0.0,0,0.0,0.0909090909090909,33,3.0,63.04000000000004,1.9747474747474747,222,0.9032217264175416,0.9793752431869508,0.9265590906143188,124,106.9090909090909,3121.690909090909,49,7,21,24,0.835679292678833,0.9607853293418884,0.8605108857154846,0.815350353717804,0.9383618235588074,0.8592656254768372
704,705,840,160,120,200,160,200,0,0.0,8,0.003012048192771,3,0.0090361445783132,11,3,0.0090361445783132,1,0.003012048192771,0.0,40,3.333333333333333,31.439368466898983,2.278745644599303,332,0.9305617809295654,0.982871413230896,0.9454976320266724,175,162.08333333333334,6940.083333333333,87,34,11,24,0.8543519377708435,0.9637539982795716,0.8978105187416077,0.8435165286064148,0.9471115469932556,0.8902279138565063
705,706,360,120,40,40,160,0,0,0.0,0,0.0026315789473684,1,0.0026315789473684,10,4,0.0105263157894736,3,0.0078947368421052,0.3,41,4.1,44.48633706070288,2.0351437699680512,380,0.895936131477356,0.9723848700523376,0.9091458916664124,193,191.0,8077.777777777777,80,28,15,25,0.8802450299263,0.9664750099182128,0.8963378667831421,0.8496445417404175,0.948529064655304,0.8885850310325623
706,707,680,160,120,160,120,120,0,0.0,1,0.00390625,0,0.0,6,0,0.0,0,0.0,0.0,34,2.833333333333333,30.528151408450704,2.3615023474178405,256,0.9191284775733948,0.982776403427124,0.9453643560409546,158,121.58333333333331,15171.35606060606,54,28,19,15,0.8583443760871887,0.9610543847084044,0.8812361359596252,0.8438498377799988,0.94021075963974,0.8684871196746826
707,708,720,160,160,120,160,120,0,0.0,11,0.0193704600484261,0,0.0,10,1,0.0024213075060532,0,0.0,0.0,45,4.5,34.157109756097576,2.0948509485094853,413,0.9285707473754884,0.982710301876068,0.9415581822395324,220,232.0,2648.0,94,39,12,20,0.8593059778213501,0.9556072354316713,0.8662758469581604,0.8494886755943298,0.9452058672904968,0.8812261819839478
708,709,760,160,160,120,160,160,0,0.0,8,0.003012048192771,3,0.0090361445783132,11,3,0.0090361445783132,1,0.003012048192771,0.0,40,3.333333333333333,31.439368466898983,2.278745644599303,332,0.9305617809295654,0.982871413230896,0.9454976320266724,175,162.08333333333334,6940.083333333333,87,34,11,24,0.8543519377708435,0.9637539982795716,0.8978105187416077,0.8435165286064148,0.9471115469932556,0.8902279138565063
709,710,520,120,120,120,120,40,0,0.0,7,0.0171673819742489,0,0.0,6,5,0.0214592274678111,1,0.0042918454935622,0.1111111111111111,29,3.2222222222222223,61.904635157545634,1.9402985074626864,233,0.8685368895530701,0.9730029106140136,0.8989693522453308,105,128.22222222222223,9958.444444444443,43,14,10,21,0.8291410803794861,0.9664933085441588,0.8646169304847717,0.7817087173461914,0.9316781163215636,0.8496349453926086
710,711,920,160,160,200,200,200,0,0.0,12,0.0072815533980582,3,0.0072815533980582,12,0,0.0,0,0.0,0.1538461538461538,47,3.615384615384616,23.99251479289945,2.3402366863905324,412,0.924262762069702,0.9787976145744324,0.9377726316452026,214,180.0,6907.666666666667,89,25,18,20,0.8625139594078064,0.9592947959899902,0.8867570757865906,0.8723452687263489,0.9484501481056212,0.8967930674552917
711,712,640,120,120,120,160,120,0,0.0,3,0.0091185410334346,0,0.0,10,0,0.0,1,0.0030395136778115,0.0,42,3.5,56.54280011655013,1.986013986013986,329,0.8813249468803406,0.9753644466400146,0.9102118015289308,165,138.33333333333334,5250.060606060606,80,22,17,26,0.8655537366867065,0.9728955030441284,0.8951840996742249,0.8477808237075806,0.949975311756134,0.8954690098762512
712,713,400,120,40,40,120,80,0,0.0,1,0.0048543689320388,0,0.0,5,2,0.0097087378640776,1,0.0048543689320388,0.1666666666666666,22,3.6666666666666665,44.47862903225808,2.0376344086021505,206,0.9129969477653505,0.9820839166641236,0.9429268836975098,111,183.16666666666663,16335.766666666666,44,11,5,14,0.8406977653503418,0.9534448981285096,0.8510808944702148,0.8559662103652954,0.9386025071144104,0.8648078441619873
713,714,280,80,40,80,80,0,0,0.0,4,0.0073529411764705,0,0.0,4,1,0.0036764705882352,0,0.0,0.0,29,7.25,9.288750000000007,2.066666666666667,272,0.7802553176879883,0.9514164924621582,0.8965409994125366,131,383.25,12250.916666666666,74,17,18,22,0.7343487739562988,0.9503886699676514,0.8229520916938782,0.6977947354316711,0.9222791194915771,0.8143672347068787
714,715,480,160,120,80,120,0,0,0.0,4,0.0099502487562189,0,0.0,7,1,0.0049751243781094,0,0.0,0.1428571428571428,23,3.2857142857142856,36.665454545454566,2.2045454545454546,201,0.9349701404571532,0.9877643585205078,0.9497462511062622,121,162.0,6386.333333333333,50,19,11,8,0.8313888907432556,0.9563000202178956,0.8649696111679077,0.8093118071556091,0.9398033618927002,0.8620595335960388
715,716,0,0,0,0,0,0,0,0.0,6,0.0214592274678111,0,0.0,3,1,0.0042918454935622,4,0.0171673819742489,0.0,23,7.666666666666667,26.30043740573156,1.746606334841629,233,0.7784316539764404,0.9466890096664428,0.8665074706077576,123,387.6666666666667,17217.333333333332,53,5,24,18,0.7571651339530945,0.9413037896156312,0.8265426754951477,0.7015528082847595,0.8986842632293701,0.7908387780189514
716,717,400,80,80,80,80,80,0,0.0,2,0.0126582278481012,0,0.0,5,0,0.0,2,0.0084388185654008,0.2,26,5.2,36.39843062200961,2.0095693779904304,237,0.8792985677719116,0.9762723445892334,0.929853856563568,133,246.6,777.8,53,13,11,24,0.8693377375602722,0.9662656784057616,0.8709641098976135,0.8598851561546326,0.9437100291252136,0.8758196234703064
717,718,600,120,120,120,120,120,0,0.0,0,0.0063694267515923,0,0.0,5,0,0.0,0,0.0,0.0,20,4.0,51.61628571428573,1.9928571428571429,157,0.8785185813903809,0.9774489998817444,0.8942700624465942,93,162.8,1577.7,36,11,3,14,0.8289844393730164,0.9617969393730164,0.8405076861381531,0.7945427894592285,0.9412135481834412,0.8429577946662903
718,719,280,80,40,40,80,40,5,0.0367647058823529,0,0.0,0,0.0,3,0,0.0,13,0.0955882352941176,0.0,11,3.6666666666666665,38.35860000000002,1.984,136,0.8328037261962891,0.9470552802085876,0.9015039801597596,91,239.33333333333331,12049.333333333334,33,5,8,11,0.7836198806762695,0.9315564036369324,0.829947829246521,0.7430362701416016,0.9002087712287903,0.8122433423995972
719,720,720,160,200,200,160,0,0,0.0,9,0.0089020771513353,0,0.0,14,5,0.0148367952522255,2,0.0059347181008902,0.0,47,3.357142857142857,36.71470588235295,2.2450980392156863,337,0.8899076581001282,0.9776986837387084,0.905873715877533,187,138.5,1495.3461538461538,92,29,21,16,0.8619953989982605,0.9631295800209044,0.8836926817893982,0.853575587272644,0.9478219747543336,0.8850796222686768
720,721,640,160,120,120,160,80,0,0.0,3,0.0076628352490421,2,0.0076628352490421,7,0,0.0,0,0.0,0.1428571428571428,34,4.857142857142857,43.42021739130438,2.030434782608696,261,0.9118372201919556,0.9838917255401612,0.9209080934524536,126,196.0,4637.0,56,15,20,16,0.8782603144645691,0.9690947532653807,0.9005200862884521,0.8523047566413879,0.9453754425048828,0.8961355090141296
721,722,680,160,120,120,120,160,0,0.0,1,0.0085470085470085,0,0.0,5,1,0.0042735042735042,2,0.0085470085470085,0.2,20,4.0,19.781647058823545,2.2107843137254903,234,0.9228022694587708,0.9842507243156432,0.9565778970718384,113,257.4,10015.3,64,16,7,22,0.8587737083435059,0.9607924222946168,0.879686713218689,0.8466882109642029,0.9431820511817932,0.8915732502937317
722,723,400,40,120,80,80,80,0,0.0,4,0.0054347826086956,0,0.0,9,0,0.0,5,0.0135869565217391,0.2222222222222222,51,5.666666666666667,34.091546546546574,2.093093093093093,368,0.8746193647384644,0.9715837836265564,0.9108278155326844,204,228.0,3555.0,81,32,23,26,0.8503968119621277,0.9598150253295898,0.8708891272544861,0.8218263983726501,0.9378526210784912,0.8603613376617432
723,724,600,160,120,160,160,0,0,0.0,2,0.0080971659919028,0,0.0,9,1,0.0040485829959514,0,0.0,0.1,28,2.8,42.05323584905664,2.188679245283019,247,0.90697979927063,0.9871922731399536,0.9418001770973206,132,131.9,1433.6555555555556,68,9,9,8,0.8430508375167847,0.966268002986908,0.8726148009300232,0.8200460076332092,0.9511711597442628,0.8678635358810425
724,725,600,120,120,160,120,80,0,0.0,1,0.0069930069930069,5,0.0174825174825174,11,1,0.0034965034965034,0,0.0,0.0,44,3.6666666666666665,53.78278508771932,2.0526315789473686,286,0.91052907705307,0.9839454293251038,0.9554238319396972,129,125.83333333333331,1860.3333333333333,74,15,14,12,0.8670985102653503,0.9668340682983398,0.8929925560951233,0.8426955342292786,0.947705090045929,0.8934364914894104
725,726,560,160,120,80,160,40,0,0.0,12,0.0193704600484261,3,0.0072639225181598,16,0,0.0,1,0.0024213075060532,0.0526315789473684,67,3.526315789473684,50.26455377574371,2.121739130434783,413,0.9013754725456238,0.9852540493011476,0.9419649243354796,204,116.52631578947368,4126.263157894737,73,35,27,33,0.8670604228973389,0.9645285606384276,0.886196494102478,0.8558328151702881,0.9515326023101808,0.8936342597007751
726,727,440,120,120,80,120,0,0,0.0,1,0.0074074074074074,0,0.0,4,1,0.0074074074074074,2,0.0148148148148148,0.0,17,4.25,46.36500000000003,2.033333333333333,135,0.8890270590782166,0.9852156043052672,0.9300706386566162,90,181.0,304.6666666666667,35,11,5,8,0.8327592015266418,0.9585731625556946,0.8547153472900391,0.8238623738288879,0.9473212957382202,0.864438533782959
727,728,520,160,80,80,120,80,0,0.0,2,0.0211267605633802,2,0.0140845070422535,4,0,0.0,0,0.0,0.25,15,3.75,45.39622950819675,2.0327868852459017,142,0.899488627910614,0.98271644115448,0.9240736365318298,88,187.5,1008.3333333333334,30,10,6,13,0.8150343298912048,0.9586571455001832,0.8417497873306274,0.8058443069458008,0.9451066851615906,0.8542080521583557
728,729,240,80,80,0,80,0,0,0.0,3,0.0172413793103448,0,0.0,8,1,0.0034482758620689,0,0.0,0.0,46,5.111111111111111,50.64968540829988,2.004016064257028,290,0.921271800994873,0.9815093874931335,0.9505780935287476,156,170.77777777777777,10103.444444444443,57,12,20,17,0.8697701096534729,0.9664819836616516,0.8838986158370972,0.8205471038818359,0.9419605135917664,0.874925971031189
729,730,680,160,160,160,120,80,1,0.0025641025641025,9,0.0179487179487179,3,0.0076923076923076,10,3,0.0076923076923076,5,0.0128205128205128,0.1428571428571428,46,3.2857142857142856,38.13108695652176,2.185507246376812,390,0.9110261797904968,0.9747971892356871,0.936420440673828,217,164.85714285714286,7847.67032967033,83,44,21,24,0.8744338750839233,0.9653973579406738,0.8882473111152649,0.8581703305244446,0.9442968368530272,0.8866889476776123
730,731,280,80,40,40,120,0,0,0.0,3,0.0205479452054794,0,0.0,6,1,0.0068493150684931,5,0.0342465753424657,0.0,20,3.333333333333333,53.45083333333336,2.055555555555556,146,0.8227160573005676,0.9686068296432496,0.909818708896637,81,125.83333333333331,1297.7666666666669,30,6,10,18,0.8019494414329529,0.9620853066444396,0.8481209874153137,0.7454614639282227,0.9253820180892944,0.8244659304618835
731,732,520,120,120,120,160,0,0,0.0,11,0.0163934426229508,0,0.0,12,3,0.0098360655737704,1,0.0032786885245901,0.0833333333333333,30,2.5,46.89269230769234,2.123076923076923,305,0.9369012117385864,0.9862797856330872,0.9475058317184448,158,136.41666666666666,3700.628787878788,63,13,12,21,0.840133786201477,0.955605924129486,0.869971513748169,0.8053632378578186,0.9330227375030518,0.8618342280387878
732,733,640,200,120,160,160,0,0,0.0,6,0.0069767441860465,0,0.0,12,0,0.0,1,0.0023255813953488,0.1538461538461538,56,4.307692307692308,35.57430402930403,2.171957671957672,430,0.936586320400238,0.986991822719574,0.9340543746948242,202,187.46153846153845,5914.9358974358975,94,40,31,34,0.866331160068512,0.957129716873169,0.8791961669921875,0.8422003984451294,0.9413055777549744,0.8690093755722046
733,734,400,80,40,80,80,120,0,0.0,1,0.0085470085470085,0,0.0,5,1,0.0042735042735042,2,0.0085470085470085,0.2,20,4.0,19.781647058823545,2.2107843137254903,234,0.9228022694587708,0.9842507243156432,0.9565778970718384,113,257.4,10015.3,64,16,7,22,0.8587737083435059,0.9607924222946168,0.879686713218689,0.8466882109642029,0.9431820511817932,0.8915732502937317
734,735,880,160,200,160,160,200,1,0.0022471910112359,5,0.0179775280898876,0,0.0,14,0,0.0,2,0.0044943820224719,0.0,59,3.6875,40.576686381074175,2.166240409207161,445,0.9436818957328796,0.985340178012848,0.9601486325263976,237,157.1875,10432.9625,93,18,20,29,0.8694591522216797,0.9540126323699952,0.8974736332893372,0.8300265073776245,0.9302791357040404,0.8822824954986572
735,736,0,0,0,0,0,0,0,0.0,2,0.0132743362831858,1,0.0044247787610619,3,2,0.0088495575221238,5,0.0221238938053097,0.0,23,7.666666666666667,-12.082367601246077,2.2242990654205608,226,0.7502039670944214,0.9516792893409728,0.8691652417182922,142,465.6666666666667,56161.333333333336,54,21,11,16,0.709568202495575,0.941160261631012,0.7924129366874695,0.6691587567329407,0.9094103574752808,0.7905070781707764
736,737,0,0,0,0,0,0,0,0.0,7,0.0175438596491228,0,0.0,5,1,0.0043859649122807,3,0.0131578947368421,0.2,27,5.4,36.3422561576355,2.0246305418719213,228,0.8573325872421265,0.9773746132850648,0.9267057180404664,132,232.2,4706.7,45,6,14,22,0.8442509770393372,0.970104157924652,0.8733146786689758,0.8015016317367554,0.9407407641410828,0.8447278141975403
737,738,680,160,160,120,120,120,0,0.0,4,0.0087336244541484,6,0.0262008733624454,7,1,0.0043668122270742,0,0.0,0.4285714285714285,27,3.857142857142857,29.615000000000027,2.25531914893617,229,0.8874598145484924,0.97586327791214,0.914397120475769,118,186.14285714285717,8814.47619047619,52,22,8,17,0.8926489353179932,0.9738997220993042,0.9077478051185608,0.8753644227981567,0.956662893295288,0.9070610404014589
738,739,640,120,120,160,160,80,1,0.0027322404371584,4,0.0054644808743169,3,0.0081967213114754,10,0,0.0,2,0.0054644808743169,0.2,40,4.0,38.6279056603774,2.091194968553459,366,0.923754096031189,0.9860952496528624,0.9097386002540588,142,199.3,3438.011111111111,85,18,10,25,0.8511976599693298,0.962831974029541,0.8918731212615967,0.8360438346862793,0.9446635842323304,0.8985453248023987
739,740,520,160,120,120,120,0,0,0.0,3,0.0078947368421052,0,0.0,14,3,0.0078947368421052,0,0.0,0.0714285714285714,49,3.5,54.6179024767802,2.015479876160991,380,0.9160190224647522,0.982386350631714,0.94016033411026,194,140.35714285714286,2751.016483516484,81,25,22,21,0.8703335523605347,0.9664890170097352,0.8936159014701843,0.8589835166931152,0.946268618106842,0.8908236026763916
740,741,640,160,120,80,160,120,0,0.0,4,0.002680965147453,1,0.002680965147453,10,2,0.0053619302949061,0,0.0,0.1818181818181818,42,3.8181818181818175,46.024943181818216,2.040625,373,0.9056999683380128,0.9802857041358948,0.9501166939735411,175,177.0909090909091,8294.290909090909,90,24,17,12,0.872630774974823,0.9636977314949036,0.8867838978767395,0.855636477470398,0.9456139206886292,0.8830823302268982
741,742,360,120,40,40,120,40,0,0.0,5,0.0210084033613445,2,0.0084033613445378,6,0,0.0,1,0.0042016806722689,0.1666666666666666,27,4.5,23.91435275080909,2.2427184466019416,238,0.8774020671844482,0.9786272644996644,0.9122438430786132,141,225.33333333333331,7234.666666666667,54,19,13,15,0.8550480008125305,0.9701852202415466,0.8846692442893982,0.8552825450897217,0.9554851055145264,0.8827745318412781
742,743,320,80,40,40,120,40,0,0.0,8,0.004,7,0.014,13,3,0.006,2,0.004,0.1333333333333333,59,3.933333333333333,31.73553132250582,2.213457076566125,500,0.8743227124214172,0.97429758310318,0.92269766330719,237,187.46666666666667,7457.552380952381,107,40,27,28,0.8560768961906433,0.9651391506195068,0.8864389061927795,0.8598080277442932,0.9458785057067872,0.8931300640106201
743,744,600,120,120,120,120,120,0,0.0,3,0.026615969581749,0,0.0,9,2,0.0076045627376425,3,0.0114068441064638,0.1,40,4.0,38.088360759493696,2.2067510548523206,263,0.9051485061645508,0.97785884141922,0.9296697378158568,136,151.1,5124.766666666666,53,25,15,18,0.8623808026313782,0.9640651345252992,0.8841363191604614,0.8381224870681763,0.942959189414978,0.8845093846321106
744,745,400,160,40,40,120,40,0,0.0,3,0.0086206896551724,1,0.0043103448275862,8,0,0.0,0,0.0,0.0,22,2.75,45.24509146341466,2.097560975609756,232,0.8567526936531067,0.9716918468475342,0.911812424659729,127,155.625,2039.982142857143,51,18,3,14,0.8551355004310608,0.9651970863342284,0.8788371086120605,0.856108546257019,0.946123480796814,0.8867439031600952
745,746,880,160,200,200,160,160,1,0.0022471910112359,5,0.0067415730337078,1,0.0022471910112359,11,1,0.0022471910112359,2,0.0044943820224719,0.2727272727272727,36,3.272727272727273,17.712499406598667,2.3054830287206265,445,0.9185211658477784,0.9763943552970886,0.937677800655365,225,231.72727272727272,13719.61818181818,98,41,10,25,0.8423833250999451,0.9542727470397948,0.8678421378135681,0.8490238785743713,0.9417116641998292,0.8816050291061401
746,747,640,160,120,120,160,80,0,0.0,6,0.023076923076923,1,0.0038461538461538,8,0,0.0,0,0.0,0.0,40,5.0,44.216908185840765,2.075221238938053,260,0.9351471662521362,0.9821469187736512,0.935005784034729,125,178.125,1386.125,46,14,16,19,0.8567232489585876,0.9636435508728028,0.8803812861442566,0.8524196147918701,0.9455159306526184,0.8787879347801208
747,748,680,160,200,160,120,40,0,0.0,4,0.0106382978723404,0,0.0,13,0,0.0,1,0.0026595744680851,0.0,45,3.4615384615384617,37.58621282870487,2.2044728434504792,376,0.9164678454399108,0.9864795207977296,0.9565351009368896,196,154.53846153846155,1508.9358974358977,74,31,16,17,0.8600667119026184,0.9616832137107848,0.8854936361312866,0.8365399837493896,0.949613392353058,0.8853325843811035
748,749,240,80,80,40,40,0,0,0.0,3,0.0078431372549019,0,0.0,4,3,0.0117647058823529,1,0.0039215686274509,0.2,24,4.8,29.353097560975637,2.0040650406504064,255,0.7373893857002258,0.9549707174301147,0.8604850172996521,149,282.8,31659.7,65,20,15,13,0.718070924282074,0.9459291696548462,0.7890448570251465,0.6989527940750122,0.9174923300743104,0.7930552959442139
749,750,520,120,120,80,120,80,0,0.0,1,0.0,0,0.0,3,0,0.0,0,0.0,0.2,19,3.8,57.407773109243706,1.9747899159663864,143,0.8200259804725647,0.9676010608673096,0.8879784941673279,76,138.8,8529.2,30,9,7,16,0.7718427181243896,0.9531604051589966,0.8275596499443054,0.7587698698043823,0.9381039142608644,0.8329552412033081
750,751,440,80,120,80,80,80,0,0.0,5,0.0046296296296296,3,0.0138888888888888,9,2,0.0092592592592592,0,0.0,0.0,28,3.111111111111111,48.0730994152047,2.1157894736842104,216,0.8758538961410522,0.9736167192459106,0.914782702922821,114,134.66666666666666,1154.25,44,24,11,10,0.8507314920425415,0.9675628542900084,0.8749962449073792,0.8210062980651855,0.9475317001342772,0.8667880892753601
751,752,880,200,160,200,200,120,0,0.0,4,0.0108695652173913,1,0.0027173913043478,14,0,0.0,0,0.0,0.0,57,3.8,41.48732704402517,2.19496855345912,368,0.9147636294364928,0.9827535152435304,0.9373906254768372,205,138.13333333333333,4088.8380952380953,73,26,31,19,0.8601794242858887,0.9650800228118896,0.8963033556938171,0.8648672103881836,0.9536132216453552,0.8985351920127869
752,753,480,120,80,80,80,120,0,0.0,8,0.0114942528735632,1,0.0028735632183908,13,1,0.0028735632183908,0,0.0,0.0769230769230769,38,2.923076923076923,44.13338056680165,2.138157894736842,348,0.8990849852561951,0.9803506731987,0.9302444458007812,163,143.46153846153845,3577.102564102564,86,19,11,19,0.8551937937736511,0.9661591053009032,0.890140175819397,0.8533207178115845,0.9488643407821656,0.8926175236701965
753,754,400,160,40,40,120,40,1,0.0037735849056603,5,0.0113207547169811,1,0.0037735849056603,10,1,0.0037735849056603,1,0.0037735849056603,0.2,43,4.3,71.31514349775787,1.8295964125560535,265,0.8238487839698792,0.957797110080719,0.854000985622406,138,126.5,803.8333333333334,34,9,22,23,0.8296661376953125,0.9580692648887634,0.8522617816925049,0.7984548211097717,0.9191918969154358,0.8318011164665222
754,755,520,80,120,120,120,80,0,0.0,2,0.0,0,0.0,11,0,0.0,0,0.0,0.0,38,3.4545454545454546,34.71655244755247,2.1753846153846155,363,0.9388138055801392,0.9904732704162598,0.9563143849372864,191,185.72727272727272,9487.818181818182,84,19,18,18,0.8581876158714294,0.9652280211448668,0.8829225897789001,0.8410145044326782,0.9492676854133606,0.8766606450080872
755,756,360,120,80,40,80,40,0,0.0,3,0.0049261083743842,2,0.0098522167487684,10,0,0.0,0,0.0,0.0,32,3.2,43.20086363636364,2.2303030303030305,203,0.8526431918144226,0.9749244451522828,0.8977970480918884,119,109.6,664.9333333333333,42,17,10,16,0.8434451818466187,0.9669458270072936,0.873138964176178,0.8214393258094788,0.9417707324028016,0.8628747463226318
756,757,560,160,120,120,120,40,0,0.0,3,0.0049261083743842,2,0.0098522167487684,10,0,0.0,0,0.0,0.0,32,3.2,43.20086363636364,2.2303030303030305,203,0.8526431918144226,0.9749244451522828,0.8977970480918884,119,109.6,664.9333333333333,42,17,10,16,0.8434451818466187,0.9669458270072936,0.873138964176178,0.8214393258094788,0.9417707324028016,0.8628747463226318
757,758,720,160,160,200,160,40,0,0.0,4,0.0106382978723404,0,0.0,13,0,0.0,1,0.0026595744680851,0.0,45,3.4615384615384617,37.58621282870487,2.2044728434504792,376,0.9164678454399108,0.9864795207977296,0.9565351009368896,196,154.53846153846155,1508.9358974358977,74,31,16,17,0.8600667119026184,0.9616832137107848,0.8854936361312866,0.8365399837493896,0.949613392353058,0.8853325843811035
758,759,600,160,120,120,120,80,0,0.0,1,0.0053191489361702,0,0.0,6,0,0.0,0,0.0,0.0,24,3.0,54.85125000000004,2.05,188,0.879970908164978,0.97883540391922,0.929637849330902,97,118.25,3081.3571428571427,51,7,11,8,0.8446112275123596,0.965539276599884,0.8742401003837585,0.8400685787200928,0.9519070386886596,0.8835433721542358
759,760,600,120,120,120,120,120,0,0.0,3,0.0044843049327354,2,0.0044843049327354,14,1,0.0022421524663677,2,0.0044843049327354,0.2,49,3.2666666666666666,37.5959317585302,2.188976377952756,446,0.9102470874786376,0.9829989671707152,0.936978816986084,220,163.73333333333332,9457.923809523809,109,25,20,37,0.8348020911216736,0.961721122264862,0.8772575855255127,0.8097718358039856,0.9417918920516968,0.8801270723342896
760,761,640,160,120,120,120,120,0,0.0,2,0.00418410041841,0,0.0,6,1,0.00418410041841,0,0.0,0.1666666666666666,27,4.5,31.61984254992321,2.133640552995392,239,0.913312554359436,0.980796754360199,0.9414190649986268,139,222.5,2966.3,57,18,10,14,0.8346176147460938,0.9544636607170104,0.8516749143600464,0.8172401785850525,0.9359206557273864,0.8558149933815002
761,762,400,120,120,80,80,0,0,0.0,5,0.0104529616724738,0,0.0,7,1,0.0034843205574912,1,0.0034843205574912,0.2857142857142857,30,4.285714285714286,36.607031250000034,2.06640625,287,0.8935139179229736,0.9809348583221436,0.9462345242500304,157,219.14285714285717,8056.476190476191,72,25,4,24,0.8715323209762573,0.9707605242729188,0.8825201392173767,0.8375957608222961,0.9474415183067322,0.8788118362426758
762,763,640,160,160,160,160,0,0,0.0,5,0.006578947368421,2,0.006578947368421,11,4,0.0131578947368421,1,0.0032894736842105,0.0,33,3.0,33.52772727272729,2.253787878787879,304,0.9184422492980956,0.9848462343215942,0.9273240566253662,159,158.1818181818182,2474.5636363636363,76,27,6,12,0.8852364420890808,0.9687325954437256,0.9028374552726746,0.8672876358032227,0.9519302248954772,0.9051516056060792
763,764,720,120,160,120,160,160,0,0.0,3,0.0,1,0.0040485829959514,8,1,0.0040485829959514,2,0.0080971659919028,0.1,31,3.1,38.84921126760563,2.2253521126760565,247,0.8989458680152893,0.9838783740997314,0.9449225068092346,147,137.7,4962.011111111111,56,17,8,12,0.8664126992225647,0.9683582186698914,0.8919544219970703,0.8655247688293457,0.9599093198776244,0.8992425799369812
764,765,360,120,40,40,120,40,0,0.0,4,0.0082644628099173,0,0.0,8,3,0.012396694214876,0,0.0,0.0,28,3.111111111111111,52.7332658359294,2.032710280373832,242,0.8698146939277649,0.9756318926811218,0.9137710332870485,139,144.22222222222223,3889.944444444444,58,19,15,17,0.8548198342323303,0.968674659729004,0.8673166632652283,0.8330545425415039,0.9484981894493104,0.8790505528450012
765,766,440,200,40,40,120,40,0,0.0,3,0.0087336244541484,0,0.0,8,0,0.0,0,0.0,0.125,24,3.0,35.30197208737866,2.2135922330097086,229,0.9156703352928162,0.980459988117218,0.9372910261154176,123,163.5,8129.428571428572,60,23,15,8,0.8518890738487244,0.9618716835975648,0.8700594305992126,0.8392286896705627,0.9474149346351624,0.8785225749015808
766,767,880,160,200,160,160,200,0,0.0,4,0.0023148148148148,1,0.0023148148148148,15,1,0.0023148148148148,3,0.0069444444444444,0.0666666666666666,42,2.8,41.78875000000004,2.1354166666666665,432,0.9317978620529176,0.9887691140174866,0.9550772309303284,226,164.93333333333334,1855.209523809524,95,30,15,33,0.8596835136413574,0.9562276601791382,0.8800476789474487,0.829855740070343,0.9428296089172364,0.8902547955513
767,768,560,120,120,80,120,120,0,0.0,2,0.0,0,0.0,5,1,0.0042735042735042,1,0.0042735042735042,0.4,39,7.8,31.136229665071824,2.071770334928229,234,0.9067582488059998,0.9823250770568848,0.9364749193191528,133,257.2,7722.7,53,20,16,21,0.8554663062095642,0.9614949822425842,0.8790963888168335,0.8347668051719666,0.944148063659668,0.8767535090446472
768,769,840,200,160,200,160,120,0,0.0,3,0.0037735849056603,3,0.0113207547169811,8,1,0.0037735849056603,1,0.0037735849056603,0.0,27,3.375,31.23139013452914,2.2242152466367715,265,0.9329782724380492,0.9838421940803528,0.9467257261276244,145,190.875,3554.9821428571427,70,19,10,20,0.8540875315666199,0.9572716355323792,0.8779502511024475,0.8604950308799744,0.9426626563072203,0.8876796960830688
769,770,720,160,120,160,120,160,0,0.0,5,0.0163487738419618,0,0.0,8,2,0.0054495912806539,0,0.0,0.0,40,5.0,31.467946428571477,2.072948328267477,367,0.899700403213501,0.9785378575325012,0.9444082379341124,203,252.875,18603.55357142857,89,26,17,24,0.8514571189880371,0.9620656967163086,0.8764169216156006,0.8352409601211548,0.9390371441841124,0.8753997683525085
770,771,120,80,40,0,0,0,0,0.0,3,0.0094339622641509,3,0.0141509433962264,10,0,0.0,0,0.0,0.0909090909090909,32,2.909090909090909,42.21128526645769,2.2471264367816093,212,0.9037938117980956,0.9875709414482116,0.9541283845901488,127,108.72727272727272,1618.418181818182,50,15,7,18,0.8368471264839172,0.9625672101974488,0.8636686205863953,0.8117825388908386,0.9460003972053528,0.8635045886039734
771,772,760,160,120,160,160,160,0,0.0,6,0.012012012012012,0,0.0,10,3,0.009009009009009,3,0.009009009009009,0.2,39,3.9,36.926163934426256,2.137704918032787,333,0.9193304181098938,0.9826167821884156,0.9370540380477904,171,188.7,9990.011111111113,79,41,18,15,0.8683996200561523,0.9633877277374268,0.8844219446182251,0.85987389087677,0.9485011100769044,0.887463390827179
772,773,720,160,200,120,120,120,0,0.0,4,0.0082644628099173,0,0.0,8,3,0.012396694214876,0,0.0,0.0,28,3.111111111111111,52.7332658359294,2.032710280373832,242,0.8698146939277649,0.9756318926811218,0.9137710332870485,139,144.22222222222223,3889.944444444444,58,19,15,17,0.8548198342323303,0.968674659729004,0.8673166632652283,0.8330545425415039,0.9484981894493104,0.8790505528450012
773,774,320,120,80,40,80,0,1,0.0045454545454545,2,0.009090909090909,2,0.009090909090909,7,2,0.009090909090909,1,0.0045454545454545,0.1428571428571428,23,3.2857142857142856,67.61081081081083,1.8216216216216217,220,0.8393855690956116,0.96459299325943,0.8776178359985352,108,147.71428571428572,4271.571428571428,36,12,14,20,0.8230158090591431,0.9609628319740297,0.8517475128173828,0.7959446310997009,0.9280310273170472,0.851254940032959
774,775,400,80,80,80,80,80,0,0.0,4,0.0048076923076923,0,0.0,6,3,0.0144230769230769,14,0.0673076923076923,0.0,23,3.2857142857142856,45.8638461538462,2.0615384615384613,208,0.838150143623352,0.9601507782936096,0.916279435157776,124,168.71428571428572,9711.57142857143,55,19,11,10,0.7876007556915283,0.9482839703559875,0.8280048966407776,0.7536863684654236,0.924064040184021,0.81595778465271
775,776,0,0,0,0,0,0,0,0.0,1,0.0,0,0.0,4,1,0.0075757575757575,0,0.0,0.25,18,4.5,55.05142241379312,1.9396551724137927,132,0.8490284085273743,0.9684919714927672,0.8994823098182678,77,171.25,6746.916666666667,27,3,5,14,0.8051599860191345,0.9511865973472596,0.8120468258857727,0.775924026966095,0.9275699853897096,0.8205099105834961
776,777,600,120,120,120,120,120,0,0.0,1,0.0,1,0.0032362459546925,12,2,0.0064724919093851,4,0.0129449838187702,0.0,35,2.9166666666666665,33.96668478260872,2.260869565217391,309,0.8793285489082336,0.9788376688957214,0.9336724281311036,149,151.33333333333334,2029.878787878788,81,28,9,20,0.8190417289733887,0.9603836536407472,0.865477979183197,0.8221647143363953,0.9458423256874084,0.8753581047058105
777,778,720,120,200,120,120,160,0,0.0,5,0.0046296296296296,3,0.0138888888888888,9,2,0.0092592592592592,0,0.0,0.0,28,3.111111111111111,48.0730994152047,2.1157894736842104,216,0.8758538961410522,0.9736167192459106,0.914782702922821,114,134.66666666666666,1154.25,44,24,11,10,0.8507314920425415,0.9675628542900084,0.8749962449073792,0.8210062980651855,0.9475317001342772,0.8667880892753601
778,779,240,40,80,40,40,40,1,0.0037735849056603,5,0.0113207547169811,1,0.0037735849056603,10,1,0.0037735849056603,1,0.0037735849056603,0.2,43,4.3,71.31514349775787,1.8295964125560535,265,0.8238487839698792,0.957797110080719,0.854000985622406,138,126.5,803.8333333333334,34,9,22,23,0.8296661376953125,0.9580692648887634,0.8522617816925049,0.7984548211097717,0.9191918969154358,0.8318011164665222
779,780,480,120,120,80,120,40,1,0.0053191489361702,4,0.0159574468085106,1,0.0053191489361702,5,1,0.0053191489361702,1,0.0053191489361702,0.2857142857142857,27,3.857142857142857,39.91263157894738,2.1695906432748537,188,0.8829094171524048,0.9820583462715148,0.9134738445281982,126,154.42857142857142,12889.952380952382,37,10,9,11,0.8497236371040344,0.9637028574943542,0.8483946919441223,0.8309838175773621,0.9511032700538636,0.8550939559936523
780,781,800,160,160,160,160,160,1,0.0022471910112359,5,0.0179775280898876,0,0.0,14,0,0.0,2,0.0044943820224719,0.0,59,3.6875,40.576686381074175,2.166240409207161,445,0.9436818957328796,0.985340178012848,0.9601486325263976,237,157.1875,10432.9625,93,18,20,29,0.8694591522216797,0.9540126323699952,0.8974736332893372,0.8300265073776245,0.9302791357040404,0.8822824954986572
781,782,400,80,120,120,80,0,0,0.0,3,0.0037453183520599,0,0.0,3,16,0.0599250936329588,6,0.0224719101123595,0.0,31,10.333333333333334,-31.6150524934383,2.2992125984251968,267,0.7917230129241943,0.963638186454773,0.884946882724762,175,557.3333333333334,87702.33333333333,57,23,26,14,0.731408953666687,0.9478412866592408,0.8146902322769165,0.7065565586090088,0.9205127358436584,0.800521194934845
782,783,600,120,200,80,120,80,0,0.0,1,0.0098522167487684,3,0.0147783251231527,7,3,0.0147783251231527,3,0.0147783251231527,0.0,33,3.6666666666666665,45.23214859437752,2.174698795180723,203,0.856280505657196,0.9758335947990416,0.9402795433998108,120,124.22222222222224,3393.9444444444443,45,9,8,12,0.8203033208847046,0.959438681602478,0.868728518486023,0.8090295195579529,0.9443053603172302,0.870893657207489
783,784,840,120,200,120,200,200,0,0.0,9,0.0126582278481012,2,0.0063291139240506,11,2,0.0063291139240506,0,0.0,0.0,38,3.4545454545454546,32.978873812754415,2.253731343283582,316,0.91413676738739,0.9841764569282532,0.9350789785385132,167,159.54545454545453,3945.072727272727,72,32,15,17,0.8495990037918091,0.964038610458374,0.871086835861206,0.854314923286438,0.9520570039749146,0.8961521983146667
784,785,760,120,200,160,160,120,0,0.0,2,0.0202020202020202,4,0.0134680134680134,8,4,0.0134680134680134,3,0.0101010101010101,0.1,46,4.6,58.3247317073171,1.9471544715447155,297,0.9104731678962708,0.9815472960472108,0.9387413859367372,151,148.8,2836.8444444444444,51,14,21,19,0.8622432947158813,0.9608253240585328,0.8781235814094543,0.8322739601135254,0.938024401664734,0.8728512525558472
785,786,0,0,0,0,0,0,0,0.0,6,0.0146520146520146,1,0.0036630036630036,8,0,0.0,4,0.0146520146520146,0.1818181818181818,38,3.4545454545454546,57.98902112410413,1.987551867219917,273,0.8696275949478149,0.9728907346725464,0.936900794506073,129,130.27272727272728,4995.418181818181,56,11,14,23,0.8589804768562317,0.9718607664108276,0.9014543294906616,0.8124755620956421,0.9416367411613464,0.8710169792175293
786,787,760,120,160,160,160,160,0,0.0,0,0.0,0,0.0,12,2,0.0068493150684931,0,0.0,0.0,40,2.5,53.2217875,2.124,292,0.915598452091217,0.9849035739898682,0.9419622421264648,156,97.25,1653.9333333333334,72,11,17,11,0.836268961429596,0.9612481594085692,0.8723660707473755,0.8431262969970703,0.9503094553947448,0.8867737054824829
787,788,800,160,160,160,160,160,0,0.0,6,0.0121065375302663,5,0.0121065375302663,14,0,0.0,1,0.0024213075060532,0.0,63,3.7058823529411766,61.30395627277461,1.9675516224188792,413,0.9284513592720032,0.9832784533500672,0.9513069987297058,175,122.29411764705884,3416.345588235294,95,19,28,28,0.8492379188537598,0.9560534954071044,0.8712236285209656,0.8433961868286133,0.9398790001869202,0.8804618120193481
788,789,720,160,200,120,160,80,1,0.0027322404371584,4,0.0054644808743169,3,0.0081967213114754,10,0,0.0,2,0.0054644808743169,0.2,40,4.0,38.6279056603774,2.091194968553459,366,0.923754096031189,0.9860952496528624,0.9097386002540588,142,199.3,3438.011111111111,85,18,10,25,0.8511976599693298,0.962831974029541,0.8918731212615967,0.8360438346862793,0.9446635842323304,0.8985453248023987
789,790,720,160,120,160,120,160,0,0.0,3,0.0082644628099173,0,0.0,9,0,0.0,0,0.0,0.0769230769230769,35,2.6923076923076925,58.3493948231863,2.056872037914692,242,0.90408056974411,0.9772428870201112,0.9303907752037048,146,99.07692307692308,2216.9102564102564,53,9,15,26,0.8505411148071289,0.9560325145721436,0.8714975118637085,0.8207947015762329,0.926914393901825,0.8584442138671875
790,791,600,120,120,120,120,120,0,0.0,3,0.00625,0,0.0,3,2,0.0125,0,0.0,0.0,17,3.4,45.77198473282445,2.0763358778625958,160,0.9239931702613832,0.9837249517440796,0.9479942321777344,93,159.0,9506.5,36,15,4,9,0.8344563245773315,0.960413694381714,0.8657235503196716,0.8265953660011292,0.9441632032394408,0.86006760597229
791,792,400,80,80,80,80,80,0,0.0,7,0.0189573459715639,0,0.0,7,1,0.0047393364928909,0,0.0,0.0,28,3.111111111111111,62.329923371647546,1.971264367816092,211,0.91215717792511,0.984430968761444,0.9401028156280518,122,116.77777777777776,3459.6944444444443,35,9,12,10,0.8621223568916321,0.966242015361786,0.897251307964325,0.833389937877655,0.9495738744735718,0.8776096105575562
792,793,760,200,120,160,160,120,0,0.0,6,0.0112994350282485,0,0.0,12,0,0.0,0,0.0,0.0769230769230769,45,3.4615384615384617,35.26133366633371,2.24025974025974,354,0.8751110434532166,0.9778555631637572,0.8939740657806396,200,154.69230769230768,4930.564102564103,80,23,13,31,0.8906928300857544,0.9709648489952089,0.905491590499878,0.8692950010299683,0.9489676356315612,0.891819953918457
793,794,520,120,120,80,120,80,0,0.0,7,0.015625,1,0.0026041666666666,12,1,0.0026041666666666,1,0.0026041666666666,0.1666666666666666,44,3.6666666666666665,37.71476226993865,2.1625766871165646,384,0.9011142253875732,0.9780056476593018,0.9332368969917296,167,176.91666666666666,4822.992424242424,80,35,26,15,0.8614572882652283,0.9652652740478516,0.8815281391143799,0.8554959893226624,0.9518966674804688,0.8966873288154602
794,795,520,80,120,120,120,80,0,0.0,7,0.0176767676767676,4,0.0101010101010101,9,4,0.0101010101010101,0,0.0,0.6666666666666666,46,5.111111111111111,29.83307592049531,2.126099706744868,396,0.9043349623680116,0.9814491271972656,0.9484300017356871,196,237.77777777777777,7218.944444444444,82,17,24,25,0.8524600863456726,0.9691985249519348,0.8875138759613037,0.8178852796554565,0.943686544895172,0.8770933151245117
795,796,600,160,120,80,120,120,0,0.0,6,0.0163934426229508,0,0.0,11,0,0.0,1,0.0040983606557377,0.0714285714285714,44,3.142857142857143,50.92304347826092,2.1594202898550723,244,0.9186620116233826,0.9873493909835817,0.9401599764823914,135,94.42857142857144,981.3406593406594,48,11,15,17,0.8597885370254517,0.9627395272254944,0.8774046301841736,0.8476725816726685,0.9464609622955322,0.8846234083175659
796,797,720,160,160,120,160,120,0,0.0,1,0.0060240963855421,4,0.0120481927710843,9,1,0.003012048192771,1,0.003012048192771,0.1111111111111111,37,4.111111111111111,25.704709462112305,2.2508833922261484,332,0.910742461681366,0.9837056398391724,0.9400404691696168,154,207.22222222222223,5730.444444444444,81,22,13,20,0.866694986820221,0.9678815603256226,0.8735461831092834,0.8839841485023499,0.9555544853210448,0.8944412469863892
797,798,680,120,120,120,160,160,1,0.0038461538461538,3,0.0076923076923076,1,0.0038461538461538,8,1,0.0038461538461538,3,0.0115384615384615,0.0,27,3.375,38.81138771186441,2.1271186440677967,260,0.8317381739616394,0.9723276495933532,0.906101405620575,153,180.0,4487.142857142857,71,15,3,23,0.8178171515464783,0.9677059650421144,0.8683474659919739,0.7758988738059998,0.9443994164466858,0.8601065874099731
798,799,560,120,120,120,120,80,0,0.0,3,0.0045045045045045,1,0.0045045045045045,9,1,0.0045045045045045,1,0.0045045045045045,0.2,28,2.8,51.48551546391754,2.0927835051546397,222,0.9213661551475524,0.986245095729828,0.9421952366828918,123,120.9,2514.5444444444443,47,21,11,14,0.8379626274108887,0.959671139717102,0.8717349767684937,0.836927592754364,0.9490727186203004,0.879278302192688
799,800,440,120,120,80,80,40,0,0.0,0,0.0,0,0.0,5,0,0.0,0,0.0,0.2,26,5.2,27.98668421052634,2.192982456140351,194,0.904763638973236,0.9821411967277528,0.9400128126144408,102,212.6,3330.8,43,15,12,22,0.8539100289344788,0.9593831300735474,0.870154082775116,0.8367902636528015,0.9369487166404724,0.8770394325256348
800,801,600,120,120,120,120,120,0,0.0,9,0.0053619302949061,1,0.002680965147453,12,1,0.002680965147453,3,0.0080428954423592,0.0769230769230769,47,3.615384615384616,25.74959475855375,2.3406940063091484,373,0.9482406973838806,0.9891348481178284,0.9586081504821776,194,168.23076923076923,4985.358974358975,81,33,23,24,0.8550450205802917,0.9578772187232972,0.8802181482315063,0.8342702388763428,0.9415524005889891,0.8706637024879456
801,802,840,200,160,160,200,120,0,0.0,4,0.0110803324099723,0,0.0,8,0,0.0,0,0.0,0.125,46,5.75,16.86794535928145,2.236526946107785,361,0.8912904262542725,0.9821153283119202,0.927304983139038,210,269.625,11024.55357142857,89,30,14,35,0.8680996894836426,0.9630874991416932,0.8868204951286316,0.8615940809249878,0.952980935573578,0.897003173828125
802,803,200,40,40,40,40,40,0,0.0,3,0.0052083333333333,3,0.015625,6,0,0.0,1,0.0052083333333333,0.0,29,3.625,34.60767045454547,2.278787878787879,192,0.8908505439758301,0.9810141324996948,0.9383405447006226,114,135.75,5271.357142857143,41,10,14,13,0.850516676902771,0.965966820716858,0.8696174025535583,0.8432194590568542,0.9539321660995485,0.8845677375793457
803,804,480,120,120,80,120,40,0,0.0,6,0.0053475935828877,0,0.0,7,1,0.0053475935828877,0,0.0,0.0,26,2.6,34.67025806451617,2.341935483870968,187,0.8776968717575073,0.9864051342010498,0.9304792284965516,127,109.3,2439.3444444444444,41,7,8,10,0.826651930809021,0.9647479057312012,0.8649150729179382,0.8084890842437744,0.9518447518348694,0.8656861782073975
804,805,520,120,160,120,120,0,0,0.0,10,0.0162162162162162,0,0.0,8,0,0.0,0,0.0,0.375,43,5.375,35.071226340694,2.0378548895899056,370,0.8996722102165222,0.9825788140296936,0.937661588191986,197,245.25,10192.785714285714,66,26,25,21,0.8569406270980835,0.9582338333129884,0.8684197068214417,0.8469133973121643,0.9413766264915466,0.8763155937194824
805,806,640,160,120,160,160,40,3,0.007125890736342,3,0.009501187648456,1,0.002375296912114,18,0,0.0,0,0.0,0.0555555555555555,54,3.0,54.92759952465835,2.037433155080214,421,0.9162983894348145,0.9832656979560852,0.9232312440872192,189,123.38888888888889,768.7222222222222,96,29,11,37,0.8865219354629517,0.9719606637954712,0.9110288023948668,0.858521580696106,0.9478682279586792,0.9010103344917296
806,807,680,200,200,160,120,0,0,0.0,2,0.0132890365448504,0,0.0,12,0,0.0,0,0.0,0.25,43,3.583333333333333,36.065070281124505,2.265060240963856,301,0.9013226628303528,0.9778785705566406,0.91746187210083,157,134.66666666666666,709.1515151515151,66,17,25,13,0.8717420101165771,0.9699536561965942,0.8991439342498779,0.8616694808006287,0.957505702972412,0.8954314589500427
807,808,680,120,160,120,120,160,1,0.0046082949308755,1,0.0046082949308755,0,0.0,8,1,0.0046082949308755,6,0.0276497695852534,0.2222222222222222,29,3.2222222222222223,51.29281725888326,2.071065989847716,217,0.8803898096084595,0.9811360836029052,0.9408052563667296,125,129.33333333333334,3315.25,59,15,10,23,0.8307690620422363,0.9631022214889526,0.8682952523231506,0.820144534111023,0.9473704099655152,0.873469352722168
808,809,600,120,120,160,120,80,0,0.0,11,0.0047846889952153,0,0.0,13,1,0.0023923444976076,0,0.0,0.1538461538461538,53,4.076923076923077,23.171902834008105,2.3157894736842106,418,0.8764598965644836,0.978087306022644,0.9127523899078368,220,192.92307692307693,3322.4102564102564,96,32,20,32,0.883604109287262,0.9711105823516846,0.8985418081283569,0.8481828570365906,0.9507849216461182,0.8797784447669983
809,810,600,120,120,120,120,120,0,0.0,3,0.0082644628099173,0,0.0,9,0,0.0,0,0.0,0.0769230769230769,35,2.6923076923076925,58.3493948231863,2.056872037914692,242,0.90408056974411,0.9772428870201112,0.9303907752037048,146,99.07692307692308,2216.9102564102564,53,9,15,26,0.8505411148071289,0.9560325145721436,0.8714975118637085,0.8207947015762329,0.926914393901825,0.8584442138671875
810,811,400,120,80,80,80,40,0,0.0,1,0.0074074074074074,0,0.0,4,1,0.0074074074074074,2,0.0148148148148148,0.0,17,4.25,46.36500000000003,2.033333333333333,135,0.8890270590782166,0.9852156043052672,0.9300706386566162,90,181.0,304.6666666666667,35,11,5,8,0.8327592015266418,0.9585731625556946,0.8547153472900391,0.8238623738288879,0.9473212957382202,0.864438533782959
811,812,640,120,160,120,120,120,0,0.0,1,0.0055096418732782,2,0.0055096418732782,10,4,0.0110192837465564,0,0.0,0.4,42,4.2,30.02050000000002,2.2133333333333334,363,0.8898001313209534,0.9839957356452942,0.9398884773254396,187,199.8,3777.733333333333,75,30,19,15,0.8624858856201172,0.9658560156822203,0.8863443732261658,0.8457038402557373,0.951988399028778,0.8875977993011475
812,813,920,200,160,200,200,160,0,0.0,6,0.0101694915254237,1,0.0033898305084745,11,0,0.0,1,0.0033898305084745,0.1818181818181818,41,3.727272727272727,34.02861419068739,2.2642276422764227,295,0.94985830783844,0.9893351793289183,0.9604206085205078,167,152.0,1857.4,62,24,15,15,0.8844225406646729,0.9664490222930908,0.8995627760887146,0.8832458257675171,0.9549281001091005,0.9015332460403442
813,814,440,120,80,80,80,80,0,0.0,4,0.0,2,0.0061919504643962,9,0,0.0,1,0.0030959752321981,0.0,39,4.333333333333333,27.331029411764757,2.2463235294117645,323,0.9341091513633728,0.9883952736854552,0.9452077150344848,169,202.11111111111111,1214.361111111111,68,23,11,20,0.863869309425354,0.963348388671875,0.8887173533439636,0.8539849519729614,0.948655903339386,0.8914188742637634
814,815,720,160,160,120,160,120,0,0.0,2,0.00418410041841,0,0.0,6,1,0.00418410041841,0,0.0,0.1666666666666666,27,4.5,31.61984254992321,2.133640552995392,239,0.913312554359436,0.980796754360199,0.9414190649986268,139,222.5,2966.3,57,18,10,14,0.8346176147460938,0.9544636607170104,0.8516749143600464,0.8172401785850525,0.9359206557273864,0.8558149933815002
815,816,880,160,160,200,160,200,0,0.0,7,0.0059701492537313,1,0.0029850746268656,13,1,0.0029850746268656,0,0.0,0.1538461538461538,44,3.3846153846153846,31.174956383822387,2.3024054982817868,335,0.9429171681404114,0.9881860613822936,0.953284502029419,192,149.69230769230768,3975.397435897436,80,32,15,15,0.8659318685531616,0.9618829488754272,0.8964505195617676,0.8762190341949463,0.954426407814026,0.9066659808158876
816,817,480,120,120,80,80,80,0,0.0,1,0.0039840637450199,0,0.0,9,3,0.0119521912350597,0,0.0,0.1111111111111111,39,4.333333333333333,60.5582816537468,1.9348837209302323,251,0.8979426026344299,0.9794963002204896,0.942367672920227,136,140.77777777777777,1114.9444444444443,57,15,17,18,0.8698626160621643,0.9712650775909424,0.8955454230308533,0.84711754322052,0.9470142722129822,0.8830335736274719
817,818,440,120,80,80,80,80,0,0.0,0,0.0088888888888888,2,0.0088888888888888,4,1,0.0044444444444444,0,0.0,0.5,28,7.0,27.70075000000002,2.005,225,0.8956859111785889,0.9766151905059814,0.919456422328949,126,306.25,28720.916666666668,47,14,12,19,0.8566039204597473,0.9660924673080444,0.888897716999054,0.8183827996253967,0.9403314590454102,0.8712714910507202
818,819,880,160,200,160,200,160,0,0.0,9,0.0089020771513353,0,0.0,14,5,0.0148367952522255,2,0.0059347181008902,0.0,47,3.357142857142857,36.71470588235295,2.2450980392156863,337,0.8899076581001282,0.9776986837387084,0.905873715877533,187,138.5,1495.3461538461538,92,29,21,16,0.8619953989982605,0.9631295800209044,0.8836926817893982,0.853575587272644,0.9478219747543336,0.8850796222686768
819,820,560,80,120,120,120,120,0,0.0,3,0.0054644808743169,0,0.0,7,1,0.0054644808743169,6,0.0327868852459016,0.0,26,3.7142857142857135,43.19392405063292,2.1582278481012658,183,0.8937522172927856,0.975865125656128,0.9432668685913086,107,143.85714285714286,6349.476190476191,47,13,14,8,0.8176217079162598,0.9554980397224426,0.8630619645118713,0.8160668611526489,0.9438093900680542,0.8713008165359497
820,821,440,200,40,40,120,40,0,0.0,4,0.0087336244541484,6,0.0262008733624454,7,1,0.0043668122270742,0,0.0,0.4285714285714285,27,3.857142857142857,29.615000000000027,2.25531914893617,229,0.8874598145484924,0.97586327791214,0.914397120475769,118,186.14285714285717,8814.47619047619,52,22,8,17,0.8926489353179932,0.9738997220993042,0.9077478051185608,0.8753644227981567,0.956662893295288,0.9070610404014589
821,822,480,120,80,80,120,80,0,0.0,4,0.0106382978723404,0,0.0,13,0,0.0,1,0.0026595744680851,0.0,45,3.4615384615384617,37.58621282870487,2.2044728434504792,376,0.9164678454399108,0.9864795207977296,0.9565351009368896,196,154.53846153846155,1508.9358974358977,74,31,16,17,0.8600667119026184,0.9616832137107848,0.8854936361312866,0.8365399837493896,0.949613392353058,0.8853325843811035
822,823,0,0,0,0,0,0,0,0.0,0,0.0,0,0.0,12,2,0.0068493150684931,0,0.0,0.0,40,2.5,53.2217875,2.124,292,0.915598452091217,0.9849035739898682,0.9419622421264648,156,97.25,1653.9333333333334,72,11,17,11,0.836268961429596,0.9612481594085692,0.8723660707473755,0.8431262969970703,0.9503094553947448,0.8867737054824829
823,824,440,80,80,80,80,120,0,0.0,7,0.0,0,0.0,5,1,0.0044843049327354,0,0.0,0.0,22,4.4,33.00900000000002,2.0904255319148937,223,0.8850775957107544,0.9704888463020324,0.911157488822937,123,240.2,2598.2,58,13,7,14,0.8039664030075073,0.9491431713104248,0.8349034190177917,0.7818021774291992,0.9238292574882508,0.8357096910476685
824,825,280,80,40,40,40,80,0,0.0,2,0.012012012012012,1,0.003003003003003,7,1,0.003003003003003,4,0.012012012012012,0.3333333333333333,43,4.777777777777778,49.96869883040937,1.944078947368421,333,0.879768967628479,0.9745068550109864,0.9279938340187072,175,193.66666666666663,21087.75,80,26,18,20,0.8559866547584534,0.9665706753730774,0.8828657269477844,0.8295491933822632,0.9420855045318604,0.8784652948379517
825,826,760,160,160,200,160,80,0,0.0,5,0.0050251256281407,3,0.007537688442211,13,0,0.0,2,0.0050251256281407,0.1333333333333333,49,3.2666666666666666,30.69979941002953,2.3008849557522124,398,0.9246699213981628,0.9846234917640686,0.9457226395606996,221,152.73333333333332,5461.780952380952,95,38,19,17,0.8567098379135132,0.961272120475769,0.8864796161651611,0.8505232930183411,0.9473358988761902,0.8888260126113892
826,827,0,0,0,0,0,0,8,0.0199004975124378,10,0.0223880597014925,5,0.0124378109452736,10,1,0.0024875621890547,1,0.0024875621890547,0.05,57,2.85,61.17876991150442,2.0117994100294987,402,0.9230557084083556,0.9753522872924804,0.9198970794677734,192,102.25,6348.618421052632,68,30,25,35,0.8840510249137878,0.9595386981964112,0.890649676322937,0.843833863735199,0.9351978302001952,0.862492024898529
827,828,400,160,40,40,120,40,0,0.0,5,0.0210084033613445,2,0.0084033613445378,6,0,0.0,1,0.0042016806722689,0.1666666666666666,27,4.5,23.91435275080909,2.2427184466019416,238,0.8774020671844482,0.9786272644996644,0.9122438430786132,141,225.33333333333331,7234.666666666667,54,19,13,15,0.8550480008125305,0.9701852202415466,0.8846692442893982,0.8552825450897217,0.9554851055145264,0.8827745318412781
828,829,800,200,80,160,200,160,0,0.0,5,0.0033333333333333,2,0.0066666666666666,10,0,0.0,0,0.0,0.0909090909090909,35,3.1818181818181817,28.514759959141998,2.310861423220974,300,0.9207068085670472,0.9819202423095704,0.9453020691871644,170,164.0,8439.8,79,34,18,25,0.845025360584259,0.9560539722442628,0.8745282888412476,0.847108781337738,0.9436197876930236,0.8798643946647644
829,830,680,160,160,120,160,80,0,0.0,3,0.0037593984962406,4,0.0150375939849624,10,1,0.0037593984962406,0,0.0,0.1818181818181818,43,3.909090909090909,31.582077922077936,2.311688311688312,266,0.8796373009681702,0.9741635918617249,0.8960571885108948,143,142.0,3146.0,59,29,15,19,0.8629080057144165,0.96319180727005,0.8837266564369202,0.8608874678611755,0.9537553191184998,0.8959301114082336
830,831,320,160,40,40,80,0,0,0.0,2,0.0060240963855421,0,0.0,5,0,0.0,5,0.0301204819277108,0.1666666666666666,17,2.833333333333333,53.019333333333336,2.006666666666667,166,0.8773698806762695,0.972082793712616,0.9247310161590576,91,147.66666666666666,2386.6666666666665,36,5,4,18,0.8103839159011841,0.9481584429740906,0.8336873054504395,0.775812566280365,0.9266709089279176,0.8412665724754333
831,832,480,200,40,40,160,40,0,0.0,4,0.0087336244541484,6,0.0262008733624454,7,1,0.0043668122270742,0,0.0,0.4285714285714285,27,3.857142857142857,29.615000000000027,2.25531914893617,229,0.8874598145484924,0.97586327791214,0.914397120475769,118,186.14285714285717,8814.47619047619,52,22,8,17,0.8926489353179932,0.9738997220993042,0.9077478051185608,0.8753644227981567,0.956662893295288,0.9070610404014589
832,833,720,160,160,160,160,80,0,0.0,3,0.0087336244541484,0,0.0,8,0,0.0,0,0.0,0.125,24,3.0,35.30197208737866,2.2135922330097086,229,0.9156703352928162,0.980459988117218,0.9372910261154176,123,163.5,8129.428571428572,60,23,15,8,0.8518890738487244,0.9618716835975648,0.8700594305992126,0.8392286896705627,0.9474149346351624,0.8785225749015808
833,834,360,120,40,40,120,40,0,0.0,3,0.0154440154440154,0,0.0,9,1,0.0038610038610038,7,0.027027027027027,0.0,30,3.333333333333333,56.55366666666669,1.968888888888889,259,0.8834398984909058,0.979436993598938,0.926601767539978,142,148.44444444444446,2172.527777777778,40,12,16,22,0.8231264352798462,0.9636608958244324,0.865036129951477,0.7984268665313721,0.9384952187538148,0.8604817390441895
834,835,560,160,120,160,120,0,1,0.0023696682464454,1,0.0071090047393364,0,0.0,10,0,0.0,0,0.0,0.25,42,3.5,27.27747161671212,2.2479564032697548,422,0.9085200428962708,0.9823399782180786,0.943005919456482,218,198.16666666666663,13915.787878787878,88,40,15,29,0.8548277616500854,0.9584980010986328,0.8892040252685547,0.8700640797615051,0.9530826210975648,0.8987983465194702
835,836,680,160,200,200,120,0,1,0.0015337423312883,7,0.0061349693251533,2,0.0030674846625766,14,0,0.0,0,0.0,0.25,83,5.1875,28.9427281746032,2.165784832451499,652,0.9150204062461852,0.9735755324363708,0.9406465888023376,322,230.25,12485.933333333332,147,47,43,44,0.8442604541778564,0.9603831768035888,0.8835474848747253,0.8357718586921692,0.942391872406006,0.8840002417564392
836,837,1000,200,200,200,200,200,1,0.0022471910112359,5,0.0067415730337078,1,0.0022471910112359,11,1,0.0022471910112359,2,0.0044943820224719,0.2727272727272727,36,3.272727272727273,17.712499406598667,2.3054830287206265,445,0.9185211658477784,0.9763943552970886,0.937677800655365,225,231.72727272727272,13719.61818181818,98,41,10,25,0.8423833250999451,0.9542727470397948,0.8678421378135681,0.8490238785743713,0.9417116641998292,0.8816050291061401
837,838,520,120,120,80,80,120,0,0.0,6,0.0174216027874564,0,0.0,9,1,0.0034843205574912,1,0.0034843205574912,0.1111111111111111,35,3.888888888888889,32.832231219073336,2.2186234817813766,287,0.9232724905014038,0.978476881980896,0.9490927457809448,163,177.33333333333334,20990.75,74,31,13,17,0.8389575481414795,0.954530954360962,0.8688293695449829,0.8416461944580078,0.9446914196014404,0.8812950253486633
838,839,560,160,120,80,120,80,0,0.0,7,0.0068259385665529,1,0.0034129692832764,11,2,0.0068259385665529,0,0.0,0.1666666666666666,35,2.9166666666666665,35.66591863517062,2.263779527559055,293,0.9364619255065918,0.9884769916534424,0.953054666519165,169,141.75,2749.4772727272725,68,26,11,12,0.8711385130882263,0.96188622713089,0.8862695097923279,0.8586888909339905,0.9489052891731262,0.8978557586669922
839,840,560,160,160,120,120,0,0,0.0,1,0.0049382716049382,1,0.0024691358024691,11,4,0.0098765432098765,2,0.0049382716049382,0.1818181818181818,45,4.090909090909091,20.36355952070854,2.312320916905444,405,0.8833889961242676,0.9764397740364076,0.9168335795402528,191,212.1818181818182,4055.363636363637,79,26,13,20,0.8830879330635071,0.9653095602989196,0.9146078824996948,0.8700816631317139,0.959268033504486,0.9112825989723206
840,841,480,120,120,80,80,80,0,0.0,7,0.0175438596491228,0,0.0,5,1,0.0043859649122807,3,0.0131578947368421,0.2,27,5.4,36.3422561576355,2.0246305418719213,228,0.8573325872421265,0.9773746132850648,0.9267057180404664,132,232.2,4706.7,45,6,14,22,0.8442509770393372,0.970104157924652,0.8733146786689758,0.8015016317367554,0.9407407641410828,0.8447278141975403
841,842,520,120,120,80,120,80,0,0.0,1,0.0084388185654008,2,0.0084388185654008,8,0,0.0,2,0.0084388185654008,0.0,29,2.9,45.88123880597018,2.154228855721393,237,0.8462148904800415,0.9754571318626404,0.9314538836479188,117,124.6,2354.0444444444443,51,15,12,18,0.8407092690467834,0.9717068672180176,0.8839302659034729,0.832939624786377,0.9551481604576112,0.8882201313972473
842,843,760,160,200,160,160,80,0,0.0,6,0.014760147601476,3,0.011070110701107,9,2,0.007380073800738,0,0.0,0.0,39,4.333333333333333,32.29479674796751,2.227642276422764,271,0.9143474102020264,0.9821109175682068,0.9209086894989014,160,178.33333333333334,3703.5,58,26,14,18,0.8750696182250977,0.970906138420105,0.9020573496818542,0.8588073253631592,0.9512521624565125,0.9003084897994995
843,844,720,160,120,120,160,160,0,0.0,6,0.0086206896551724,1,0.0043103448275862,6,1,0.0043103448275862,1,0.0043103448275862,0.1428571428571428,36,5.142857142857143,28.276782178217857,2.257425742574257,232,0.939150094985962,0.9814749360084534,0.9448636770248412,126,188.8571428571429,11466.142857142857,47,20,13,16,0.8528868556022644,0.9590189456939696,0.8820792436599731,0.8337677121162415,0.938357949256897,0.8727332353591919
844,845,560,160,120,120,120,40,0,0.0,5,0.0135135135135135,2,0.0135135135135135,6,2,0.0135135135135135,0,0.0,0.0,22,3.142857142857143,38.91785714285717,2.261904761904762,148,0.9014022946357728,0.977973997592926,0.9248363971710204,95,120.42857142857144,1441.6190476190477,34,6,8,12,0.8432739973068237,0.9580867886543274,0.8663266897201538,0.839587390422821,0.9431867599487304,0.8660115599632263
845,846,680,160,200,120,160,40,0,0.0,3,0.0033333333333333,0,0.0,10,0,0.0,0,0.0,0.0,39,3.9,40.513338709677456,2.161290322580645,300,0.8838450908660889,0.9762922525405884,0.913744330406189,156,158.1,3214.766666666667,67,22,13,17,0.8663052320480347,0.9597927331924438,0.8929283022880554,0.856021523475647,0.9457374811172484,0.8968595266342163
846,847,560,120,120,160,160,0,0,0.0,10,0.0162162162162162,0,0.0,8,0,0.0,0,0.0,0.375,43,5.375,35.071226340694,2.0378548895899056,370,0.8996722102165222,0.9825788140296936,0.937661588191986,197,245.25,10192.785714285714,66,26,25,21,0.8569406270980835,0.9582338333129884,0.8684197068214417,0.8469133973121643,0.9413766264915466,0.8763155937194824
847,848,520,120,120,160,120,0,0,0.0,2,0.0051020408163265,0,0.0,13,4,0.010204081632653,1,0.0025510204081632,0.2142857142857142,51,3.642857142857143,51.57815561959657,2.031700288184438,392,0.912123680114746,0.9822624325752258,0.9331872463226318,183,148.92857142857142,5153.60989010989,93,32,17,29,0.8415173888206482,0.9643404483795166,0.8890194296836853,0.82041996717453,0.9383586049079896,0.8745428919792175
848,849,680,120,120,120,120,200,0,0.0,2,0.0126582278481012,0,0.0,5,0,0.0,2,0.0084388185654008,0.2,26,5.2,36.39843062200961,2.0095693779904304,237,0.8792985677719116,0.9762723445892334,0.929853856563568,133,246.6,777.8,53,13,11,24,0.8693377375602722,0.9662656784057616,0.8709641098976135,0.8598851561546326,0.9437100291252136,0.8758196234703064
849,850,520,80,160,80,120,80,0,0.0,4,0.0194174757281553,1,0.0048543689320388,6,3,0.0145631067961165,2,0.0097087378640776,0.0,24,3.4285714285714284,48.01334224598931,2.048128342245989,206,0.8254643082618713,0.9676986336708068,0.8969845175743103,131,163.28571428571428,7787.9047619047615,52,11,12,10,0.7521464824676514,0.9561188220977784,0.8286597728729248,0.7262803912162781,0.9362103939056396,0.8368783593177795
850,851,760,160,160,120,160,160,0,0.0,3,0.0044843049327354,2,0.0044843049327354,14,1,0.0022421524663677,2,0.0044843049327354,0.2,49,3.2666666666666666,37.5959317585302,2.188976377952756,446,0.9102470874786376,0.9829989671707152,0.936978816986084,220,163.73333333333332,9457.923809523809,109,25,20,37,0.8348020911216736,0.961721122264862,0.8772575855255127,0.8097718358039856,0.9417918920516968,0.8801270723342896
851,852,600,160,160,160,120,0,2,0.0057636887608069,8,0.0144092219020172,0,0.0,9,1,0.0028818443804034,1,0.0028818443804034,0.0,44,4.888888888888889,36.49254901960785,2.0980392156862746,347,0.9079694747924804,0.978800654411316,0.9182938933372498,182,208.88888888888889,12902.111111111111,87,19,12,23,0.8623442649841309,0.9589108228683472,0.8835645914077759,0.8372490406036377,0.9435734748840332,0.8834988474845886
852,853,520,120,120,120,160,0,0,0.0,1,0.0069686411149825,0,0.0,6,3,0.0104529616724738,1,0.0034843205574912,0.1,36,3.6,64.28503012048196,1.8755020080321283,287,0.8853345513343811,0.977569818496704,0.939418613910675,129,135.9,10924.322222222225,68,6,12,15,0.8551946878433228,0.9660101532936096,0.882530927658081,0.8180698752403259,0.938994288444519,0.8711062073707581
853,854,680,120,200,120,120,120,0,0.0,1,0.0081743869209809,0,0.0,11,1,0.0027247956403269,2,0.0054495912806539,0.0476190476190476,52,2.4761904761904763,56.02074819401445,2.0928792569659445,367,0.916095733642578,0.9835784435272216,0.9267991185188292,200,93.14285714285714,1617.928571428571,91,27,12,21,0.8849141001701355,0.973791480064392,0.906493365764618,0.8739079833030701,0.9547916054725648,0.9054290056228638
854,855,640,120,120,120,120,160,0,0.0,1,0.0038461538461538,0,0.0,8,3,0.0115384615384615,2,0.0076923076923076,0.125,29,3.625,41.45871044303798,2.092827004219409,260,0.8672836422920227,0.972902774810791,0.9076891541481018,147,178.25,11207.357142857143,56,22,13,22,0.8473832011222839,0.9652152061462402,0.875828742980957,0.8215084075927734,0.9434834718704224,0.8709766268730164
855,856,0,0,0,0,0,0,0,0.0,4,0.0048076923076923,0,0.0,6,3,0.0144230769230769,14,0.0673076923076923,0.0,23,3.2857142857142856,45.8638461538462,2.0615384615384613,208,0.838150143623352,0.9601507782936096,0.916279435157776,124,168.71428571428572,9711.57142857143,55,19,11,10,0.7876007556915283,0.9482839703559875,0.8280048966407776,0.7536863684654236,0.924064040184021,0.81595778465271
856,857,480,120,120,120,120,0,0,0.0,2,0.0144404332129963,1,0.003610108303249,10,0,0.0,2,0.0072202166064981,0.0,38,3.8,67.0072697095436,1.8589211618257264,277,0.9051868319511414,0.9731820821762084,0.924833118915558,146,139.7,2351.788888888889,49,17,19,20,0.8598178625106812,0.962174355983734,0.8730505704879761,0.8408246040344238,0.9369729161262512,0.8581974506378174
857,858,560,120,160,160,120,0,2,0.0042462845010615,8,0.019108280254777,3,0.0063694267515923,15,3,0.0063694267515923,0,0.0,0.0952380952380952,65,3.095238095238096,63.64603375527429,1.9518987341772152,471,0.9083537459373474,0.9772353768348694,0.9415273070335388,192,111.47619047619048,3661.861904761905,109,22,20,21,0.8664790391921997,0.9624394774436952,0.8890924453735352,0.8504930138587952,0.9425902962684632,0.8903871178627014
858,859,600,120,120,120,120,120,0,0.0,3,0.0,1,0.0034722222222222,8,0,0.0,0,0.0,0.125,39,4.875,26.287118902439023,2.2601626016260163,288,0.9182299375534058,0.9839107394218444,0.9409656524658204,157,207.125,5071.839285714285,69,38,9,12,0.848207950592041,0.9578282237052916,0.8649994134902954,0.8370566368103027,0.9481516480445862,0.8756349086761475
859,860,240,40,80,40,40,40,1,0.0038461538461538,3,0.0076923076923076,1,0.0038461538461538,8,1,0.0038461538461538,3,0.0115384615384615,0.0,27,3.375,38.81138771186441,2.1271186440677967,260,0.8317381739616394,0.9723276495933532,0.906101405620575,153,180.0,4487.142857142857,71,15,3,23,0.8178171515464783,0.9677059650421144,0.8683474659919739,0.7758988738059998,0.9443994164466858,0.8601065874099731
860,861,720,160,120,160,160,120,0,0.0,2,0.0,0,0.0,11,0,0.0,0,0.0,0.0,38,3.4545454545454546,34.71655244755247,2.1753846153846155,363,0.9388138055801392,0.9904732704162598,0.9563143849372864,191,185.72727272727272,9487.818181818182,84,19,18,18,0.8581876158714294,0.9652280211448668,0.8829225897789001,0.8410145044326782,0.9492676854133606,0.8766606450080872
861,862,200,40,40,40,40,40,0,0.0,1,0.0,0,0.0,10,3,0.0119521912350597,1,0.0039840637450199,0.0909090909090909,31,2.8181818181818183,41.23964373464376,2.2117117117117115,251,0.8477814793586731,0.9747934341430664,0.911389410495758,149,129.27272727272728,4300.618181818182,58,30,13,11,0.7570873498916626,0.9531942009925842,0.8438443541526794,0.7222781181335449,0.9289186000823976,0.8317897319793701
862,863,680,200,120,120,120,120,0,0.0,0,0.0,2,0.0091743119266055,7,0,0.0,0,0.0,0.25,29,3.625,35.604615384615386,2.2205128205128206,218,0.8850207924842834,0.9782923460006714,0.9070435166358948,123,160.5,5275.428571428572,48,18,7,18,0.8674232959747314,0.9633093476295472,0.8944317102432251,0.8376968502998352,0.9414560794830322,0.8912299871444702
863,864,400,80,120,80,120,0,0,0.0,3,0.0205479452054794,0,0.0,6,1,0.0068493150684931,5,0.0342465753424657,0.0,20,3.333333333333333,53.45083333333336,2.055555555555556,146,0.8227160573005676,0.9686068296432496,0.909818708896637,81,125.83333333333331,1297.7666666666669,30,6,10,18,0.8019494414329529,0.9620853066444396,0.8481209874153137,0.7454614639282227,0.9253820180892944,0.8244659304618835
864,865,760,120,200,120,160,160,0,0.0,1,0.0084388185654008,2,0.0084388185654008,8,0,0.0,2,0.0084388185654008,0.0,29,2.9,45.88123880597018,2.154228855721393,237,0.8462148904800415,0.9754571318626404,0.9314538836479188,117,124.6,2354.0444444444443,51,15,12,18,0.8407092690467834,0.9717068672180176,0.8839302659034729,0.832939624786377,0.9551481604576112,0.8882201313972473
865,866,0,0,0,0,0,0,2,0.0096618357487922,3,0.0193236714975845,1,0.0048309178743961,2,0,0.0,5,0.0241545893719806,1.5,17,8.5,-7.089999999999989,1.9333333333333331,207,0.8717278242111206,0.96897292137146,0.912881076335907,130,527.0,87362.0,45,10,11,15,0.839527428150177,0.9604604244232178,0.8514973521232605,0.8014100790023804,0.9285162687301636,0.824560284614563
866,867,680,160,120,160,120,120,0,0.0,3,0.0056022408963585,0,0.0,9,0,0.0,0,0.0,0.0,37,3.363636363636364,38.18262237762241,2.144230769230769,357,0.9079604148864746,0.9777233600616456,0.9385900497436525,175,179.0,12980.2,86,28,19,29,0.8557800650596619,0.9534180164337158,0.8783558011054993,0.8489382266998291,0.9375016093254088,0.8857794404029846
867,868,480,120,120,120,120,0,0,0.0,1,0.0,0,0.0,5,0,0.0,0,0.0,0.4,24,4.8,28.11850000000002,2.145833333333333,219,0.8995506763458252,0.9811225533485411,0.9146857261657716,124,240.6,4018.3,47,15,6,8,0.8713309168815613,0.9633843302726746,0.8943642973899841,0.8568025827407837,0.9509406089782716,0.9004061222076416
868,869,640,120,120,160,160,80,0,0.0,4,0.0077519379844961,1,0.003875968992248,6,4,0.0155038759689922,4,0.0155038759689922,0.1428571428571428,37,5.285714285714286,28.768700440528647,2.20704845814978,258,0.932420551776886,0.9859438538551332,0.9591506123542786,122,207.42857142857144,9343.952380952382,61,25,8,24,0.8565744161605835,0.9664050936698914,0.8959960341453552,0.8584581017494202,0.9532447457313538,0.9037063121795654
869,870,760,160,160,200,160,80,0,0.0,6,0.0083333333333333,0,0.0,11,0,0.0,2,0.0055555555555555,0.0,37,3.083333333333333,41.96042993630577,2.127388535031847,360,0.9413888454437256,0.9885182976722716,0.9591377377510072,196,166.91666666666666,5900.44696969697,82,22,23,24,0.858715295791626,0.9564762115478516,0.8749449253082275,0.8437308073043823,0.9420598745346068,0.8776604533195496
870,871,720,160,200,120,120,120,0,0.0,3,0.0054644808743169,0,0.0,7,1,0.0054644808743169,6,0.0327868852459016,0.0,26,3.7142857142857135,43.19392405063292,2.1582278481012658,183,0.8937522172927856,0.975865125656128,0.9432668685913086,107,143.85714285714286,6349.476190476191,47,13,14,8,0.8176217079162598,0.9554980397224426,0.8630619645118713,0.8160668611526489,0.9438093900680542,0.8713008165359497
871,872,560,120,160,120,120,40,1,0.0053191489361702,4,0.0159574468085106,1,0.0053191489361702,5,1,0.0053191489361702,1,0.0053191489361702,0.2857142857142857,27,3.857142857142857,39.91263157894738,2.1695906432748537,188,0.8829094171524048,0.9820583462715148,0.9134738445281982,126,154.42857142857142,12889.952380952382,37,10,9,11,0.8497236371040344,0.9637028574943542,0.8483946919441223,0.8309838175773621,0.9511032700538636,0.8550939559936523
872,873,0,0,0,0,0,0,0,0.0,4,0.0169491525423728,1,0.0042372881355932,8,2,0.0084745762711864,0,0.0,0.0,26,2.6,57.31510426540288,2.009478672985782,236,0.8457988500595093,0.9747718572616576,0.921431601047516,136,125.4,3775.822222222222,52,15,12,15,0.8133458495140076,0.970511555671692,0.8585039377212524,0.7748911380767822,0.943111777305603,0.8492506146430969
873,874,600,160,160,160,120,0,0,0.0,3,0.0,3,0.0061728395061728,15,0,0.0,2,0.0041152263374485,0.1333333333333333,60,4.0,48.414111111111154,2.039506172839506,486,0.8887929320335388,0.9748070240020752,0.9009068608283995,227,167.2,5363.457142857143,97,35,20,37,0.8714929223060608,0.972468376159668,0.8943796753883362,0.8354114294052124,0.9480606317520142,0.8719160556793213
874,875,720,160,120,160,120,160,0,0.0,7,0.008130081300813,1,0.0020325203252032,12,0,0.0,0,0.0,0.1538461538461538,63,4.846153846153846,42.28667517316809,2.0473933649289098,492,0.9002568125724792,0.977059245109558,0.9292023181915284,222,198.92307692307693,8302.076923076924,89,38,30,40,0.8977671265602112,0.972856342792511,0.9161351323127748,0.8763473629951477,0.9533043503761292,0.90817791223526
875,876,400,120,40,40,160,40,0,0.0,1,0.0,1,0.0048309178743961,5,0,0.0,0,0.0,0.6,28,5.6,31.81645945945946,2.118918918918919,207,0.8963977098464966,0.9801356196403505,0.9165653586387634,115,229.2,5486.7,51,18,13,16,0.8678300380706787,0.9694907069206238,0.8824917078018188,0.8391297459602356,0.9508048295974731,0.8764917254447937
876,877,600,160,120,160,120,40,0,0.0,2,0.0,0,0.0,10,0,0.0,0,0.0,0.0,41,4.1,42.8686153846154,2.1538461538461537,267,0.8841933012008667,0.9731647968292236,0.8957306742668152,135,147.5,4793.611111111111,59,20,11,19,0.8656398057937622,0.9636975526809692,0.8798598647117615,0.8380680680274963,0.9399306178092957,0.8744598031044006
877,878,640,120,120,120,160,120,1,0.0027027027027027,3,0.0054054054054054,2,0.0054054054054054,10,0,0.0,0,0.0,0.0,41,4.1,40.5208312101911,2.079617834394905,370,0.8708214163780212,0.972708523273468,0.9040409326553344,175,191.8,3137.0666666666666,86,26,21,23,0.8713257908821106,0.9697089195251464,0.8907206058502197,0.8583165407180786,0.9500235319137572,0.8954635858535767
878,879,640,120,200,120,120,80,0,0.0,0,0.0,0,0.0,5,0,0.0,1,0.005,0.2,21,4.2,37.32861290322584,2.053763440860215,200,0.904654622077942,0.9826379418373108,0.9174832701683044,114,220.8,1863.7,48,17,8,18,0.8562037944793701,0.9642603993415833,0.8566639423370361,0.8286755681037903,0.944707453250885,0.8548026084899902
879,880,320,120,40,40,120,0,0,0.0,1,0.0,0,0.0,10,3,0.0119521912350597,1,0.0039840637450199,0.0909090909090909,31,2.8181818181818183,41.23964373464376,2.2117117117117115,251,0.8477814793586731,0.9747934341430664,0.911389410495758,149,129.27272727272728,4300.618181818182,58,30,13,11,0.7570873498916626,0.9531942009925842,0.8438443541526794,0.7222781181335449,0.9289186000823976,0.8317897319793701
880,881,560,120,120,80,120,120,0,0.0,2,0.0055865921787709,2,0.0055865921787709,11,3,0.0083798882681564,1,0.0027932960893854,0.0909090909090909,50,4.545454545454546,29.967545454545466,2.2533333333333334,358,0.9075992703437804,0.9781239628791808,0.9256564378738404,168,185.9090909090909,5628.090909090909,78,33,17,25,0.892116367816925,0.9658303260803224,0.90311598777771,0.8942258954048157,0.9524065852165222,0.908007264137268
881,882,600,160,120,80,120,120,0,0.0,5,0.0135135135135135,2,0.0135135135135135,6,2,0.0135135135135135,0,0.0,0.0,22,3.142857142857143,38.91785714285717,2.261904761904762,148,0.9014022946357728,0.977973997592926,0.9248363971710204,95,120.42857142857144,1441.6190476190477,34,6,8,12,0.8432739973068237,0.9580867886543274,0.8663266897201538,0.839587390422821,0.9431867599487304,0.8660115599632263
882,883,760,160,160,160,160,120,0,0.0,6,0.0069767441860465,0,0.0,12,0,0.0,1,0.0023255813953488,0.1538461538461538,56,4.307692307692308,35.57430402930403,2.171957671957672,430,0.936586320400238,0.986991822719574,0.9340543746948242,202,187.46153846153845,5914.9358974358975,94,40,31,34,0.866331160068512,0.957129716873169,0.8791961669921875,0.8422003984451294,0.9413055777549744,0.8690093755722046
883,884,480,120,120,120,120,0,0,0.0,4,0.0082644628099173,1,0.0041322314049586,10,0,0.0,1,0.0041322314049586,0.0909090909090909,32,2.909090909090909,49.106321742773375,2.119815668202765,242,0.8974338173866272,0.9843791723251344,0.9430837631225586,132,123.72727272727272,4400.618181818182,55,33,8,14,0.8477436304092407,0.9629292488098145,0.8757315874099731,0.837787926197052,0.9509462714195251,0.8922728896141052
884,885,520,120,120,120,120,40,0,0.0,3,0.0094339622641509,3,0.0141509433962264,10,0,0.0,0,0.0,0.0909090909090909,32,2.909090909090909,42.21128526645769,2.2471264367816093,212,0.9037938117980956,0.9875709414482116,0.9541283845901488,127,108.72727272727272,1618.418181818182,50,15,7,18,0.8368471264839172,0.9625672101974488,0.8636686205863953,0.8117825388908386,0.9460003972053528,0.8635045886039734
885,886,520,80,80,120,120,120,0,0.0,3,0.026615969581749,0,0.0,9,2,0.0076045627376425,3,0.0114068441064638,0.1,40,4.0,38.088360759493696,2.2067510548523206,263,0.9051485061645508,0.97785884141922,0.9296697378158568,136,151.1,5124.766666666666,53,25,15,18,0.8623808026313782,0.9640651345252992,0.8841363191604614,0.8381224870681763,0.942959189414978,0.8845093846321106
886,887,680,160,120,160,120,120,0,0.0,6,0.0174216027874564,0,0.0,9,1,0.0034843205574912,1,0.0034843205574912,0.1111111111111111,35,3.888888888888889,32.832231219073336,2.2186234817813766,287,0.9232724905014038,0.978476881980896,0.9490927457809448,163,177.33333333333334,20990.75,74,31,13,17,0.8389575481414795,0.954530954360962,0.8688293695449829,0.8416461944580078,0.9446914196014404,0.8812950253486633
887,888,480,160,40,40,200,40,0,0.0,5,0.0085470085470085,4,0.017094017094017,9,1,0.0042735042735042,0,0.0,0.0,30,3.333333333333333,38.04956570783983,2.218274111675127,234,0.8792262673377991,0.9781043529510498,0.9153833389282228,128,149.22222222222223,2266.6944444444443,68,16,6,14,0.8516196608543396,0.9645671844482422,0.8772014379501343,0.8433825969696045,0.9506829977035522,0.8764994144439697
888,889,600,120,120,120,120,120,0,0.0,2,0.0098039215686274,0,0.0,6,2,0.0065359477124183,1,0.0032679738562091,0.0,26,4.333333333333333,26.703333333333347,2.077777777777778,306,0.9056893587112428,0.9785870909690856,0.9330661296844482,154,279.3333333333333,13507.466666666667,69,36,13,25,0.8514520525932312,0.9641566276550292,0.8719902634620667,0.8234971761703491,0.9457968473434448,0.8744833469390869
889,890,560,120,120,120,120,80,0,0.0,6,0.0093023255813953,0,0.0,12,0,0.0,1,0.0023255813953488,0.1666666666666666,49,4.083333333333333,30.75520669291341,2.1968503937007875,430,0.930915355682373,0.984328031539917,0.9367967247962952,225,205.33333333333331,15296.242424242424,98,32,31,26,0.8711663484573364,0.9604501128196716,0.8883696794509888,0.8665626049041748,0.9397419691085817,0.8888093829154968
890,891,520,80,120,120,120,80,0,0.0,4,0.0048076923076923,0,0.0,6,3,0.0144230769230769,14,0.0673076923076923,0.0,23,3.2857142857142856,45.8638461538462,2.0615384615384613,208,0.838150143623352,0.9601507782936096,0.916279435157776,124,168.71428571428572,9711.57142857143,55,19,11,10,0.7876007556915283,0.9482839703559875,0.8280048966407776,0.7536863684654236,0.924064040184021,0.81595778465271
891,892,240,80,40,40,80,0,0,0.0,4,0.0073529411764705,0,0.0,4,1,0.0036764705882352,0,0.0,0.0,29,7.25,9.288750000000007,2.066666666666667,272,0.7802553176879883,0.9514164924621582,0.8965409994125366,131,383.25,12250.916666666666,74,17,18,22,0.7343487739562988,0.9503886699676514,0.8229520916938782,0.6977947354316711,0.9222791194915771,0.8143672347068787
892,893,560,120,120,160,160,0,0,0.0,7,0.0068259385665529,1,0.0034129692832764,11,2,0.0068259385665529,0,0.0,0.1666666666666666,35,2.9166666666666665,35.66591863517062,2.263779527559055,293,0.9364619255065918,0.9884769916534424,0.953054666519165,169,141.75,2749.4772727272725,68,26,11,12,0.8711385130882263,0.96188622713089,0.8862695097923279,0.8586888909339905,0.9489052891731262,0.8978557586669922
893,894,720,120,160,200,120,120,0,0.0,6,0.012012012012012,0,0.0,10,3,0.009009009009009,3,0.009009009009009,0.2,39,3.9,36.926163934426256,2.137704918032787,333,0.9193304181098938,0.9826167821884156,0.9370540380477904,171,188.7,9990.011111111113,79,41,18,15,0.8683996200561523,0.9633877277374268,0.8844219446182251,0.85987389087677,0.9485011100769044,0.887463390827179
894,895,880,200,200,160,160,160,0,0.0,11,0.0078277886497064,1,0.0019569471624266,21,0,0.0,3,0.0058708414872798,0.0952380952380952,66,3.142857142857143,34.85918793503482,2.280742459396752,511,0.9421554803848268,0.9871070981025696,0.951035499572754,241,137.9047619047619,1303.3904761904762,93,53,37,30,0.8740880489349365,0.9507668018341064,0.8871880173683167,0.8742613196372986,0.9470226168632508,0.900265634059906
895,896,600,120,160,120,120,80,0,0.0,3,0.0172413793103448,0,0.0,8,1,0.0034482758620689,0,0.0,0.0,46,5.111111111111111,50.64968540829988,2.004016064257028,290,0.921271800994873,0.9815093874931335,0.9505780935287476,156,170.77777777777777,10103.444444444443,57,12,20,17,0.8697701096534729,0.9664819836616516,0.8838986158370972,0.8205471038818359,0.9419605135917664,0.874925971031189
896,897,520,40,120,160,120,80,1,0.0038167938931297,3,0.0076335877862595,1,0.0038167938931297,8,0,0.0,3,0.0114503816793893,0.2222222222222222,34,3.7777777777777777,42.16203056768559,2.131004366812227,262,0.8742987513542175,0.9818628430366516,0.9324374198913574,146,163.0,9495.25,56,28,13,16,0.8249519467353821,0.9609516859054564,0.8737798929214478,0.8228630423545837,0.950026035308838,0.8821560740470886
897,898,680,120,160,160,120,120,0,0.0,3,0.0091324200913242,2,0.0091324200913242,5,1,0.0045662100456621,3,0.0136986301369863,0.6,31,6.2,20.342568527918843,2.2233502538071064,219,0.822849690914154,0.9667880535125732,0.8799498081207275,127,258.8,12929.2,50,15,15,19,0.814720094203949,0.9617133140563964,0.8438732624053955,0.7872322201728821,0.9387842416763306,0.8531282544136047
898,899,640,120,160,80,120,160,0,0.0,3,0.0030959752321981,1,0.0030959752321981,9,0,0.0,1,0.0030959752321981,0.2727272727272727,38,3.4545454545454546,51.6744121667806,2.0338345864661656,323,0.8670819997787476,0.9716748595237732,0.9211283922195436,154,148.8181818181818,7685.363636363636,77,20,24,11,0.8324358463287354,0.9602072834968568,0.8527224063873291,0.8060784935951233,0.9357092976570128,0.8531094789505005
899,900,1000,200,200,200,200,200,0,0.0,3,0.0063694267515923,1,0.0031847133757961,9,1,0.0031847133757961,0,0.0,0.1111111111111111,41,4.555555555555555,42.59362683438154,2.079245283018868,314,0.911806583404541,0.9837582111358644,0.932348132133484,169,182.44444444444449,5016.527777777777,59,25,15,20,0.8851327896118164,0.964984893798828,0.90534108877182,0.8673986792564392,0.9465546607971193,0.8918291926383972
900,901,360,120,40,40,120,40,0,0.0,4,0.0,2,0.0112359550561797,7,2,0.0112359550561797,0,0.0,0.1111111111111111,25,2.7777777777777777,38.34643369175629,2.2774193548387096,178,0.8785510063171387,0.9763537049293518,0.919348418712616,109,112.66666666666669,1136.5,41,12,9,9,0.8711166381835938,0.9674764275550842,0.889653205871582,0.8784201145172119,0.9606673121452332,0.9064955115318298
901,902,680,200,120,160,160,40,0,0.0,3,0.0136054421768707,1,0.0022675736961451,13,0,0.0,0,0.0,0.2307692307692307,49,3.769230769230769,44.285478328777856,2.053299492385787,441,0.9347705841064452,0.9853318333625792,0.9464705586433412,231,178.84615384615384,3833.641025641026,111,25,29,22,0.8736412525177002,0.963297426700592,0.8968515992164612,0.8590399026870728,0.9409701228141784,0.8883596062660217
902,903,600,160,120,160,160,0,0,0.0,4,0.0106007067137809,1,0.0035335689045936,8,1,0.0035335689045936,0,0.0,0.0,33,4.125,31.60781626506025,2.1927710843373496,283,0.9193321466445924,0.9814521670341492,0.9456992745399476,140,196.0,3406.0,65,21,14,22,0.8927116990089417,0.9748506546020508,0.9127373099327089,0.869199812412262,0.9579721093177797,0.908154845237732
903,904,360,120,0,80,80,80,0,0.0,5,0.0210084033613445,2,0.0084033613445378,6,0,0.0,1,0.0042016806722689,0.1666666666666666,27,4.5,23.91435275080909,2.2427184466019416,238,0.8774020671844482,0.9786272644996644,0.9122438430786132,141,225.33333333333331,7234.666666666667,54,19,13,15,0.8550480008125305,0.9701852202415466,0.8846692442893982,0.8552825450897217,0.9554851055145264,0.8827745318412781
904,905,1000,200,200,200,200,200,0,0.0,8,0.010204081632653,1,0.0020408163265306,6,0,0.0,2,0.0040816326530612,0.0,48,8.0,-11.97286384976526,2.223004694835681,490,0.9426766633987428,0.9884223341941832,0.9580923318862916,222,463.3333333333333,40300.66666666666,114,45,23,26,0.8884868621826172,0.9679386615753174,0.9033315181732178,0.8790197968482971,0.95492821931839,0.8886557221412659
905,906,720,160,200,120,120,120,0,0.0,6,0.0049261083743842,0,0.0,14,1,0.0024630541871921,0,0.0,0.1764705882352941,53,3.117647058823529,51.52791217895612,2.07887323943662,406,0.9295101165771484,0.989132523536682,0.9534701108932496,191,125.11764705882354,2938.235294117647,112,15,12,18,0.8848108053207397,0.9601290225982666,0.8912654519081116,0.8758866190910339,0.9495937824249268,0.904750406742096
906,907,400,160,40,40,120,40,0,0.0,5,0.0085470085470085,4,0.017094017094017,9,1,0.0042735042735042,0,0.0,0.0,30,3.333333333333333,38.04956570783983,2.218274111675127,234,0.8792262673377991,0.9781043529510498,0.9153833389282228,128,149.22222222222223,2266.6944444444443,68,16,6,14,0.8516196608543396,0.9645671844482422,0.8772014379501343,0.8433825969696045,0.9506829977035522,0.8764994144439697
907,908,320,120,40,40,120,0,0,0.0,0,0.0063694267515923,0,0.0,5,0,0.0,0,0.0,0.0,20,4.0,51.61628571428573,1.9928571428571429,157,0.8785185813903809,0.9774489998817444,0.8942700624465942,93,162.8,1577.7,36,11,3,14,0.8289844393730164,0.9617969393730164,0.8405076861381531,0.7945427894592285,0.9412135481834412,0.8429577946662903
908,909,120,0,40,40,0,40,0,0.0,1,0.0048543689320388,0,0.0,2,4,0.0194174757281553,8,0.0388349514563106,1.0,13,6.5,-6.1707258064515855,1.89247311827957,206,0.8147729635238647,0.9541664123535156,0.907511830329895,116,522.5,172284.5,57,4,7,18,0.7983675003051758,0.9509444236755372,0.8420341610908508,0.7555098533630371,0.9195514917373656,0.8267573714256287
909,910,680,160,120,120,200,80,0,0.0,3,0.0037174721189591,2,0.0074349442379182,10,0,0.0,2,0.0074349442379182,0.0,30,2.727272727272727,51.30512872083671,2.079646017699115,269,0.9092918038368224,0.9876445531845092,0.9476847052574158,142,126.45454545454544,2189.2727272727275,59,19,16,16,0.8521565198898315,0.965059757232666,0.8913978338241577,0.8591300249099731,0.9549925923347472,0.9036560654640198
910,911,760,200,160,200,200,0,1,0.0023696682464454,1,0.0071090047393364,0,0.0,10,0,0.0,0,0.0,0.25,42,3.5,27.27747161671212,2.2479564032697548,422,0.9085200428962708,0.9823399782180786,0.943005919456482,218,198.16666666666663,13915.787878787878,88,40,15,29,0.8548277616500854,0.9584980010986328,0.8892040252685547,0.8700640797615051,0.9530826210975648,0.8987983465194702
911,912,680,160,200,120,120,80,0,0.0,3,0.0061162079510703,3,0.0091743119266055,9,0,0.0,3,0.0091743119266055,0.2727272727272727,37,3.363636363636364,44.383636363636384,2.099290780141844,327,0.9213474988937378,0.9849224090576172,0.9433504343032836,160,161.27272727272728,9270.418181818182,77,25,18,18,0.8535345196723938,0.9662588238716124,0.8824511170387268,0.844361424446106,0.9520540237426758,0.8847684264183044
912,913,720,200,160,200,160,0,1,0.0015337423312883,7,0.0061349693251533,2,0.0030674846625766,14,0,0.0,0,0.0,0.25,83,5.1875,28.9427281746032,2.165784832451499,652,0.9150204062461852,0.9735755324363708,0.9406465888023376,322,230.25,12485.933333333332,147,47,43,44,0.8442604541778564,0.9603831768035888,0.8835474848747253,0.8357718586921692,0.942391872406006,0.8840002417564392
913,914,880,200,160,160,200,160,0,0.0,1,0.0,1,0.0048309178743961,5,0,0.0,0,0.0,0.6,28,5.6,31.81645945945946,2.118918918918919,207,0.8963977098464966,0.9801356196403505,0.9165653586387634,115,229.2,5486.7,51,18,13,16,0.8678300380706787,0.9694907069206238,0.8824917078018188,0.8391297459602356,0.9508048295974731,0.8764917254447937
914,915,400,160,40,40,120,40,0,0.0,2,0.0,0,0.0,5,0,0.0,1,0.0038022813688212,0.1666666666666666,21,3.5,26.25684523809524,2.1830357142857144,263,0.8702979683876038,0.9790775179862976,0.9325252175331116,153,242.16666666666663,17040.566666666666,60,17,12,13,0.8352131843566895,0.9630141854286194,0.8675811886787415,0.8277708888053894,0.949662983417511,0.8894796371459961
915,916,640,160,120,160,160,40,1,0.0030864197530864,5,0.0308641975308641,0,0.0,10,1,0.0030864197530864,0,0.0,0.1818181818181818,48,4.363636363636363,56.93407455853501,1.9640287769784173,324,0.8725088834762573,0.9719926714897156,0.9043107628822328,163,148.8181818181818,5843.963636363636,45,22,22,30,0.8686175346374512,0.9681968688964844,0.8839074969291687,0.8403916954994202,0.9421160221099854,0.8841973543167114
916,917,0,0,0,0,0,0,0,0.0,3,0.0091324200913242,2,0.0091324200913242,5,1,0.0045662100456621,3,0.0136986301369863,0.6,31,6.2,20.342568527918843,2.2233502538071064,219,0.822849690914154,0.9667880535125732,0.8799498081207275,127,258.8,12929.2,50,15,15,19,0.814720094203949,0.9617133140563964,0.8438732624053955,0.7872322201728821,0.9387842416763306,0.8531282544136047
917,918,560,120,120,120,120,80,0,0.0,0,0.0176470588235294,1,0.0058823529411764,7,0,0.0,1,0.0058823529411764,0.1428571428571428,21,3.0,52.0237837837838,2.0675675675675675,170,0.8602397441864014,0.9702500104904176,0.9193474054336548,77,128.28571428571428,3387.5714285714284,38,10,7,9,0.8796024322509766,0.9739633202552797,0.9077063202857972,0.846923828125,0.94819974899292,0.8897204995155334
918,919,880,200,160,160,160,200,0,0.0,12,0.0072815533980582,3,0.0072815533980582,12,0,0.0,0,0.0,0.1538461538461538,47,3.615384615384616,23.99251479289945,2.3402366863905324,412,0.924262762069702,0.9787976145744324,0.9377726316452026,214,180.0,6907.666666666667,89,25,18,20,0.8625139594078064,0.9592947959899902,0.8867570757865906,0.8723452687263489,0.9484501481056212,0.8967930674552917
919,920,160,40,40,40,40,0,1,0.0076923076923076,2,0.0,1,0.0076923076923076,2,5,0.0384615384615384,3,0.023076923076923,0.0,12,6.0,22.642307692307725,1.9658119658119655,130,0.7937003374099731,0.9583477973937988,0.8647948503494263,81,337.0,33282.0,25,8,7,9,0.7289034128189087,0.9411194920539856,0.7721747159957886,0.7255591154098511,0.908963143825531,0.7719371318817139
920,921,600,120,120,120,120,120,0,0.0,3,0.0054644808743169,0,0.0,7,1,0.0054644808743169,6,0.0327868852459016,0.0,26,3.7142857142857135,43.19392405063292,2.1582278481012658,183,0.8937522172927856,0.975865125656128,0.9432668685913086,107,143.85714285714286,6349.476190476191,47,13,14,8,0.8176217079162598,0.9554980397224426,0.8630619645118713,0.8160668611526489,0.9438093900680542,0.8713008165359497
921,922,400,80,80,80,80,80,0,0.0,1,0.005181347150259,5,0.0259067357512953,6,2,0.0103626943005181,0,0.0,0.1666666666666666,17,2.833333333333333,20.12918674698797,2.36144578313253,193,0.8491324186325073,0.9745181798934937,0.916547417640686,105,193.0,10367.2,55,21,4,12,0.8379887938499451,0.9606900215148926,0.8656297922134399,0.8388421535491943,0.9494950771331788,0.886640191078186
922,923,1000,200,200,200,200,200,0,0.0,7,0.0072815533980582,0,0.0,11,1,0.0024271844660194,0,0.0,0.4545454545454545,47,4.2727272727272725,33.7309090909091,2.13031914893617,412,0.928283154964447,0.9829463958740234,0.9439816474914552,207,210.0909090909091,14869.89090909091,94,28,21,25,0.8926056623458862,0.9667115211486816,0.9064321517944336,0.8707870244979858,0.9478482604026794,0.9005838632583618
923,924,480,160,40,40,200,40,0,0.0,7,0.0059701492537313,1,0.0029850746268656,13,1,0.0029850746268656,0,0.0,0.1538461538461538,44,3.3846153846153846,31.174956383822387,2.3024054982817868,335,0.9429171681404114,0.9881860613822936,0.953284502029419,192,149.69230769230768,3975.397435897436,80,32,15,15,0.8659318685531616,0.9618829488754272,0.8964505195617676,0.8762190341949463,0.954426407814026,0.9066659808158876
924,925,400,160,40,40,120,40,0,0.0,2,0.012012012012012,1,0.003003003003003,7,1,0.003003003003003,4,0.012012012012012,0.3333333333333333,43,4.777777777777778,49.96869883040937,1.944078947368421,333,0.879768967628479,0.9745068550109864,0.9279938340187072,175,193.66666666666663,21087.75,80,26,18,20,0.8559866547584534,0.9665706753730774,0.8828657269477844,0.8295491933822632,0.9420855045318604,0.8784652948379517
925,926,440,120,40,40,200,40,1,0.0038167938931297,3,0.0076335877862595,1,0.0038167938931297,8,0,0.0,3,0.0114503816793893,0.2222222222222222,34,3.7777777777777777,42.16203056768559,2.131004366812227,262,0.8742987513542175,0.9818628430366516,0.9324374198913574,146,163.0,9495.25,56,28,13,16,0.8249519467353821,0.9609516859054564,0.8737798929214478,0.8228630423545837,0.950026035308838,0.8821560740470886
926,927,800,200,40,200,200,160,1,0.0023696682464454,1,0.0071090047393364,0,0.0,10,0,0.0,0,0.0,0.25,42,3.5,27.27747161671212,2.2479564032697548,422,0.9085200428962708,0.9823399782180786,0.943005919456482,218,198.16666666666663,13915.787878787878,88,40,15,29,0.8548277616500854,0.9584980010986328,0.8892040252685547,0.8700640797615051,0.9530826210975648,0.8987983465194702
927,928,480,120,80,80,120,80,0,0.0,9,0.0126582278481012,2,0.0063291139240506,11,2,0.0063291139240506,0,0.0,0.0,38,3.4545454545454546,32.978873812754415,2.253731343283582,316,0.91413676738739,0.9841764569282532,0.9350789785385132,167,159.54545454545453,3945.072727272727,72,32,15,17,0.8495990037918091,0.964038610458374,0.871086835861206,0.854314923286438,0.9520570039749146,0.8961521983146667
928,929,720,160,120,120,160,160,0,0.0,2,0.0055865921787709,2,0.0055865921787709,11,3,0.0083798882681564,1,0.0027932960893854,0.0909090909090909,50,4.545454545454546,29.967545454545466,2.2533333333333334,358,0.9075992703437804,0.9781239628791808,0.9256564378738404,168,185.9090909090909,5628.090909090909,78,33,17,25,0.892116367816925,0.9658303260803224,0.90311598777771,0.8942258954048157,0.9524065852165222,0.908007264137268
929,930,480,120,120,120,120,0,0,0.0,1,0.0199004975124378,0,0.0,6,3,0.0149253731343283,6,0.0298507462686567,0.0,31,5.166666666666667,40.2051117318436,2.106145251396648,201,0.8827894926071167,0.9759129881858826,0.9132485389709472,107,184.83333333333331,4446.166666666667,39,13,15,12,0.8484468460083008,0.9702409505844116,0.8672816753387451,0.8035125136375427,0.9456053972244264,0.8643862009048462
930,931,1000,200,200,200,200,200,0,0.0,11,0.0078277886497064,1,0.0019569471624266,21,0,0.0,3,0.0058708414872798,0.0952380952380952,66,3.142857142857143,34.85918793503482,2.280742459396752,511,0.9421554803848268,0.9871070981025696,0.951035499572754,241,137.9047619047619,1303.3904761904762,93,53,37,30,0.8740880489349365,0.9507668018341064,0.8871880173683167,0.8742613196372986,0.9470226168632508,0.900265634059906
931,932,400,160,40,40,120,40,0,0.0,4,0.0277777777777777,2,0.0111111111111111,6,4,0.0222222222222222,0,0.0,0.1666666666666666,23,3.8333333333333335,51.33501572327047,2.0125786163522013,180,0.86014723777771,0.9795097708702089,0.9107702374458312,101,157.0,3434.4,39,12,6,13,0.8185359239578247,0.9562447667121888,0.8382619619369507,0.8215083479881287,0.938912272453308,0.8530885577201843
932,933,560,160,120,120,120,40,0,0.0,7,0.0189573459715639,0,0.0,7,1,0.0047393364928909,0,0.0,0.0,28,3.111111111111111,62.329923371647546,1.971264367816092,211,0.91215717792511,0.984430968761444,0.9401028156280518,122,116.77777777777776,3459.6944444444443,35,9,12,10,0.8621223568916321,0.966242015361786,0.897251307964325,0.833389937877655,0.9495738744735718,0.8776096105575562
933,934,480,120,80,120,80,80,0,0.0,3,0.0,0,0.0,9,1,0.0049504950495049,1,0.0049504950495049,0.0,29,3.2222222222222223,43.142298850574754,2.1954022988505746,202,0.906358540058136,0.9862900972366332,0.9492468237876892,119,124.77777777777776,1088.4444444444443,47,12,14,16,0.8635244369506836,0.9638208150863647,0.8717561364173889,0.8420233130455017,0.951224684715271,0.882936418056488
934,935,520,160,80,120,160,0,0,0.0,4,0.0,2,0.0061919504643962,9,0,0.0,1,0.0030959752321981,0.0,39,4.333333333333333,27.331029411764757,2.2463235294117645,323,0.9341091513633728,0.9883952736854552,0.9452077150344848,169,202.11111111111111,1214.361111111111,68,23,11,20,0.863869309425354,0.963348388671875,0.8887173533439636,0.8539849519729614,0.948655903339386,0.8914188742637634
935,936,400,160,40,40,160,0,0,0.0,4,0.0,2,0.0112359550561797,7,2,0.0112359550561797,0,0.0,0.1111111111111111,25,2.7777777777777777,38.34643369175629,2.2774193548387096,178,0.8785510063171387,0.9763537049293518,0.919348418712616,109,112.66666666666669,1136.5,41,12,9,9,0.8711166381835938,0.9674764275550842,0.889653205871582,0.8784201145172119,0.9606673121452332,0.9064955115318298
936,937,680,160,120,120,160,120,0,0.0,3,0.026615969581749,0,0.0,9,2,0.0076045627376425,3,0.0114068441064638,0.1,40,4.0,38.088360759493696,2.2067510548523206,263,0.9051485061645508,0.97785884141922,0.9296697378158568,136,151.1,5124.766666666666,53,25,15,18,0.8623808026313782,0.9640651345252992,0.8841363191604614,0.8381224870681763,0.942959189414978,0.8845093846321106
937,938,520,160,80,80,120,80,0,0.0,2,0.0,0,0.0,5,0,0.0,0,0.0,0.2,17,3.4,36.360333333333365,2.185185185185185,163,0.9146913886070251,0.9770184755325316,0.933612048625946,102,171.4,6376.3,45,9,8,13,0.8296822309494019,0.9499261975288392,0.8550779819488525,0.82338547706604,0.9341824054718018,0.8566773533821106
938,939,640,120,120,120,120,160,0,0.0,4,0.0037735849056603,3,0.0113207547169811,6,2,0.0075471698113207,4,0.0150943396226415,0.0,20,3.333333333333333,29.5089609483961,2.1046025104602517,265,0.8848682045936584,0.971236288547516,0.924294650554657,140,244.33333333333331,25276.666666666668,70,20,4,30,0.8135349750518799,0.9510300755500792,0.8285909295082092,0.8009122014045715,0.9326066374778748,0.845277726650238
939,940,600,160,120,160,160,0,0,0.0,6,0.0138888888888888,2,0.0055555555555555,13,0,0.0,1,0.0027777777777777,0.0,54,3.6,37.13094887525564,2.239263803680981,360,0.9429137110710144,0.989477276802063,0.954567015171051,203,142.06666666666666,2904.9238095238097,86,35,16,26,0.8638535737991333,0.9601653814315796,0.8992716073989868,0.8480250239372253,0.9474499821662904,0.8966578841209412
940,941,0,0,0,0,0,0,0,0.0,4,0.0073529411764705,0,0.0,4,1,0.0036764705882352,0,0.0,0.0,29,7.25,9.288750000000007,2.066666666666667,272,0.7802553176879883,0.9514164924621582,0.8965409994125366,131,383.25,12250.916666666666,74,17,18,22,0.7343487739562988,0.9503886699676514,0.8229520916938782,0.6977947354316711,0.9222791194915771,0.8143672347068787
941,942,760,120,200,120,120,200,0,0.0,3,0.0032362459546925,2,0.0064724919093851,10,1,0.0032362459546925,3,0.0097087378640776,0.3,33,3.3,42.074557620817856,2.1152416356877324,309,0.8853164911270142,0.9801670908927916,0.9383426904678344,178,173.0,4286.888888888889,66,24,14,23,0.8907524943351746,0.9745830297470092,0.9068551659584044,0.8791768550872803,0.962884485721588,0.910476565361023
942,943,920,200,200,160,160,200,0,0.0,1,0.0060240963855421,1,0.003012048192771,9,2,0.0060240963855421,0,0.0,0.2,42,4.2,28.07544630872483,2.248322147651007,332,0.8979766368865967,0.9788641929626464,0.9059064388275146,173,194.0,9768.888888888889,75,18,17,25,0.8710651397705078,0.9648650288581848,0.8679504990577698,0.85008704662323,0.9459786415100098,0.8762058019638062
943,944,640,160,120,120,120,120,0,0.0,3,0.0082644628099173,0,0.0,9,0,0.0,0,0.0,0.0769230769230769,35,2.6923076923076925,58.3493948231863,2.056872037914692,242,0.90408056974411,0.9772428870201112,0.9303907752037048,146,99.07692307692308,2216.9102564102564,53,9,15,26,0.8505411148071289,0.9560325145721436,0.8714975118637085,0.8207947015762329,0.926914393901825,0.8584442138671875
944,945,920,160,200,200,160,200,1,0.0017889087656529,9,0.0053667262969588,1,0.0017889087656529,18,1,0.0017889087656529,3,0.0053667262969588,0.0526315789473684,69,3.631578947368421,33.64214840379638,2.2336065573770494,559,0.9081520438194276,0.9829643368721008,0.932609796524048,249,165.57894736842104,2411.590643274854,126,52,29,30,0.877605676651001,0.9724825620651244,0.9007558226585388,0.8806125521659851,0.954338312149048,0.9043797254562378
945,946,600,120,120,120,120,120,0,0.0,0,0.0,0,0.0,5,0,0.0,1,0.005,0.2,21,4.2,37.32861290322584,2.053763440860215,200,0.904654622077942,0.9826379418373108,0.9174832701683044,114,220.8,1863.7,48,17,8,18,0.8562037944793701,0.9642603993415833,0.8566639423370361,0.8286755681037903,0.944707453250885,0.8548026084899902
946,947,560,120,160,120,120,40,0,0.0,0,0.0,1,0.0032258064516129,7,2,0.0064516129032258,1,0.0032258064516129,0.2857142857142857,29,4.142857142857143,24.16043478260871,2.177536231884058,310,0.8944082260131836,0.98084956407547,0.9225383400917052,166,251.42857142857144,9424.285714285714,65,23,13,27,0.8577808737754822,0.9696977734565736,0.8797874450683594,0.8311347961425781,0.9490595459938048,0.8768161535263062
947,948,80,80,0,0,0,0,0,0.0,4,0.0099502487562189,0,0.0,7,1,0.0049751243781094,0,0.0,0.1428571428571428,23,3.2857142857142856,36.665454545454566,2.2045454545454546,201,0.9349701404571532,0.9877643585205078,0.9497462511062622,121,162.0,6386.333333333333,50,19,11,8,0.8313888907432556,0.9563000202178956,0.8649696111679077,0.8093118071556091,0.9398033618927002,0.8620595335960388
948,949,1000,200,200,200,200,200,0,0.0,9,0.0024038461538461,1,0.0024038461538461,6,0,0.0,0,0.0,0.0,40,6.666666666666667,-4.824971751412384,2.2824858757062145,416,0.9357028007507324,0.987309992313385,0.951413869857788,208,399.8333333333333,15813.766666666666,95,55,32,23,0.8643465638160706,0.959080696105957,0.8870205283164978,0.8477886915206909,0.9465633630752563,0.8786293864250183
949,950,520,120,120,80,120,80,0,0.0,8,0.0135135135135135,1,0.0016891891891891,19,4,0.0067567567567567,1,0.0016891891891891,0.1052631578947368,85,4.473684210526316,43.62002230151653,2.0885122410546137,592,0.8947927355766296,0.9758089780807496,0.9331455230712892,292,170.68421052631578,4377.228070175439,136,33,34,40,0.8750213980674744,0.9675408005714417,0.8950867652893066,0.8489983677864075,0.9435330629348756,0.8787070512771606
950,951,800,200,200,200,200,0,0,0.0,9,0.0024038461538461,1,0.0024038461538461,6,0,0.0,0,0.0,0.0,40,6.666666666666667,-4.824971751412384,2.2824858757062145,416,0.9357028007507324,0.987309992313385,0.951413869857788,208,399.8333333333333,15813.766666666666,95,55,32,23,0.8643465638160706,0.959080696105957,0.8870205283164978,0.8477886915206909,0.9465633630752563,0.8786293864250183
951,952,440,80,80,80,120,80,0,0.0,4,0.0194174757281553,1,0.0048543689320388,6,3,0.0145631067961165,2,0.0097087378640776,0.0,24,3.4285714285714284,48.01334224598931,2.048128342245989,206,0.8254643082618713,0.9676986336708068,0.8969845175743103,131,163.28571428571428,7787.9047619047615,52,11,12,10,0.7521464824676514,0.9561188220977784,0.8286597728729248,0.7262803912162781,0.9362103939056396,0.8368783593177795
952,953,600,120,120,120,120,120,0,0.0,0,0.0,0,0.0,5,0,0.0,0,0.0,0.2,26,5.2,27.98668421052634,2.192982456140351,194,0.904763638973236,0.9821411967277528,0.9400128126144408,102,212.6,3330.8,43,15,12,22,0.8539100289344788,0.9593831300735474,0.870154082775116,0.8367902636528015,0.9369487166404724,0.8770394325256348
953,954,400,120,40,40,80,120,0,0.0,7,0.0,0,0.0,5,1,0.0044843049327354,0,0.0,0.0,22,4.4,33.00900000000002,2.0904255319148937,223,0.8850775957107544,0.9704888463020324,0.911157488822937,123,240.2,2598.2,58,13,7,14,0.8039664030075073,0.9491431713104248,0.8349034190177917,0.7818021774291992,0.9238292574882508,0.8357096910476685
954,955,720,160,200,160,120,80,0,0.0,6,0.0138888888888888,2,0.0055555555555555,13,0,0.0,1,0.0027777777777777,0.0,54,3.6,37.13094887525564,2.239263803680981,360,0.9429137110710144,0.989477276802063,0.954567015171051,203,142.06666666666666,2904.9238095238097,86,35,16,26,0.8638535737991333,0.9601653814315796,0.8992716073989868,0.8480250239372253,0.9474499821662904,0.8966578841209412
955,956,480,120,120,120,120,0,0,0.0,2,0.0045662100456621,0,0.0,6,2,0.0091324200913242,0,0.0,0.0,25,2.272727272727273,70.82840909090913,1.9034090909090908,219,0.8588944673538208,0.9716950058937072,0.9248958826065063,101,93.1818181818182,3186.5636363636363,45,13,10,19,0.8318760395050049,0.958400011062622,0.8656761646270752,0.8009509444236755,0.938423991203308,0.8649060726165771
956,957,480,120,80,80,120,80,0,0.0,5,0.0132450331125827,0,0.0,6,2,0.0132450331125827,0,0.0,0.1666666666666666,19,3.1666666666666665,49.74750000000001,2.083333333333333,151,0.8717309236526489,0.9720236659049988,0.9053495526313782,96,135.33333333333334,3401.4666666666667,29,15,5,11,0.859565794467926,0.9665360450744628,0.8754801154136658,0.8457745313644409,0.9472179412841796,0.8713120818138123
957,958,400,80,80,80,80,80,0,0.0,9,0.0,0,0.0,6,1,0.0043103448275862,3,0.0129310344827586,0.5,38,6.333333333333333,41.60121794871797,2.0336538461538463,232,0.8655843138694763,0.98158460855484,0.919731855392456,138,210.16666666666663,4788.566666666667,46,16,23,16,0.8043708205223083,0.9631924629211426,0.8645740747451782,0.7696367502212524,0.9404245018959044,0.8450527787208557
958,959,0,0,0,0,0,0,0,0.0,4,0.0082644628099173,0,0.0,8,3,0.012396694214876,0,0.0,0.0,28,3.111111111111111,52.7332658359294,2.032710280373832,242,0.8698146939277649,0.9756318926811218,0.9137710332870485,139,144.22222222222223,3889.944444444444,58,19,15,17,0.8548198342323303,0.968674659729004,0.8673166632652283,0.8330545425415039,0.9484981894493104,0.8790505528450012
959,960,800,120,160,160,160,200,0,0.0,3,0.0043572984749455,4,0.008714596949891,13,2,0.0043572984749455,2,0.0043572984749455,0.0769230769230769,47,3.615384615384616,28.23468325791856,2.2254901960784315,459,0.8752296566963196,0.9713589549064636,0.948327898979187,222,205.7692307692308,10586.52564102564,122,51,14,26,0.8313756585121155,0.9573913812637328,0.8719264268875122,0.8274735808372498,0.942573308944702,0.8890470862388611
960,961,560,120,120,120,120,80,0,0.0,2,0.0,0,0.0,5,0,0.0,0,0.0,0.2,17,3.4,36.360333333333365,2.185185185185185,163,0.9146913886070251,0.9770184755325316,0.933612048625946,102,171.4,6376.3,45,9,8,13,0.8296822309494019,0.9499261975288392,0.8550779819488525,0.82338547706604,0.9341824054718018,0.8566773533821106
961,962,400,80,80,120,120,0,0,0.0,1,0.0199004975124378,0,0.0,6,3,0.0149253731343283,6,0.0298507462686567,0.0,31,5.166666666666667,40.2051117318436,2.106145251396648,201,0.8827894926071167,0.9759129881858826,0.9132485389709472,107,184.83333333333331,4446.166666666667,39,13,15,12,0.8484468460083008,0.9702409505844116,0.8672816753387451,0.8035125136375427,0.9456053972244264,0.8643862009048462
962,963,800,160,200,160,160,120,0,0.0,6,0.010840108401084,0,0.0,12,2,0.005420054200542,3,0.008130081300813,0.0,42,3.5,29.985424311926607,2.259938837920489,369,0.9257055521011353,0.9829381108283995,0.9525978565216064,188,174.08333333333334,6571.901515151515,87,31,19,31,0.8799719214439392,0.9616231322288512,0.8948874473571777,0.8534068465232849,0.9474537372589112,0.9022429585456848
963,964,880,160,200,160,200,160,0,0.0,2,0.0045662100456621,0,0.0,11,1,0.002283105022831,0,0.0,0.1818181818181818,45,4.090909090909091,29.248519061583607,2.185483870967742,438,0.8960220217704773,0.979711890220642,0.9328733086586,213,216.8181818181818,8355.563636363637,100,35,25,19,0.8715683221817017,0.9659955501556396,0.8924815654754639,0.8618271946907043,0.9499220848083496,0.8957119584083557
964,965,720,120,160,120,160,160,0,0.0,6,0.0093023255813953,0,0.0,12,0,0.0,1,0.0023255813953488,0.1666666666666666,49,4.083333333333333,30.75520669291341,2.1968503937007875,430,0.930915355682373,0.984328031539917,0.9367967247962952,225,205.33333333333331,15296.242424242424,98,32,31,26,0.8711663484573364,0.9604501128196716,0.8883696794509888,0.8665626049041748,0.9397419691085817,0.8888093829154968
965,966,720,160,160,120,160,120,0,0.0,4,0.0035335689045936,0,0.0,10,0,0.0,2,0.0070671378091872,0.2,27,2.7,31.457182008368225,2.280334728033473,283,0.93318772315979,0.982190191745758,0.9454134106636048,154,157.1,1235.2111111111112,66,20,13,14,0.856189489364624,0.9591341018676758,0.872265636920929,0.855423629283905,0.9510372877120972,0.8835691213607788
966,967,560,120,120,120,120,80,0,0.0,2,0.0111111111111111,2,0.0055555555555555,11,0,0.0,1,0.0027777777777777,0.1666666666666666,47,3.9166666666666665,44.64548160173163,2.1006493506493507,360,0.9138970971107484,0.9808497428894044,0.9459749460220336,187,163.0,7371.818181818182,72,33,20,18,0.8633362650871277,0.962410569190979,0.8848966956138611,0.854328989982605,0.9453393220901488,0.8874891996383667
967,968,560,120,160,120,120,40,0,0.0,2,0.0165289256198347,0,0.0,9,0,0.0,8,0.0330578512396694,0.2222222222222222,29,3.2222222222222223,49.08874039938561,2.069124423963133,242,0.8820235729217529,0.9793215990066528,0.9348044991493224,137,147.44444444444446,2328.277777777778,49,26,9,11,0.8411751985549927,0.9613362550735474,0.8858631253242493,0.820991575717926,0.9442411065101624,0.90280681848526
968,969,480,120,80,80,120,80,0,0.0,7,0.019108280254777,2,0.0063694267515923,13,3,0.0095541401273885,1,0.0031847133757961,0.0,38,2.7142857142857144,43.75882671480146,2.184115523465704,314,0.8810011148452759,0.9761388301849364,0.9352407455444336,151,129.57142857142858,1514.571428571429,87,22,9,23,0.8157990574836731,0.9614498019218444,0.8703075647354126,0.798843502998352,0.9402581453323364,0.8791368007659912
969,970,840,200,120,160,200,160,0,0.0,2,0.0024449877750611,2,0.0048899755501222,12,1,0.0024449877750611,0,0.0,0.0,45,3.75,34.059251412429376,2.180790960451977,409,0.9235545992851256,0.9844730496406556,0.9488230347633362,218,189.33333333333331,4944.969696969697,98,28,22,30,0.8787629008293152,0.9681117534637452,0.8953585028648376,0.8686206340789795,0.9588265419006348,0.8956499695777893
970,971,0,0,0,0,0,0,0,0.0,3,0.0196078431372549,3,0.0196078431372549,6,2,0.0130718954248366,2,0.0130718954248366,0.3333333333333333,22,3.6666666666666665,47.65560606060609,2.106060606060606,153,0.8981540203094482,0.9819633960723876,0.9448956251144408,94,141.5,7638.7,36,4,9,10,0.7991154193878174,0.955466091632843,0.8500508069992065,0.7805631160736084,0.9365236163139344,0.838543713092804
971,972,760,160,160,160,160,120,0,0.0,4,0.0146627565982404,0,0.0,14,0,0.0,0,0.0,0.125,51,3.1875,54.70544253355705,2.0704697986577183,341,0.921294093132019,0.9855319261550904,0.9420732855796814,172,113.6875,1516.6291666666666,75,21,18,23,0.8757705092430115,0.9654979705810548,0.8987429738044739,0.8816117644309998,0.9527201652526855,0.9149355292320251
972,973,400,80,80,80,80,80,0,0.0,3,0.0,0,0.0,5,3,0.0153846153846153,3,0.0153846153846153,0.0,28,5.6,37.34200000000002,2.08,195,0.8745052218437195,0.9743485450744628,0.925366997718811,108,215.6,17174.3,36,11,14,17,0.816680908203125,0.965563178062439,0.8630574345588684,0.79298335313797,0.9382960200309752,0.8410746455192566
973,974,480,120,120,80,120,40,0,0.0,2,0.0053763440860215,0,0.0,6,3,0.0161290322580645,5,0.0268817204301075,0.0,20,2.857142857142857,53.84470588235296,2.011764705882353,186,0.8084108233451843,0.971405267715454,0.903700053691864,101,141.71428571428572,3361.5714285714284,39,12,12,13,0.7814354300498962,0.9567918181419371,0.8630262613296509,0.739449143409729,0.9275040030479432,0.8520253896713257
974,975,560,80,120,120,120,120,0,0.0,6,0.0040650406504065,3,0.0121951219512195,8,0,0.0,3,0.0121951219512195,0.0,25,3.125,33.01525116822431,2.2196261682242997,246,0.9235758185386658,0.9850043654441832,0.9537120461463928,137,180.375,4086.839285714286,68,25,8,11,0.8462187647819519,0.9608465433120728,0.873619556427002,0.8404332399368286,0.950801968574524,0.8838833570480347
975,976,720,160,160,120,160,120,0,0.0,3,0.0132013201320132,5,0.0165016501650165,10,6,0.0198019801980198,1,0.0033003300330033,0.0833333333333333,37,3.083333333333333,49.73421587926512,2.094488188976378,303,0.9129849076271056,0.9811403155326844,0.9269232749938964,165,134.41666666666666,3975.1742424242425,66,28,12,19,0.8695335984230042,0.9624165296554564,0.8918727040290833,0.8528938293457031,0.9432002305984496,0.8913474082946777
976,977,560,120,120,120,120,80,0,0.0,12,0.0026041666666666,0,0.0,12,0,0.0,7,0.0182291666666666,0.0,56,4.666666666666667,48.17616165234004,2.022922636103152,384,0.8973467946052551,0.9796844720840454,0.9416332244873048,194,178.75,5449.295454545455,105,15,24,26,0.8265506029129028,0.9577172994613647,0.8737965822219849,0.7960023283958435,0.9357890486717224,0.8635116219520569
977,978,600,120,120,160,160,40,0,0.0,4,0.0146627565982404,0,0.0,14,0,0.0,0,0.0,0.125,51,3.1875,54.70544253355705,2.0704697986577183,341,0.921294093132019,0.9855319261550904,0.9420732855796814,172,113.6875,1516.6291666666666,75,21,18,23,0.8757705092430115,0.9654979705810548,0.8987429738044739,0.8816117644309998,0.9527201652526855,0.9149355292320251
978,979,1000,200,200,200,200,200,0,0.0,2,0.0024449877750611,2,0.0048899755501222,12,1,0.0024449877750611,0,0.0,0.0,45,3.75,34.059251412429376,2.180790960451977,409,0.9235545992851256,0.9844730496406556,0.9488230347633362,218,189.33333333333331,4944.969696969697,98,28,22,30,0.8787629008293152,0.9681117534637452,0.8953585028648376,0.8686206340789795,0.9588265419006348,0.8956499695777893
979,980,680,160,120,120,120,160,0,0.0,2,0.0048309178743961,0,0.0,11,3,0.0072463768115942,0,0.0,0.25,47,3.9166666666666665,32.74892276422766,2.1842818428184283,414,0.8877062201499939,0.9774181842803956,0.9258745908737184,214,195.08333333333331,12508.44696969697,94,32,25,18,0.8571025133132935,0.9649509191513062,0.8933712244033813,0.8400138020515442,0.9520787596702576,0.8871439695358276
980,981,600,120,160,160,120,40,0,0.0,2,0.0048309178743961,0,0.0,11,3,0.0072463768115942,0,0.0,0.25,47,3.9166666666666665,32.74892276422766,2.1842818428184283,414,0.8877062201499939,0.9774181842803956,0.9258745908737184,214,195.08333333333331,12508.44696969697,94,32,25,18,0.8571025133132935,0.9649509191513062,0.8933712244033813,0.8400138020515442,0.9520787596702576,0.8871439695358276
981,982,640,120,120,120,120,160,0,0.0,7,0.019108280254777,2,0.0063694267515923,13,3,0.0095541401273885,1,0.0031847133757961,0.0,38,2.7142857142857144,43.75882671480146,2.184115523465704,314,0.8810011148452759,0.9761388301849364,0.9352407455444336,151,129.57142857142858,1514.571428571429,87,22,9,23,0.8157990574836731,0.9614498019218444,0.8703075647354126,0.798843502998352,0.9402581453323364,0.8791368007659912
982,983,440,120,80,80,80,80,0,0.0,5,0.0053333333333333,0,0.0,12,1,0.0026666666666666,2,0.0053333333333333,0.1538461538461538,42,3.230769230769231,44.596667063586594,2.111455108359133,375,0.9138672947883606,0.9804476499557496,0.9553041458129884,200,158.23076923076923,6550.358974358975,68,23,22,21,0.8542360067367554,0.9644225835800172,0.8900508284568787,0.846116304397583,0.9478623867034912,0.8949038982391357
983,984,440,200,40,40,120,40,0,0.0,4,0.0068965517241379,3,0.0103448275862068,12,0,0.0,0,0.0,0.0,33,2.75,43.41872132253714,2.1781376518218623,290,0.91776442527771,0.985855519771576,0.9404771327972412,162,135.41666666666666,1127.3560606060605,77,30,10,12,0.8518176078796387,0.9570894241333008,0.8812500834465027,0.8606768846511841,0.9479963183403016,0.8951910138130188
984,985,560,120,80,120,120,120,0,0.0,7,0.0033898305084745,1,0.0033898305084745,9,2,0.0067796610169491,1,0.0033898305084745,0.3636363636363636,28,2.5454545454545454,36.80326086956524,2.2292490118577075,295,0.8976525068283081,0.9807995557785034,0.9165276885032654,152,149.63636363636363,7632.654545454546,72,22,8,18,0.8728482723236084,0.9690412282943726,0.9028010964393616,0.8529102206230164,0.9474652409553528,0.9064746499061584
985,986,600,120,120,120,120,120,0,0.0,3,0.0,2,0.007380073800738,12,1,0.003690036900369,0,0.0,0.0,31,2.583333333333333,43.24969420600858,2.193133047210301,271,0.9478578567504884,0.9888591170310974,0.9626569747924804,151,125.75,1455.840909090909,54,29,13,18,0.860538125038147,0.9637508988380432,0.894349992275238,0.8642984628677368,0.9566072821617126,0.9066203236579896
986,987,720,160,160,120,200,80,0,0.0,6,0.0046082949308755,3,0.0138248847926267,9,2,0.0092165898617511,3,0.0138248847926267,0.0,35,2.6923076923076925,33.769397993311074,2.369565217391304,217,0.9009934067726136,0.985454559326172,0.9331572651863098,133,97.15384615384616,1477.474358974359,52,22,8,16,0.8574244379997253,0.9645137190818788,0.8883025646209717,0.8172755241394043,0.9460009336471558,0.8788821697235107
987,988,640,120,120,120,120,160,0,0.0,4,0.0054794520547945,4,0.010958904109589,14,1,0.0027397260273972,2,0.0054794520547945,0.0588235294117647,60,3.5294117647058822,39.865505425471184,2.249190938511327,365,0.894487738609314,0.9814329743385316,0.9234232306480408,196,121.41176470588236,2927.8823529411766,82,31,21,23,0.8771439790725708,0.9607864022254944,0.899412989616394,0.8661597371101379,0.9462247490882874,0.9053556323051452
988,989,760,200,160,200,200,0,0,0.0,6,0.0101419878296146,2,0.0040567951318458,14,0,0.0,3,0.0060851926977687,0.0,57,3.3529411764705883,45.19409726266747,2.116336633663366,493,0.923195779323578,0.9824067950248718,0.9280896186828612,234,151.58823529411765,7028.882352941177,111,35,29,28,0.889765202999115,0.9649642109870912,0.897375762462616,0.8750790357589722,0.9479256868362428,0.8993600606918335
989,990,520,160,80,80,120,80,0,0.0,3,0.0120967741935483,1,0.0040322580645161,8,0,0.0,0,0.0,0.1,29,2.9,52.05704587155965,2.059633027522936,248,0.9241726398468018,0.9886083006858826,0.9578070640563964,144,136.1,3176.1,63,20,10,16,0.8425881266593933,0.9587257504463196,0.8784608244895935,0.8361793756484985,0.9470371007919312,0.882952094078064
990,991,680,160,200,200,120,0,0,0.0,6,0.0065645514223194,0,0.0,16,1,0.0021881838074398,3,0.0065645514223194,0.0526315789473684,52,2.736842105263158,51.625964912280736,2.074074074074074,457,0.9406298398971558,0.9866779446601868,0.9496177434921264,235,129.26315789473685,4289.649122807017,107,31,31,26,0.8768957853317261,0.9619641304016112,0.9022815227508544,0.8464712500572205,0.9337562918663024,0.8811575770378113
991,992,680,160,200,120,120,80,0,0.0,3,0.0,1,0.0033783783783783,8,0,0.0,0,0.0,0.125,34,4.25,30.51521959459464,2.189189189189189,296,0.9184635281562804,0.983245611190796,0.9492887854576112,143,209.25,8989.357142857143,67,17,14,13,0.8591968417167664,0.9622223377227784,0.880715012550354,0.8470637798309326,0.9552884101867676,0.8892640471458435
992,993,560,120,120,120,120,80,0,0.0,2,0.0036496350364963,2,0.0072992700729927,10,2,0.0072992700729927,8,0.0291970802919708,0.0,33,3.3,41.92963562753039,2.145748987854251,274,0.886292040348053,0.9783432483673096,0.923318088054657,151,154.2,2369.955555555556,65,17,6,24,0.8441668152809143,0.965080201625824,0.8789434432983398,0.8339439034461975,0.9444884657859802,0.9001695513725281
993,994,840,160,160,200,160,160,0,0.0,5,0.0125628140703517,2,0.0050251256281407,15,0,0.0,0,0.0,0.1111111111111111,54,3.0,48.25846116027532,2.1415929203539825,398,0.938898742198944,0.9822399020195008,0.9566144347190856,221,119.16666666666669,2687.558823529412,76,30,18,24,0.8952611088752747,0.9702999591827391,0.9147006273269652,0.8848610520362854,0.9575328826904296,0.9010435938835144
994,995,320,120,40,40,120,0,0,0.0,5,0.0146341463414634,0,0.0,5,2,0.0097560975609756,0,0.0,0.2,25,5.0,40.81938674033151,2.022099447513812,205,0.8799645900726318,0.9787893891334534,0.9145821928977966,130,220.0,13342.5,49,3,7,15,0.7998863458633423,0.9491060376167296,0.8203859329223633,0.782183051109314,0.9294195771217346,0.8274164199829102
995,996,1000,200,200,200,200,200,0,0.0,5,0.0125628140703517,2,0.0050251256281407,15,0,0.0,0,0.0,0.1111111111111111,54,3.0,48.25846116027532,2.1415929203539825,398,0.938898742198944,0.9822399020195008,0.9566144347190856,221,119.16666666666669,2687.558823529412,76,30,18,24,0.8952611088752747,0.9702999591827391,0.9147006273269652,0.8848610520362854,0.9575328826904296,0.9010435938835144
996,997,560,120,120,160,160,0,0,0.0,6,0.0102739726027397,2,0.0068493150684931,5,2,0.0068493150684931,2,0.0068493150684931,0.0,31,6.2,13.586362934362946,2.1544401544401546,292,0.8759686946868896,0.9744753837585448,0.8997043967247009,173,333.4,2579.3,68,27,12,17,0.8384080529212952,0.9611718654632568,0.8588820099830627,0.8146522045135498,0.935883402824402,0.8623759746551514
997,998,600,120,120,120,120,120,0,0.0,2,0.0079681274900398,1,0.0039840637450199,4,0,0.0,0,0.0,1.0,27,6.75,27.43969827586208,1.918103448275862,251,0.8856154680252075,0.9796916842460632,0.917568862438202,138,335.5,19660.33333333333,56,14,15,16,0.8311891555786133,0.9617372155189514,0.8439659476280212,0.7985196709632874,0.933190107345581,0.8349413275718689
998,999,720,200,120,120,120,160,0,0.0,4,0.0111111111111111,3,0.0111111111111111,11,0,0.0,0,0.0,0.3333333333333333,39,3.25,32.61771617852162,2.3138075313807533,270,0.9186033606529236,0.9864769577980042,0.930514395236969,146,131.75,1360.75,66,23,10,19,0.8711650967597961,0.9588906168937684,0.8821386098861694,0.8617379069328308,0.9433460831642152,0.895055890083313
999,1000,360,120,40,40,120,40,0,0.0,4,0.0068965517241379,3,0.0103448275862068,12,0,0.0,0,0.0,0.0,33,2.75,43.41872132253714,2.1781376518218623,290,0.91776442527771,0.985855519771576,0.9404771327972412,162,135.41666666666666,1127.3560606060605,77,30,10,12,0.8518176078796387,0.9570894241333008,0.8812500834465027,0.8606768846511841,0.9479963183403016,0.8951910138130188
1000,1001,880,200,200,160,160,160,0,0.0,11,0.0048076923076923,3,0.0072115384615384,13,0,0.0,0,0.0,0.0,44,3.142857142857143,30.40344537815128,2.2717086834733893,416,0.9228345155715942,0.9866727590560912,0.9500687718391418,229,171.35714285714286,5205.324175824176,92,32,10,22,0.8746156692504883,0.963814377784729,0.8974395990371704,0.882785975933075,0.960034966468811,0.9084902405738832
1001,1002,480,120,120,80,80,80,0,0.0,5,0.0080645161290322,1,0.0026881720430107,10,0,0.0,0,0.0,0.1,37,3.7,30.782024844720496,2.186335403726708,372,0.9208926558494568,0.9863585233688354,0.9473937749862672,204,208.8,12535.955555555556,79,27,10,27,0.8833560943603516,0.969254195690155,0.9109447002410888,0.8809292912483215,0.960610806941986,0.923065185546875
1002,1003,800,200,200,200,200,0,0,0.0,1,0.0,1,0.0025445292620865,14,0,0.0,0,0.0,0.0,48,2.1818181818181817,50.17788802660759,2.167682926829268,393,0.9332176446914672,0.983459770679474,0.9450597167015076,205,95.5909090909091,2127.872294372294,93,24,15,23,0.8531307578086853,0.9593034982681274,0.891833484172821,0.8551338911056519,0.9473220705986024,0.8921983242034912
1003,1004,400,120,40,80,80,80,0,0.0,3,0.0129870129870129,0,0.0,7,1,0.0043290043290043,0,0.0,0.1428571428571428,38,5.428571428571429,39.6709090909091,2.1313131313131315,231,0.8628602027893066,0.9738950729370116,0.9086266160011292,137,180.42857142857144,5423.619047619048,48,12,24,11,0.8118084669113159,0.9633290767669678,0.8642118573188782,0.7842615842819214,0.9365587830543518,0.8474006056785583
1004,1005,0,0,0,0,0,0,3,0.0146341463414634,1,0.0048780487804878,1,0.0048780487804878,6,2,0.0097560975609756,0,0.0,0.0,31,3.4444444444444446,62.05797641216638,1.9664804469273744,205,0.8904685974121094,0.9795159697532654,0.9318947792053224,118,119.55555555555556,6059.277777777777,34,4,18,17,0.8357530832290649,0.9617773294448853,0.8559569120407104,0.7977691888809204,0.9375953078269958,0.845267653465271
1005,1006,600,160,120,120,120,80,0,0.0,3,0.0132013201320132,5,0.0165016501650165,10,6,0.0198019801980198,1,0.0033003300330033,0.0833333333333333,37,3.083333333333333,49.73421587926512,2.094488188976378,303,0.9129849076271056,0.9811403155326844,0.9269232749938964,165,134.41666666666666,3975.1742424242425,66,28,12,19,0.8695335984230042,0.9624165296554564,0.8918727040290833,0.8528938293457031,0.9432002305984496,0.8913474082946777
1006,1007,800,160,160,200,160,120,0,0.0,2,0.0058823529411764,2,0.0058823529411764,10,6,0.0176470588235294,1,0.0029411764705882,0.0,39,3.9,18.86953278688525,2.347540983606557,340,0.889950156211853,0.9788668155670166,0.9200788736343384,178,206.4,5007.822222222222,87,34,17,13,0.873045802116394,0.9650336503982544,0.8880084156990051,0.8747565746307373,0.9507513046264648,0.9143118858337402
1007,1008,720,160,120,160,160,120,1,0.0028089887640449,5,0.0028089887640449,1,0.0028089887640449,9,1,0.0028089887640449,0,0.0,0.1111111111111111,37,4.111111111111111,14.439790528233177,2.357377049180328,356,0.9249398708343506,0.982161819934845,0.9399594068527222,191,234.33333333333331,10709.25,90,20,8,25,0.8712887167930603,0.9585903882980348,0.8851232528686523,0.8713402152061462,0.9537262320518494,0.8980422616004944
1008,1009,560,120,120,120,120,80,0,0.0,1,0.0,0,0.0,7,0,0.0,0,0.0,0.1428571428571428,19,2.7142857142857144,46.80979591836734,2.136054421768708,164,0.905436098575592,0.9789935350418092,0.9240400791168212,95,133.85714285714286,1961.4761904761904,45,17,2,9,0.8201559782028198,0.9500057697296144,0.841552197933197,0.8115156888961792,0.940153181552887,0.8513633012771606
1009,1010,600,120,120,120,120,120,0,0.0,2,0.0036496350364963,2,0.0072992700729927,10,2,0.0072992700729927,8,0.0291970802919708,0.0,33,3.3,41.92963562753039,2.145748987854251,274,0.886292040348053,0.9783432483673096,0.923318088054657,151,154.2,2369.955555555556,65,17,6,24,0.8441668152809143,0.965080201625824,0.8789434432983398,0.8339439034461975,0.9444884657859802,0.9001695513725281
1010,1011,400,80,80,80,80,80,0,0.0,2,0.0053763440860215,0,0.0,6,3,0.0161290322580645,5,0.0268817204301075,0.0,20,2.857142857142857,53.84470588235296,2.011764705882353,186,0.8084108233451843,0.971405267715454,0.903700053691864,101,141.71428571428572,3361.5714285714284,39,12,12,13,0.7814354300498962,0.9567918181419371,0.8630262613296509,0.739449143409729,0.9275040030479432,0.8520253896713257
1011,1012,640,160,120,120,120,120,0,0.0,7,0.0133928571428571,1,0.0044642857142857,9,1,0.0044642857142857,1,0.0044642857142857,0.0,27,2.7,44.5796134020619,2.1804123711340204,224,0.9250530004501344,0.9841978549957277,0.9439722895622252,142,123.7,1723.3444444444444,42,21,12,19,0.8523045778274536,0.9645333290100098,0.8831973671913147,0.8206212520599365,0.941924512386322,0.8764644265174866
1012,1013,560,120,160,120,120,40,0,0.0,2,0.0049019607843137,3,0.0073529411764705,10,1,0.0024509803921568,1,0.0024509803921568,0.0,47,3.357142857142857,41.33250000000004,2.1416666666666666,408,0.9181236028671264,0.9820621013641356,0.9402709603309632,193,163.42857142857142,10259.34065934066,85,45,16,27,0.8678659200668335,0.9604412317276,0.8937751650810242,0.8445577025413513,0.9476572871208192,0.8918517827987671
1013,1014,360,120,40,40,120,40,0,0.0,3,0.0129870129870129,0,0.0,7,1,0.0043290043290043,0,0.0,0.1428571428571428,38,5.428571428571429,39.6709090909091,2.1313131313131315,231,0.8628602027893066,0.9738950729370116,0.9086266160011292,137,180.42857142857144,5423.619047619048,48,12,24,11,0.8118084669113159,0.9633290767669678,0.8642118573188782,0.7842615842819214,0.9365587830543518,0.8474006056785583
1014,1015,600,120,120,120,120,120,0,0.0,4,0.0054794520547945,4,0.010958904109589,14,1,0.0027397260273972,2,0.0054794520547945,0.0588235294117647,60,3.5294117647058822,39.865505425471184,2.249190938511327,365,0.894487738609314,0.9814329743385316,0.9234232306480408,196,121.41176470588236,2927.8823529411766,82,31,21,23,0.8771439790725708,0.9607864022254944,0.899412989616394,0.8661597371101379,0.9462247490882874,0.9053556323051452
1015,1016,480,120,80,80,120,80,0,0.0,6,0.0074257425742574,4,0.0099009900990099,11,0,0.0,0,0.0,0.0,52,4.727272727272728,26.273597290961185,2.2435530085959887,404,0.91355162858963,0.9827649593353271,0.946234166622162,213,210.72727272727272,26906.21818181818,100,28,17,21,0.8685527443885803,0.9631211161613464,0.9052215814590454,0.8474424481391907,0.9464706182479858,0.8938798904418945
1016,1017,560,120,120,120,120,80,0,0.0,4,0.0244897959183673,0,0.0,6,2,0.0081632653061224,0,0.0,0.3333333333333333,21,3.5,32.39956605222737,2.124423963133641,245,0.8783096671104431,0.9761123061180116,0.9232603907585144,134,225.33333333333331,3634.6666666666665,50,22,11,9,0.8541721105575562,0.968406081199646,0.8944442272186279,0.8207554221153259,0.9452959895133972,0.8675742745399475
1017,1018,520,120,120,120,120,40,0,0.0,9,0.0113207547169811,0,0.0,10,1,0.0037735849056603,5,0.0188679245283018,0.0833333333333333,35,2.9166666666666665,42.1179166666667,2.2085106382978723,265,0.8978065252304077,0.9770262837409972,0.9251025915145874,152,122.58333333333331,1905.3560606060605,58,24,14,13,0.8694902658462524,0.971122980117798,0.9027790427207948,0.8468729853630066,0.9508321285247804,0.9058369994163512
1018,1019,440,120,80,80,80,80,0,0.0,7,0.0175438596491228,0,0.0,6,2,0.0087719298245614,0,0.0,0.0,26,4.333333333333333,37.80261164274324,2.076555023923445,228,0.8736975789070129,0.9732452630996704,0.9135901927947998,132,213.83333333333331,2770.9666666666667,51,13,7,20,0.8097628355026245,0.949303925037384,0.8381006121635437,0.785640299320221,0.9275147318840028,0.8429758548736572
1019,1020,640,120,160,120,120,120,0,0.0,2,0.0036496350364963,2,0.0072992700729927,10,2,0.0072992700729927,8,0.0291970802919708,0.0,33,3.3,41.92963562753039,2.145748987854251,274,0.886292040348053,0.9783432483673096,0.923318088054657,151,154.2,2369.955555555556,65,17,6,24,0.8441668152809143,0.965080201625824,0.8789434432983398,0.8339439034461975,0.9444884657859802,0.9001695513725281
1020,1021,680,160,120,120,160,120,0,0.0,4,0.0078125,0,0.0,7,2,0.0078125,0,0.0,0.0,23,3.2857142857142856,55.45228813559322,1.88135593220339,256,0.9200744032859802,0.9841841459274292,0.9401582479476928,133,188.42857142857144,1510.952380952381,72,15,6,16,0.8496749401092529,0.9648088812828064,0.8686853647232056,0.843407154083252,0.9475963711738586,0.8834932446479797
1021,1022,520,120,80,80,120,120,0,0.0,4,0.0111111111111111,3,0.0111111111111111,11,0,0.0,0,0.0,0.3333333333333333,39,3.25,32.61771617852162,2.3138075313807533,270,0.9186033606529236,0.9864769577980042,0.930514395236969,146,131.75,1360.75,66,23,10,19,0.8711650967597961,0.9588906168937684,0.8821386098861694,0.8617379069328308,0.9433460831642152,0.895055890083313
1022,1023,560,160,120,120,160,0,1,0.005524861878453,3,0.0,0,0.0,6,0,0.0,1,0.005524861878453,0.0833333333333333,27,2.25,47.982916666666696,2.2291666666666665,181,0.8928146958351135,0.9762610793113708,0.92376708984375,106,80.16666666666667,1153.4242424242425,33,19,17,6,0.8434726595878601,0.9622253179550172,0.8717554807662964,0.8230598568916321,0.9388817548751832,0.8614218235015869
1023,1024,680,120,160,120,120,160,0,0.0,2,0.0118694362017804,2,0.0059347181008902,9,0,0.0,1,0.0029673590504451,0.0,41,4.555555555555555,36.131221122112265,2.102310231023102,337,0.9111177921295166,0.9873100519180298,0.939992129802704,174,210.33333333333331,3756.0,81,32,20,24,0.859237551689148,0.9674745202064514,0.8910202980041504,0.8509534597396851,0.9543911814689636,0.8917610049247742
1024,1025,800,160,160,160,160,160,0,0.0,8,0.0076142131979695,1,0.0025380710659898,12,0,0.0,0,0.0,0.25,45,3.75,32.73516592920357,2.2094395280235988,394,0.9034894704818726,0.9828481078147888,0.9302453398704528,211,185.41666666666663,2733.3560606060605,100,43,15,27,0.8837937712669373,0.9617515802383424,0.8934071660041809,0.8773572444915771,0.9503340721130372,0.9072481989860536
1025,1026,1000,200,200,200,200,200,0,0.0,6,0.0101419878296146,2,0.0040567951318458,14,0,0.0,3,0.0060851926977687,0.0,57,3.3529411764705883,45.19409726266747,2.116336633663366,493,0.923195779323578,0.9824067950248718,0.9280896186828612,234,151.58823529411765,7028.882352941177,111,35,29,28,0.889765202999115,0.9649642109870912,0.897375762462616,0.8750790357589722,0.9479256868362428,0.8993600606918335
1026,1027,0,0,0,0,0,0,0,0.0,5,0.0146341463414634,0,0.0,5,2,0.0097560975609756,0,0.0,0.2,25,5.0,40.81938674033151,2.022099447513812,205,0.8799645900726318,0.9787893891334534,0.9145821928977966,130,220.0,13342.5,49,3,7,15,0.7998863458633423,0.9491060376167296,0.8203859329223633,0.782183051109314,0.9294195771217346,0.8274164199829102
1027,1028,680,160,120,120,160,120,0,0.0,2,0.0,1,0.0045871559633027,9,1,0.0045871559633027,0,0.0,0.0,28,3.111111111111111,39.78439068100363,2.220430107526881,218,0.8964316248893738,0.977510929107666,0.9121888279914856,125,141.55555555555554,2903.527777777778,55,21,12,12,0.8358225226402283,0.9447066783905028,0.8608977794647217,0.8454496264457703,0.9413503408432008,0.8705837726593018
1028,1029,600,120,120,120,120,120,0,0.0,2,0.0049019607843137,3,0.0073529411764705,10,1,0.0024509803921568,1,0.0024509803921568,0.0,47,3.357142857142857,41.33250000000004,2.1416666666666666,408,0.9181236028671264,0.9820621013641356,0.9402709603309632,193,163.42857142857142,10259.34065934066,85,45,16,27,0.8678659200668335,0.9604412317276,0.8937751650810242,0.8445577025413513,0.9476572871208192,0.8918517827987671
1029,1030,400,160,40,40,120,40,0,0.0,2,0.0037174721189591,1,0.0037174721189591,9,2,0.0074349442379182,0,0.0,0.2222222222222222,35,3.888888888888889,38.94570247933885,2.15702479338843,269,0.9008180499076844,0.9781329035758972,0.9075495004653932,145,172.66666666666666,2015.5,56,33,20,23,0.8666642308235168,0.9632651209831238,0.8632413148880005,0.8428276777267456,0.9432218074798584,0.8742191195487976
1030,1031,760,160,120,120,160,200,0,0.0,6,0.0040650406504065,3,0.0121951219512195,8,0,0.0,3,0.0121951219512195,0.0,25,3.125,33.01525116822431,2.2196261682242997,246,0.9235758185386658,0.9850043654441832,0.9537120461463928,137,180.375,4086.839285714286,68,25,8,11,0.8462187647819519,0.9608465433120728,0.873619556427002,0.8404332399368286,0.950801968574524,0.8838833570480347
1031,1032,400,160,40,40,120,40,0,0.0,3,0.0129870129870129,0,0.0,7,1,0.0043290043290043,0,0.0,0.1428571428571428,38,5.428571428571429,39.6709090909091,2.1313131313131315,231,0.8628602027893066,0.9738950729370116,0.9086266160011292,137,180.42857142857144,5423.619047619048,48,12,24,11,0.8118084669113159,0.9633290767669678,0.8642118573188782,0.7842615842819214,0.9365587830543518,0.8474006056785583
1032,1033,400,160,40,40,120,40,3,0.0146341463414634,1,0.0048780487804878,1,0.0048780487804878,6,2,0.0097560975609756,0,0.0,0.0,31,3.4444444444444446,62.05797641216638,1.9664804469273744,205,0.8904685974121094,0.9795159697532654,0.9318947792053224,118,119.55555555555556,6059.277777777777,34,4,18,17,0.8357530832290649,0.9617773294448853,0.8559569120407104,0.7977691888809204,0.9375953078269958,0.845267653465271
1033,1034,600,120,120,120,120,120,0,0.0,5,0.0116959064327485,3,0.0087719298245614,12,2,0.0058479532163742,3,0.0087719298245614,0.0,54,3.857142857142857,47.36523178807949,2.119205298013245,342,0.881242573261261,0.9783117175102234,0.9238156080245972,170,134.35714285714286,4852.554945054945,68,26,30,21,0.8430694341659546,0.9622503519058228,0.8758739233016968,0.8280964493751526,0.9337467551231384,0.8856522440910339
1034,1035,400,120,40,80,160,0,0,0.0,5,0.0146341463414634,0,0.0,5,2,0.0097560975609756,0,0.0,0.2,25,5.0,40.81938674033151,2.022099447513812,205,0.8799645900726318,0.9787893891334534,0.9145821928977966,130,220.0,13342.5,49,3,7,15,0.7998863458633423,0.9491060376167296,0.8203859329223633,0.782183051109314,0.9294195771217346,0.8274164199829102
1035,1036,1000,200,200,200,200,200,0,0.0,1,0.0,1,0.0025445292620865,14,0,0.0,0,0.0,0.0,48,2.1818181818181817,50.17788802660759,2.167682926829268,393,0.9332176446914672,0.983459770679474,0.9450597167015076,205,95.5909090909091,2127.872294372294,93,24,15,23,0.8531307578086853,0.9593034982681274,0.891833484172821,0.8551338911056519,0.9473220705986024,0.8921983242034912
1036,1037,800,160,160,160,160,160,0,0.0,5,0.0080645161290322,1,0.0026881720430107,10,0,0.0,0,0.0,0.1,37,3.7,30.782024844720496,2.186335403726708,372,0.9208926558494568,0.9863585233688354,0.9473937749862672,204,208.8,12535.955555555556,79,27,10,27,0.8833560943603516,0.969254195690155,0.9109447002410888,0.8809292912483215,0.960610806941986,0.923065185546875
1037,1038,560,120,120,120,120,80,0,0.0,2,0.0053763440860215,0,0.0,6,3,0.0161290322580645,5,0.0268817204301075,0.0,20,2.857142857142857,53.84470588235296,2.011764705882353,186,0.8084108233451843,0.971405267715454,0.903700053691864,101,141.71428571428572,3361.5714285714284,39,12,12,13,0.7814354300498962,0.9567918181419371,0.8630262613296509,0.739449143409729,0.9275040030479432,0.8520253896713257
1038,1039,0,0,0,0,0,0,0,0.0,2,0.0068027210884353,6,0.0204081632653061,9,2,0.0068027210884353,2,0.0068027210884353,0.1111111111111111,40,4.444444444444445,35.663920335429786,2.158490566037736,294,0.8255809545516968,0.9729449152946472,0.9231943488121032,155,193.11111111111111,8085.361111111111,56,18,13,29,0.7728000283241272,0.9528089761734008,0.8643312454223633,0.7535289525985718,0.9382373094558716,0.8646218776702881
1039,1040,440,160,40,40,160,40,0,0.0,7,0.0163487738419618,4,0.0108991825613079,13,2,0.0054495912806539,0,0.0,0.0,36,2.769230769230769,35.74184845005743,2.205970149253732,367,0.918751060962677,0.984160542488098,0.948573112487793,176,163.3846153846154,1941.923076923077,93,26,17,34,0.8592846989631653,0.965003252029419,0.8956939578056335,0.8546643257141113,0.9583324790000916,0.9085139632225036
1040,1041,800,160,160,160,160,160,0,0.0,2,0.0023809523809523,2,0.0047619047619047,12,2,0.0047619047619047,0,0.0,0.1666666666666666,39,3.25,27.2104990842491,2.2527472527472527,420,0.8854488134384155,0.9786121249198914,0.9198335409164428,204,196.5,1803.7272727272727,106,30,17,25,0.8732191920280457,0.9696042537689208,0.8927657008171082,0.8683299422264099,0.9506274461746216,0.8966910243034363
1041,1042,400,120,40,40,160,40,0,0.0,5,0.0053333333333333,0,0.0,12,1,0.0026666666666666,2,0.0053333333333333,0.1538461538461538,42,3.230769230769231,44.596667063586594,2.111455108359133,375,0.9138672947883606,0.9804476499557496,0.9553041458129884,200,158.23076923076923,6550.358974358975,68,23,22,21,0.8542360067367554,0.9644225835800172,0.8900508284568787,0.846116304397583,0.9478623867034912,0.8949038982391357
1042,1043,440,120,80,80,80,80,1,0.0028089887640449,5,0.0028089887640449,1,0.0028089887640449,9,1,0.0028089887640449,0,0.0,0.1111111111111111,37,4.111111111111111,14.439790528233177,2.357377049180328,356,0.9249398708343506,0.982161819934845,0.9399594068527222,191,234.33333333333331,10709.25,90,20,8,25,0.8712887167930603,0.9585903882980348,0.8851232528686523,0.8713402152061462,0.9537262320518494,0.8980422616004944
1043,1044,720,160,120,160,160,120,0,0.0,6,0.0163934426229508,1,0.0027322404371584,12,2,0.0054644808743169,0,0.0,0.1538461538461538,46,3.5384615384615383,43.0251500357228,2.130030959752322,366,0.9279066324234008,0.9867669343948364,0.9458516240119934,174,155.46153846153845,4323.9358974358975,76,27,17,22,0.8820257782936096,0.9656901955604552,0.9029556512832642,0.8859773874282837,0.9578683376312256,0.9051782488822936
1044,1045,200,40,40,40,40,40,0,0.0,7,0.009375,0,0.0,6,8,0.025,6,0.01875,0.375,32,4.0,45.35788527397261,1.9657534246575343,320,0.8119387030601501,0.9697965383529664,0.9174696803092957,168,211.375,23412.26785714286,69,21,15,22,0.7547139525413513,0.9577106833457948,0.8447383642196655,0.7314668297767639,0.9309555888175964,0.8369559049606323
1045,1046,0,0,0,0,0,0,0,0.0,2,0.0037174721189591,1,0.0037174721189591,9,2,0.0074349442379182,0,0.0,0.2222222222222222,35,3.888888888888889,38.94570247933885,2.15702479338843,269,0.9008180499076844,0.9781329035758972,0.9075495004653932,145,172.66666666666666,2015.5,56,33,20,23,0.8666642308235168,0.9632651209831238,0.8632413148880005,0.8428276777267456,0.9432218074798584,0.8742191195487976
1046,1047,440,200,40,40,120,40,0,0.0,0,0.005181347150259,0,0.0,6,1,0.005181347150259,0,0.0,0.1666666666666666,26,4.333333333333333,36.27437984496129,2.1686046511627906,193,0.8853280544281006,0.976633608341217,0.8991817235946655,121,178.0,9824.4,47,15,11,11,0.8622058629989624,0.961028814315796,0.8708750009536743,0.8493756651878357,0.9435759782791138,0.8748825788497925
1047,1048,760,160,200,120,160,120,1,0.0032786885245901,1,0.0,1,0.0032786885245901,10,0,0.0,0,0.0,0.2,36,3.6,36.40359293680301,2.1858736059479558,305,0.9239359498023988,0.988359808921814,0.9415603280067444,174,173.9,4550.988888888889,69,28,13,19,0.8581236004829407,0.9557417631149292,0.8803625106811523,0.8637480139732361,0.9488825798034668,0.8898606896400452
1048,1049,600,160,120,120,120,80,0,0.0,3,0.0,2,0.007380073800738,12,1,0.003690036900369,0,0.0,0.0,31,2.583333333333333,43.24969420600858,2.193133047210301,271,0.9478578567504884,0.9888591170310974,0.9626569747924804,151,125.75,1455.840909090909,54,29,13,18,0.860538125038147,0.9637508988380432,0.894349992275238,0.8642984628677368,0.9566072821617126,0.9066203236579896
1049,1050,520,200,40,40,200,40,1,0.002680965147453,5,0.0,1,0.002680965147453,12,1,0.002680965147453,2,0.0053619302949061,0.0833333333333333,46,3.8333333333333335,19.189556451612937,2.393548387096774,373,0.8831250071525574,0.9816745519638062,0.9291269183158876,208,180.33333333333331,6764.060606060606,88,28,17,14,0.8436353206634521,0.959999978542328,0.8825425505638123,0.8567171096801758,0.9546085596084596,0.8948792219161987
1050,1051,360,80,80,80,80,40,0,0.0,4,0.0244897959183673,0,0.0,6,2,0.0081632653061224,0,0.0,0.3333333333333333,21,3.5,32.39956605222737,2.124423963133641,245,0.8783096671104431,0.9761123061180116,0.9232603907585144,134,225.33333333333331,3634.6666666666665,50,22,11,9,0.8541721105575562,0.968406081199646,0.8944442272186279,0.8207554221153259,0.9452959895133972,0.8675742745399475
1051,1052,640,160,120,120,120,120,0,0.0,7,0.0033898305084745,1,0.0033898305084745,9,2,0.0067796610169491,1,0.0033898305084745,0.3636363636363636,28,2.5454545454545454,36.80326086956524,2.2292490118577075,295,0.8976525068283081,0.9807995557785034,0.9165276885032654,152,149.63636363636363,7632.654545454546,72,22,8,18,0.8728482723236084,0.9690412282943726,0.9028010964393616,0.8529102206230164,0.9474652409553528,0.9064746499061584
1052,1053,360,120,40,40,120,40,0,0.0,3,0.0,0,0.0,5,3,0.0153846153846153,3,0.0153846153846153,0.0,28,5.6,37.34200000000002,2.08,195,0.8745052218437195,0.9743485450744628,0.925366997718811,108,215.6,17174.3,36,11,14,17,0.816680908203125,0.965563178062439,0.8630574345588684,0.79298335313797,0.9382960200309752,0.8410746455192566
1053,1054,320,120,40,40,120,0,0,0.0,6,0.0102739726027397,2,0.0068493150684931,5,2,0.0068493150684931,2,0.0068493150684931,0.0,31,6.2,13.586362934362946,2.1544401544401546,292,0.8759686946868896,0.9744753837585448,0.8997043967247009,173,333.4,2579.3,68,27,12,17,0.8384080529212952,0.9611718654632568,0.8588820099830627,0.8146522045135498,0.935883402824402,0.8623759746551514
1054,1055,0,0,0,0,0,0,0,0.0,1,0.0046296296296296,0,0.0,6,0,0.0,0,0.0,0.0,26,4.333333333333333,33.83557426597584,2.155440414507772,216,0.8972188234329224,0.98669171333313,0.9570267796516418,111,202.83333333333331,10865.766666666666,46,21,10,10,0.8245552778244019,0.965028703212738,0.8786870241165161,0.8110562562942505,0.9526592493057252,0.8835939168930054
1055,1056,720,120,160,160,160,120,0,0.0,8,0.0076142131979695,1,0.0025380710659898,12,0,0.0,0,0.0,0.25,45,3.75,32.73516592920357,2.2094395280235988,394,0.9034894704818726,0.9828481078147888,0.9302453398704528,211,185.41666666666663,2733.3560606060605,100,43,15,27,0.8837937712669373,0.9617515802383424,0.8934071660041809,0.8773572444915771,0.9503340721130372,0.9072481989860536
1056,1057,0,0,0,0,0,0,1,0.0026525198938992,8,0.013262599469496,0,0.0,8,1,0.0026525198938992,4,0.0106100795755968,0.0,40,5.0,31.49467444289695,2.030640668523677,377,0.8400760293006897,0.967937707901001,0.8954757452011108,212,263.0,14482.57142857143,93,21,20,16,0.8209428191184998,0.9583745002746582,0.8519072532653809,0.8026524782180786,0.936349630355835,0.8618580102920532
1057,1058,560,160,120,120,80,80,0,0.0,1,0.0,0,0.0,7,0,0.0,0,0.0,0.1428571428571428,19,2.7142857142857144,46.80979591836734,2.136054421768708,164,0.905436098575592,0.9789935350418092,0.9240400791168212,95,133.85714285714286,1961.4761904761904,45,17,2,9,0.8201559782028198,0.9500057697296144,0.841552197933197,0.8115156888961792,0.940153181552887,0.8513633012771606
1058,1059,640,120,120,120,160,120,0,0.0,6,0.0040650406504065,3,0.0121951219512195,8,0,0.0,3,0.0121951219512195,0.0,25,3.125,33.01525116822431,2.2196261682242997,246,0.9235758185386658,0.9850043654441832,0.9537120461463928,137,180.375,4086.839285714286,68,25,8,11,0.8462187647819519,0.9608465433120728,0.873619556427002,0.8404332399368286,0.950801968574524,0.8838833570480347
1059,1060,920,160,200,200,200,160,1,0.005524861878453,3,0.0,0,0.0,6,0,0.0,1,0.005524861878453,0.0833333333333333,27,2.25,47.982916666666696,2.2291666666666665,181,0.8928146958351135,0.9762610793113708,0.92376708984375,106,80.16666666666667,1153.4242424242425,33,19,17,6,0.8434726595878601,0.9622253179550172,0.8717554807662964,0.8230598568916321,0.9388817548751832,0.8614218235015869
1060,1061,320,80,40,40,120,40,0,0.0,3,0.0196078431372549,3,0.0196078431372549,6,2,0.0130718954248366,2,0.0130718954248366,0.3333333333333333,22,3.6666666666666665,47.65560606060609,2.106060606060606,153,0.8981540203094482,0.9819633960723876,0.9448956251144408,94,141.5,7638.7,36,4,9,10,0.7991154193878174,0.955466091632843,0.8500508069992065,0.7805631160736084,0.9365236163139344,0.838543713092804
1061,1062,640,160,120,160,120,80,0,0.0,9,0.0113207547169811,0,0.0,10,1,0.0037735849056603,5,0.0188679245283018,0.0833333333333333,35,2.9166666666666665,42.1179166666667,2.2085106382978723,265,0.8978065252304077,0.9770262837409972,0.9251025915145874,152,122.58333333333331,1905.3560606060605,58,24,14,13,0.8694902658462524,0.971122980117798,0.9027790427207948,0.8468729853630066,0.9508321285247804,0.9058369994163512
1062,1063,480,160,120,80,120,0,0,0.0,3,0.0196078431372549,3,0.0196078431372549,6,2,0.0130718954248366,2,0.0130718954248366,0.3333333333333333,22,3.6666666666666665,47.65560606060609,2.106060606060606,153,0.8981540203094482,0.9819633960723876,0.9448956251144408,94,141.5,7638.7,36,4,9,10,0.7991154193878174,0.955466091632843,0.8500508069992065,0.7805631160736084,0.9365236163139344,0.838543713092804
1063,1064,720,160,120,160,120,160,0,0.0,7,0.0033898305084745,1,0.0033898305084745,9,2,0.0067796610169491,1,0.0033898305084745,0.3636363636363636,28,2.5454545454545454,36.80326086956524,2.2292490118577075,295,0.8976525068283081,0.9807995557785034,0.9165276885032654,152,149.63636363636363,7632.654545454546,72,22,8,18,0.8728482723236084,0.9690412282943726,0.9028010964393616,0.8529102206230164,0.9474652409553528,0.9064746499061584
1064,1065,600,120,120,160,120,80,0,0.0,3,0.0120967741935483,1,0.0040322580645161,8,0,0.0,0,0.0,0.1,29,2.9,52.05704587155965,2.059633027522936,248,0.9241726398468018,0.9886083006858826,0.9578070640563964,144,136.1,3176.1,63,20,10,16,0.8425881266593933,0.9587257504463196,0.8784608244895935,0.8361793756484985,0.9470371007919312,0.882952094078064
1065,1066,720,160,160,160,160,80,0,0.0,7,0.0163487738419618,4,0.0108991825613079,13,2,0.0054495912806539,0,0.0,0.0,36,2.769230769230769,35.74184845005743,2.205970149253732,367,0.918751060962677,0.984160542488098,0.948573112487793,176,163.3846153846154,1941.923076923077,93,26,17,34,0.8592846989631653,0.965003252029419,0.8956939578056335,0.8546643257141113,0.9583324790000916,0.9085139632225036
1066,1067,400,80,80,80,80,80,1,0.002680965147453,5,0.0,1,0.002680965147453,12,1,0.002680965147453,2,0.0053619302949061,0.0833333333333333,46,3.8333333333333335,19.189556451612937,2.393548387096774,373,0.8831250071525574,0.9816745519638062,0.9291269183158876,208,180.33333333333331,6764.060606060606,88,28,17,14,0.8436353206634521,0.959999978542328,0.8825425505638123,0.8567171096801758,0.9546085596084596,0.8948792219161987
1067,1068,760,160,160,160,160,120,0,0.0,2,0.0023809523809523,2,0.0047619047619047,12,2,0.0047619047619047,0,0.0,0.1666666666666666,39,3.25,27.2104990842491,2.2527472527472527,420,0.8854488134384155,0.9786121249198914,0.9198335409164428,204,196.5,1803.7272727272727,106,30,17,25,0.8732191920280457,0.9696042537689208,0.8927657008171082,0.8683299422264099,0.9506274461746216,0.8966910243034363
1068,1069,640,160,120,120,120,120,0,0.0,3,0.0031746031746031,0,0.0,9,0,0.0,0,0.0,0.1,37,3.7,44.726799270073,2.08029197080292,315,0.9239593148231506,0.9846133589744568,0.940260410308838,158,168.3,9384.9,85,24,10,13,0.8509725332260132,0.9618971347808838,0.8799207806587219,0.8296858072280884,0.942194938659668,0.8766731023788452
1069,1070,720,200,160,160,160,40,0,0.0,4,0.0090293453724604,0,0.0,12,0,0.0,0,0.0,0.25,53,4.416666666666667,35.088958333333366,2.140625,443,0.9351341128349304,0.9859830737113952,0.9514498710632324,209,199.16666666666663,2394.5151515151515,92,27,16,25,0.8924410343170166,0.969510853290558,0.9173332452774048,0.8826122283935547,0.9567789435386658,0.9133208990097046
1070,1071,400,160,40,40,120,40,0,0.0,2,0.0079681274900398,1,0.0039840637450199,4,0,0.0,0,0.0,1.0,27,6.75,27.43969827586208,1.918103448275862,251,0.8856154680252075,0.9796916842460632,0.917568862438202,138,335.5,19660.33333333333,56,14,15,16,0.8311891555786133,0.9617372155189514,0.8439659476280212,0.7985196709632874,0.933190107345581,0.8349413275718689
1071,1072,760,160,160,160,160,120,0,0.0,4,0.0054794520547945,4,0.010958904109589,14,1,0.0027397260273972,2,0.0054794520547945,0.0588235294117647,60,3.5294117647058822,39.865505425471184,2.249190938511327,365,0.894487738609314,0.9814329743385316,0.9234232306480408,196,121.41176470588236,2927.8823529411766,82,31,21,23,0.8771439790725708,0.9607864022254944,0.899412989616394,0.8661597371101379,0.9462247490882874,0.9053556323051452
1072,1073,600,120,120,120,120,120,0,0.0,2,0.0165289256198347,0,0.0,9,0,0.0,8,0.0330578512396694,0.2222222222222222,29,3.2222222222222223,49.08874039938561,2.069124423963133,242,0.8820235729217529,0.9793215990066528,0.9348044991493224,137,147.44444444444446,2328.277777777778,49,26,9,11,0.8411751985549927,0.9613362550735474,0.8858631253242493,0.820991575717926,0.9442411065101624,0.90280681848526
1073,1074,520,80,120,80,120,120,0,0.0,7,0.0175438596491228,0,0.0,6,2,0.0087719298245614,0,0.0,0.0,26,4.333333333333333,37.80261164274324,2.076555023923445,228,0.8736975789070129,0.9732452630996704,0.9135901927947998,132,213.83333333333331,2770.9666666666667,51,13,7,20,0.8097628355026245,0.949303925037384,0.8381006121635437,0.785640299320221,0.9275147318840028,0.8429758548736572
1074,1075,520,120,120,120,120,40,0,0.0,3,0.0,0,0.0,5,3,0.0153846153846153,3,0.0153846153846153,0.0,28,5.6,37.34200000000002,2.08,195,0.8745052218437195,0.9743485450744628,0.925366997718811,108,215.6,17174.3,36,11,14,17,0.816680908203125,0.965563178062439,0.8630574345588684,0.79298335313797,0.9382960200309752,0.8410746455192566
1075,1076,880,160,160,160,200,200,0,0.0,8,0.0076142131979695,1,0.0025380710659898,12,0,0.0,0,0.0,0.25,45,3.75,32.73516592920357,2.2094395280235988,394,0.9034894704818726,0.9828481078147888,0.9302453398704528,211,185.41666666666663,2733.3560606060605,100,43,15,27,0.8837937712669373,0.9617515802383424,0.8934071660041809,0.8773572444915771,0.9503340721130372,0.9072481989860536
1076,1077,720,120,200,120,160,120,0,0.0,5,0.0116959064327485,3,0.0087719298245614,12,2,0.0058479532163742,3,0.0087719298245614,0.0,54,3.857142857142857,47.36523178807949,2.119205298013245,342,0.881242573261261,0.9783117175102234,0.9238156080245972,170,134.35714285714286,4852.554945054945,68,26,30,21,0.8430694341659546,0.9622503519058228,0.8758739233016968,0.8280964493751526,0.9337467551231384,0.8856522440910339
1077,1078,880,200,200,160,200,120,0,0.0,5,0.0125628140703517,2,0.0050251256281407,15,0,0.0,0,0.0,0.1111111111111111,54,3.0,48.25846116027532,2.1415929203539825,398,0.938898742198944,0.9822399020195008,0.9566144347190856,221,119.16666666666669,2687.558823529412,76,30,18,24,0.8952611088752747,0.9702999591827391,0.9147006273269652,0.8848610520362854,0.9575328826904296,0.9010435938835144
1078,1079,760,160,160,120,160,160,0,0.0,5,0.0027247956403269,3,0.0081743869209809,12,0,0.0,0,0.0,0.25,52,4.333333333333333,37.68937500000001,2.171875,367,0.930130124092102,0.9860246777534484,0.9527557492256165,197,172.91666666666666,2275.1742424242425,91,35,15,16,0.8753970861434937,0.9655159711837769,0.9014226198196412,0.8657686114311218,0.9512658715248108,0.8996535539627075
1079,1080,680,160,120,160,120,120,0,0.0,5,0.0027247956403269,3,0.0081743869209809,12,0,0.0,0,0.0,0.25,52,4.333333333333333,37.68937500000001,2.171875,367,0.930130124092102,0.9860246777534484,0.9527557492256165,197,172.91666666666666,2275.1742424242425,91,35,15,16,0.8753970861434937,0.9655159711837769,0.9014226198196412,0.8657686114311218,0.9512658715248108,0.8996535539627075
1080,1081,440,160,40,40,160,40,0,0.0,5,0.0080645161290322,1,0.0026881720430107,10,0,0.0,0,0.0,0.1,37,3.7,30.782024844720496,2.186335403726708,372,0.9208926558494568,0.9863585233688354,0.9473937749862672,204,208.8,12535.955555555556,79,27,10,27,0.8833560943603516,0.969254195690155,0.9109447002410888,0.8809292912483215,0.960610806941986,0.923065185546875
1081,1082,760,160,160,160,160,120,1,0.0032786885245901,1,0.0,1,0.0032786885245901,10,0,0.0,0,0.0,0.2,36,3.6,36.40359293680301,2.1858736059479558,305,0.9239359498023988,0.988359808921814,0.9415603280067444,174,173.9,4550.988888888889,69,28,13,19,0.8581236004829407,0.9557417631149292,0.8803625106811523,0.8637480139732361,0.9488825798034668,0.8898606896400452
1082,1083,880,160,200,160,200,160,0,0.0,4,0.0090293453724604,0,0.0,12,0,0.0,0,0.0,0.25,53,4.416666666666667,35.088958333333366,2.140625,443,0.9351341128349304,0.9859830737113952,0.9514498710632324,209,199.16666666666663,2394.5151515151515,92,27,16,25,0.8924410343170166,0.969510853290558,0.9173332452774048,0.8826122283935547,0.9567789435386658,0.9133208990097046
1083,1084,440,160,40,40,160,40,1,0.002680965147453,5,0.0,1,0.002680965147453,12,1,0.002680965147453,2,0.0053619302949061,0.0833333333333333,46,3.8333333333333335,19.189556451612937,2.393548387096774,373,0.8831250071525574,0.9816745519638062,0.9291269183158876,208,180.33333333333331,6764.060606060606,88,28,17,14,0.8436353206634521,0.959999978542328,0.8825425505638123,0.8567171096801758,0.9546085596084596,0.8948792219161987
1084,1085,680,120,160,160,120,120,0,0.0,11,0.0048076923076923,3,0.0072115384615384,13,0,0.0,0,0.0,0.0,44,3.142857142857143,30.40344537815128,2.2717086834733893,416,0.9228345155715942,0.9866727590560912,0.9500687718391418,229,171.35714285714286,5205.324175824176,92,32,10,22,0.8746156692504883,0.963814377784729,0.8974395990371704,0.882785975933075,0.960034966468811,0.9084902405738832
1085,1086,440,80,120,80,80,80,1,0.0026525198938992,8,0.013262599469496,0,0.0,8,1,0.0026525198938992,4,0.0106100795755968,0.0,40,5.0,31.49467444289695,2.030640668523677,377,0.8400760293006897,0.967937707901001,0.8954757452011108,212,263.0,14482.57142857143,93,21,20,16,0.8209428191184998,0.9583745002746582,0.8519072532653809,0.8026524782180786,0.936349630355835,0.8618580102920532
1086,1087,720,160,120,120,160,160,0,0.0,2,0.0118694362017804,2,0.0059347181008902,9,0,0.0,1,0.0029673590504451,0.0,41,4.555555555555555,36.131221122112265,2.102310231023102,337,0.9111177921295166,0.9873100519180298,0.939992129802704,174,210.33333333333331,3756.0,81,32,20,24,0.859237551689148,0.9674745202064514,0.8910202980041504,0.8509534597396851,0.9543911814689636,0.8917610049247742
1087,1088,640,120,120,120,120,160,0,0.0,6,0.0046082949308755,3,0.0138248847926267,9,2,0.0092165898617511,3,0.0138248847926267,0.0,35,2.6923076923076925,33.769397993311074,2.369565217391304,217,0.9009934067726136,0.985454559326172,0.9331572651863098,133,97.15384615384616,1477.474358974359,52,22,8,16,0.8574244379997253,0.9645137190818788,0.8883025646209717,0.8172755241394043,0.9460009336471558,0.8788821697235107
1088,1089,600,120,120,120,120,120,0,0.0,5,0.0116959064327485,3,0.0087719298245614,12,2,0.0058479532163742,3,0.0087719298245614,0.0,54,3.857142857142857,47.36523178807949,2.119205298013245,342,0.881242573261261,0.9783117175102234,0.9238156080245972,170,134.35714285714286,4852.554945054945,68,26,30,21,0.8430694341659546,0.9622503519058228,0.8758739233016968,0.8280964493751526,0.9337467551231384,0.8856522440910339
1089,1090,640,160,120,160,120,80,0,0.0,3,0.0120967741935483,1,0.0040322580645161,8,0,0.0,0,0.0,0.1,29,2.9,52.05704587155965,2.059633027522936,248,0.9241726398468018,0.9886083006858826,0.9578070640563964,144,136.1,3176.1,63,20,10,16,0.8425881266593933,0.9587257504463196,0.8784608244895935,0.8361793756484985,0.9470371007919312,0.882952094078064
1090,1091,440,120,0,120,120,80,0,0.0,0,0.005181347150259,0,0.0,6,1,0.005181347150259,0,0.0,0.1666666666666666,26,4.333333333333333,36.27437984496129,2.1686046511627906,193,0.8853280544281006,0.976633608341217,0.8991817235946655,121,178.0,9824.4,47,15,11,11,0.8622058629989624,0.961028814315796,0.8708750009536743,0.8493756651878357,0.9435759782791138,0.8748825788497925
1091,1092,680,160,120,120,160,120,0,0.0,4,0.0068965517241379,3,0.0103448275862068,12,0,0.0,0,0.0,0.0,33,2.75,43.41872132253714,2.1781376518218623,290,0.91776442527771,0.985855519771576,0.9404771327972412,162,135.41666666666666,1127.3560606060605,77,30,10,12,0.8518176078796387,0.9570894241333008,0.8812500834465027,0.8606768846511841,0.9479963183403016,0.8951910138130188
1092,1093,560,120,120,120,120,80,0,0.0,6,0.0046082949308755,3,0.0138248847926267,9,2,0.0092165898617511,3,0.0138248847926267,0.0,35,2.6923076923076925,33.769397993311074,2.369565217391304,217,0.9009934067726136,0.985454559326172,0.9331572651863098,133,97.15384615384616,1477.474358974359,52,22,8,16,0.8574244379997253,0.9645137190818788,0.8883025646209717,0.8172755241394043,0.9460009336471558,0.8788821697235107
1093,1094,480,200,40,40,160,40,0,0.0,4,0.0111111111111111,3,0.0111111111111111,11,0,0.0,0,0.0,0.3333333333333333,39,3.25,32.61771617852162,2.3138075313807533,270,0.9186033606529236,0.9864769577980042,0.930514395236969,146,131.75,1360.75,66,23,10,19,0.8711650967597961,0.9588906168937684,0.8821386098861694,0.8617379069328308,0.9433460831642152,0.895055890083313
1094,1095,560,120,120,120,120,80,0,0.0,4,0.0078125,0,0.0,7,2,0.0078125,0,0.0,0.0,23,3.2857142857142856,55.45228813559322,1.88135593220339,256,0.9200744032859802,0.9841841459274292,0.9401582479476928,133,188.42857142857144,1510.952380952381,72,15,6,16,0.8496749401092529,0.9648088812828064,0.8686853647232056,0.843407154083252,0.9475963711738586,0.8834932446479797
1095,1096,600,120,120,160,80,120,0,0.0,12,0.0026041666666666,0,0.0,12,0,0.0,7,0.0182291666666666,0.0,56,4.666666666666667,48.17616165234004,2.022922636103152,384,0.8973467946052551,0.9796844720840454,0.9416332244873048,194,178.75,5449.295454545455,105,15,24,26,0.8265506029129028,0.9577172994613647,0.8737965822219849,0.7960023283958435,0.9357890486717224,0.8635116219520569
1096,1097,640,120,120,120,120,160,0,0.0,5,0.0053333333333333,0,0.0,12,1,0.0026666666666666,2,0.0053333333333333,0.1538461538461538,42,3.230769230769231,44.596667063586594,2.111455108359133,375,0.9138672947883606,0.9804476499557496,0.9553041458129884,200,158.23076923076923,6550.358974358975,68,23,22,21,0.8542360067367554,0.9644225835800172,0.8900508284568787,0.846116304397583,0.9478623867034912,0.8949038982391357
1097,1098,520,160,120,120,120,0,1,0.005524861878453,3,0.0,0,0.0,6,0,0.0,1,0.005524861878453,0.0833333333333333,27,2.25,47.982916666666696,2.2291666666666665,181,0.8928146958351135,0.9762610793113708,0.92376708984375,106,80.16666666666667,1153.4242424242425,33,19,17,6,0.8434726595878601,0.9622253179550172,0.8717554807662964,0.8230598568916321,0.9388817548751832,0.8614218235015869
1098,1099,560,120,160,120,120,40,0,0.0,2,0.0058823529411764,2,0.0058823529411764,10,6,0.0176470588235294,1,0.0029411764705882,0.0,39,3.9,18.86953278688525,2.347540983606557,340,0.889950156211853,0.9788668155670166,0.9200788736343384,178,206.4,5007.822222222222,87,34,17,13,0.873045802116394,0.9650336503982544,0.8880084156990051,0.8747565746307373,0.9507513046264648,0.9143118858337402
1099,1100,680,160,120,120,160,120,0,0.0,7,0.0175438596491228,0,0.0,6,2,0.0087719298245614,0,0.0,0.0,26,4.333333333333333,37.80261164274324,2.076555023923445,228,0.8736975789070129,0.9732452630996704,0.9135901927947998,132,213.83333333333331,2770.9666666666667,51,13,7,20,0.8097628355026245,0.949303925037384,0.8381006121635437,0.785640299320221,0.9275147318840028,0.8429758548736572
1100,1101,800,160,200,120,160,160,1,0.0028089887640449,5,0.0028089887640449,1,0.0028089887640449,9,1,0.0028089887640449,0,0.0,0.1111111111111111,37,4.111111111111111,14.439790528233177,2.357377049180328,356,0.9249398708343506,0.982161819934845,0.9399594068527222,191,234.33333333333331,10709.25,90,20,8,25,0.8712887167930603,0.9585903882980348,0.8851232528686523,0.8713402152061462,0.9537262320518494,0.8980422616004944
1101,1102,520,120,120,120,80,80,0,0.0,1,0.0,0,0.0,7,0,0.0,0,0.0,0.1428571428571428,19,2.7142857142857144,46.80979591836734,2.136054421768708,164,0.905436098575592,0.9789935350418092,0.9240400791168212,95,133.85714285714286,1961.4761904761904,45,17,2,9,0.8201559782028198,0.9500057697296144,0.841552197933197,0.8115156888961792,0.940153181552887,0.8513633012771606
1102,1103,880,160,200,160,200,160,0,0.0,5,0.0056022408963585,2,0.0056022408963585,9,1,0.0028011204481792,0,0.0,0.1111111111111111,48,5.333333333333333,33.851752136752154,2.118589743589744,357,0.9330008029937744,0.9875683188438416,0.949199914932251,193,220.11111111111111,6148.361111111111,75,27,22,28,0.8691731691360474,0.964731514453888,0.8884839415550232,0.8651123046875,0.9499807357788086,0.8932967782020569
1103,1104,440,160,40,40,160,40,0,0.0,2,0.0,1,0.0045871559633027,9,1,0.0045871559633027,0,0.0,0.0,28,3.111111111111111,39.78439068100363,2.220430107526881,218,0.8964316248893738,0.977510929107666,0.9121888279914856,125,141.55555555555554,2903.527777777778,55,21,12,12,0.8358225226402283,0.9447066783905028,0.8608977794647217,0.8454496264457703,0.9413503408432008,0.8705837726593018
1104,1105,560,80,120,120,120,120,0,0.0,7,0.009375,0,0.0,6,8,0.025,6,0.01875,0.375,32,4.0,45.35788527397261,1.9657534246575343,320,0.8119387030601501,0.9697965383529664,0.9174696803092957,168,211.375,23412.26785714286,69,21,15,22,0.7547139525413513,0.9577106833457948,0.8447383642196655,0.7314668297767639,0.9309555888175964,0.8369559049606323
1105,1106,720,160,120,120,160,160,0,0.0,3,0.0031746031746031,0,0.0,9,0,0.0,0,0.0,0.1,37,3.7,44.726799270073,2.08029197080292,315,0.9239593148231506,0.9846133589744568,0.940260410308838,158,168.3,9384.9,85,24,10,13,0.8509725332260132,0.9618971347808838,0.8799207806587219,0.8296858072280884,0.942194938659668,0.8766731023788452
1106,1107,760,160,120,160,160,160,0,0.0,5,0.0027247956403269,3,0.0081743869209809,12,0,0.0,0,0.0,0.25,52,4.333333333333333,37.68937500000001,2.171875,367,0.930130124092102,0.9860246777534484,0.9527557492256165,197,172.91666666666666,2275.1742424242425,91,35,15,16,0.8753970861434937,0.9655159711837769,0.9014226198196412,0.8657686114311218,0.9512658715248108,0.8996535539627075
1107,1108,600,120,120,120,160,80,0,0.0,9,0.0113207547169811,0,0.0,10,1,0.0037735849056603,5,0.0188679245283018,0.0833333333333333,35,2.9166666666666665,42.1179166666667,2.2085106382978723,265,0.8978065252304077,0.9770262837409972,0.9251025915145874,152,122.58333333333331,1905.3560606060605,58,24,14,13,0.8694902658462524,0.971122980117798,0.9027790427207948,0.8468729853630066,0.9508321285247804,0.9058369994163512
1108,1109,760,200,200,120,200,40,0,0.0,6,0.0146198830409356,1,0.0029239766081871,13,0,0.0,4,0.0116959064327485,0.1538461538461538,46,3.5384615384615383,42.36361538461541,2.16,342,0.9146940112113952,0.9808478355407716,0.9250788688659668,183,149.15384615384616,2224.141025641026,69,25,12,24,0.8818116784095764,0.9670029282569884,0.8945181965827942,0.8765551447868347,0.9526649117469788,0.9037739634513856
1109,1110,800,160,160,160,160,160,0,0.0,2,0.0118694362017804,2,0.0059347181008902,9,0,0.0,1,0.0029673590504451,0.0,41,4.555555555555555,36.131221122112265,2.102310231023102,337,0.9111177921295166,0.9873100519180298,0.939992129802704,174,210.33333333333331,3756.0,81,32,20,24,0.859237551689148,0.9674745202064514,0.8910202980041504,0.8509534597396851,0.9543911814689636,0.8917610049247742
1110,1111,360,120,40,40,120,40,0,0.0,4,0.0244897959183673,0,0.0,6,2,0.0081632653061224,0,0.0,0.3333333333333333,21,3.5,32.39956605222737,2.124423963133641,245,0.8783096671104431,0.9761123061180116,0.9232603907585144,134,225.33333333333331,3634.6666666666665,50,22,11,9,0.8541721105575562,0.968406081199646,0.8944442272186279,0.8207554221153259,0.9452959895133972,0.8675742745399475
1111,1112,520,160,120,120,120,0,0,0.0,1,0.0046296296296296,0,0.0,6,0,0.0,0,0.0,0.0,26,4.333333333333333,33.83557426597584,2.155440414507772,216,0.8972188234329224,0.98669171333313,0.9570267796516418,111,202.83333333333331,10865.766666666666,46,21,10,10,0.8245552778244019,0.965028703212738,0.8786870241165161,0.8110562562942505,0.9526592493057252,0.8835939168930054
1112,1113,400,80,120,80,120,0,1,0.0026525198938992,8,0.013262599469496,0,0.0,8,1,0.0026525198938992,4,0.0106100795755968,0.0,40,5.0,31.49467444289695,2.030640668523677,377,0.8400760293006897,0.967937707901001,0.8954757452011108,212,263.0,14482.57142857143,93,21,20,16,0.8209428191184998,0.9583745002746582,0.8519072532653809,0.8026524782180786,0.936349630355835,0.8618580102920532
1113,1114,480,120,120,120,80,40,0,0.0,2,0.0068027210884353,6,0.0204081632653061,9,2,0.0068027210884353,2,0.0068027210884353,0.1111111111111111,40,4.444444444444445,35.663920335429786,2.158490566037736,294,0.8255809545516968,0.9729449152946472,0.9231943488121032,155,193.11111111111111,8085.361111111111,56,18,13,29,0.7728000283241272,0.9528089761734008,0.8643312454223633,0.7535289525985718,0.9382373094558716,0.8646218776702881
1114,1115,920,200,160,200,200,160,0,0.0,11,0.0048076923076923,3,0.0072115384615384,13,0,0.0,0,0.0,0.0,44,3.142857142857143,30.40344537815128,2.2717086834733893,416,0.9228345155715942,0.9866727590560912,0.9500687718391418,229,171.35714285714286,5205.324175824176,92,32,10,22,0.8746156692504883,0.963814377784729,0.8974395990371704,0.882785975933075,0.960034966468811,0.9084902405738832
1115,1116,560,120,120,120,120,80,0,0.0,6,0.0102739726027397,2,0.0068493150684931,5,2,0.0068493150684931,2,0.0068493150684931,0.0,31,6.2,13.586362934362946,2.1544401544401546,292,0.8759686946868896,0.9744753837585448,0.8997043967247009,173,333.4,2579.3,68,27,12,17,0.8384080529212952,0.9611718654632568,0.8588820099830627,0.8146522045135498,0.935883402824402,0.8623759746551514
1116,1117,760,160,160,160,160,120,0,0.0,6,0.0163934426229508,1,0.0027322404371584,12,2,0.0054644808743169,0,0.0,0.1538461538461538,46,3.5384615384615383,43.0251500357228,2.130030959752322,366,0.9279066324234008,0.9867669343948364,0.9458516240119934,174,155.46153846153845,4323.9358974358975,76,27,17,22,0.8820257782936096,0.9656901955604552,0.9029556512832642,0.8859773874282837,0.9578683376312256,0.9051782488822936
1117,1118,880,200,160,200,200,120,0,0.0,7,0.0084925690021231,8,0.0169851380042462,17,0,0.0,2,0.0042462845010615,0.0555555555555555,61,3.388888888888889,43.742118667786194,2.1536523929471034,471,0.9228888750076294,0.9827174544334412,0.9447044134140016,236,145.38888888888889,2021.4281045751636,108,42,9,29,0.8797371983528137,0.9637237191200256,0.8915494680404663,0.8652192950248718,0.9480165243148804,0.8911207914352417
1118,1119,480,120,120,120,120,0,0,0.0,1,0.0046296296296296,0,0.0,6,0,0.0,0,0.0,0.0,26,4.333333333333333,33.83557426597584,2.155440414507772,216,0.8972188234329224,0.98669171333313,0.9570267796516418,111,202.83333333333331,10865.766666666666,46,21,10,10,0.8245552778244019,0.965028703212738,0.8786870241165161,0.8110562562942505,0.9526592493057252,0.8835939168930054
1119,1120,680,160,120,120,160,120,0,0.0,6,0.0074257425742574,4,0.0099009900990099,11,0,0.0,0,0.0,0.0,52,4.727272727272728,26.273597290961185,2.2435530085959887,404,0.91355162858963,0.9827649593353271,0.946234166622162,213,210.72727272727272,26906.21818181818,100,28,17,21,0.8685527443885803,0.9631211161613464,0.9052215814590454,0.8474424481391907,0.9464706182479858,0.8938798904418945
1120,1121,760,200,160,160,200,40,0,0.0,8,0.0087463556851311,1,0.0029154518950437,11,2,0.0058309037900874,7,0.0204081632653061,0.0909090909090909,41,3.727272727272727,8.352711864406785,2.51864406779661,343,0.8820784687995911,0.9741440415382384,0.91103994846344,183,192.0,5262.2,77,54,19,14,0.8658981919288635,0.9617702960968018,0.8915150165557861,0.8648757934570312,0.9472490549087524,0.9012473821640016
1121,1122,760,160,120,160,160,160,0,0.0,2,0.0049019607843137,3,0.0073529411764705,10,1,0.0024509803921568,1,0.0024509803921568,0.0,47,3.357142857142857,41.33250000000004,2.1416666666666666,408,0.9181236028671264,0.9820621013641356,0.9402709603309632,193,163.42857142857142,10259.34065934066,85,45,16,27,0.8678659200668335,0.9604412317276,0.8937751650810242,0.8445577025413513,0.9476572871208192,0.8918517827987671
1122,1123,760,160,160,160,160,120,0,0.0,3,0.0069767441860465,2,0.0046511627906976,13,1,0.0023255813953488,0,0.0,0.0769230769230769,44,3.3846153846153846,23.867981563890662,2.319559228650138,430,0.8974408507347107,0.9797079563140868,0.9300553798675536,236,188.30769230769232,7220.0641025641025,109,47,15,18,0.8555961847305298,0.9549635052680968,0.8807798624038696,0.8415478467941284,0.9404001832008362,0.8788193464279175
1123,1124,840,160,160,200,160,160,0,0.0,2,0.0024449877750611,2,0.0048899755501222,12,1,0.0024449877750611,0,0.0,0.0,45,3.75,34.059251412429376,2.180790960451977,409,0.9235545992851256,0.9844730496406556,0.9488230347633362,218,189.33333333333331,4944.969696969697,98,28,22,30,0.8787629008293152,0.9681117534637452,0.8953585028648376,0.8686206340789795,0.9588265419006348,0.8956499695777893
1124,1125,720,200,120,120,120,160,0,0.0,3,0.0,1,0.0033783783783783,8,0,0.0,0,0.0,0.125,34,4.25,30.51521959459464,2.189189189189189,296,0.9184635281562804,0.983245611190796,0.9492887854576112,143,209.25,8989.357142857143,67,17,14,13,0.8591968417167664,0.9622223377227784,0.880715012550354,0.8470637798309326,0.9552884101867676,0.8892640471458435
1125,1126,360,120,40,40,120,40,3,0.0146341463414634,1,0.0048780487804878,1,0.0048780487804878,6,2,0.0097560975609756,0,0.0,0.0,31,3.4444444444444446,62.05797641216638,1.9664804469273744,205,0.8904685974121094,0.9795159697532654,0.9318947792053224,118,119.55555555555556,6059.277777777777,34,4,18,17,0.8357530832290649,0.9617773294448853,0.8559569120407104,0.7977691888809204,0.9375953078269958,0.845267653465271
1126,1127,520,80,120,120,80,120,0,0.0,7,0.009375,0,0.0,6,8,0.025,6,0.01875,0.375,32,4.0,45.35788527397261,1.9657534246575343,320,0.8119387030601501,0.9697965383529664,0.9174696803092957,168,211.375,23412.26785714286,69,21,15,22,0.7547139525413513,0.9577106833457948,0.8447383642196655,0.7314668297767639,0.9309555888175964,0.8369559049606323
1127,1128,480,120,80,80,120,80,0,0.0,12,0.0026041666666666,0,0.0,12,0,0.0,7,0.0182291666666666,0.0,56,4.666666666666667,48.17616165234004,2.022922636103152,384,0.8973467946052551,0.9796844720840454,0.9416332244873048,194,178.75,5449.295454545455,105,15,24,26,0.8265506029129028,0.9577172994613647,0.8737965822219849,0.7960023283958435,0.9357890486717224,0.8635116219520569
1128,1129,840,200,200,160,160,120,0,0.0,4,0.0090293453724604,0,0.0,12,0,0.0,0,0.0,0.25,53,4.416666666666667,35.088958333333366,2.140625,443,0.9351341128349304,0.9859830737113952,0.9514498710632324,209,199.16666666666663,2394.5151515151515,92,27,16,25,0.8924410343170166,0.969510853290558,0.9173332452774048,0.8826122283935547,0.9567789435386658,0.9133208990097046
1129,1130,320,80,40,80,80,40,0,0.0,2,0.0165289256198347,0,0.0,9,0,0.0,8,0.0330578512396694,0.2222222222222222,29,3.2222222222222223,49.08874039938561,2.069124423963133,242,0.8820235729217529,0.9793215990066528,0.9348044991493224,137,147.44444444444446,2328.277777777778,49,26,9,11,0.8411751985549927,0.9613362550735474,0.8858631253242493,0.820991575717926,0.9442411065101624,0.90280681848526
1130,1131,400,80,80,80,80,80,0,0.0,2,0.0048309178743961,0,0.0,11,3,0.0072463768115942,0,0.0,0.25,47,3.9166666666666665,32.74892276422766,2.1842818428184283,414,0.8877062201499939,0.9774181842803956,0.9258745908737184,214,195.08333333333331,12508.44696969697,94,32,25,18,0.8571025133132935,0.9649509191513062,0.8933712244033813,0.8400138020515442,0.9520787596702576,0.8871439695358276
1131,1132,840,200,200,200,160,80,0,0.0,5,0.0056022408963585,2,0.0056022408963585,9,1,0.0028011204481792,0,0.0,0.1111111111111111,48,5.333333333333333,33.851752136752154,2.118589743589744,357,0.9330008029937744,0.9875683188438416,0.949199914932251,193,220.11111111111111,6148.361111111111,75,27,22,28,0.8691731691360474,0.964731514453888,0.8884839415550232,0.8651123046875,0.9499807357788086,0.8932967782020569
1132,1133,720,200,120,160,160,80,0,0.0,6,0.0146198830409356,1,0.0029239766081871,13,0,0.0,4,0.0116959064327485,0.1538461538461538,46,3.5384615384615383,42.36361538461541,2.16,342,0.9146940112113952,0.9808478355407716,0.9250788688659668,183,149.15384615384616,2224.141025641026,69,25,12,24,0.8818116784095764,0.9670029282569884,0.8945181965827942,0.8765551447868347,0.9526649117469788,0.9037739634513856
1133,1134,720,120,120,160,160,160,0,0.0,4,0.0078125,0,0.0,7,2,0.0078125,0,0.0,0.0,23,3.2857142857142856,55.45228813559322,1.88135593220339,256,0.9200744032859802,0.9841841459274292,0.9401582479476928,133,188.42857142857144,1510.952380952381,72,15,6,16,0.8496749401092529,0.9648088812828064,0.8686853647232056,0.843407154083252,0.9475963711738586,0.8834932446479797
1134,1135,800,160,160,160,160,160,0,0.0,8,0.0087463556851311,1,0.0029154518950437,11,2,0.0058309037900874,7,0.0204081632653061,0.0909090909090909,41,3.727272727272727,8.352711864406785,2.51864406779661,343,0.8820784687995911,0.9741440415382384,0.91103994846344,183,192.0,5262.2,77,54,19,14,0.8658981919288635,0.9617702960968018,0.8915150165557861,0.8648757934570312,0.9472490549087524,0.9012473821640016
1135,1136,800,200,160,160,160,120,0,0.0,6,0.0146198830409356,1,0.0029239766081871,13,0,0.0,4,0.0116959064327485,0.1538461538461538,46,3.5384615384615383,42.36361538461541,2.16,342,0.9146940112113952,0.9808478355407716,0.9250788688659668,183,149.15384615384616,2224.141025641026,69,25,12,24,0.8818116784095764,0.9670029282569884,0.8945181965827942,0.8765551447868347,0.9526649117469788,0.9037739634513856
1136,1137,760,160,160,160,160,120,0,0.0,7,0.0084925690021231,8,0.0169851380042462,17,0,0.0,2,0.0042462845010615,0.0555555555555555,61,3.388888888888889,43.742118667786194,2.1536523929471034,471,0.9228888750076294,0.9827174544334412,0.9447044134140016,236,145.38888888888889,2021.4281045751636,108,42,9,29,0.8797371983528137,0.9637237191200256,0.8915494680404663,0.8652192950248718,0.9480165243148804,0.8911207914352417
1137,1138,920,160,200,200,160,200,1,0.0032786885245901,1,0.0,1,0.0032786885245901,10,0,0.0,0,0.0,0.2,36,3.6,36.40359293680301,2.1858736059479558,305,0.9239359498023988,0.988359808921814,0.9415603280067444,174,173.9,4550.988888888889,69,28,13,19,0.8581236004829407,0.9557417631149292,0.8803625106811523,0.8637480139732361,0.9488825798034668,0.8898606896400452
1138,1139,680,120,160,120,160,120,0,0.0,8,0.0087463556851311,1,0.0029154518950437,11,2,0.0058309037900874,7,0.0204081632653061,0.0909090909090909,41,3.727272727272727,8.352711864406785,2.51864406779661,343,0.8820784687995911,0.9741440415382384,0.91103994846344,183,192.0,5262.2,77,54,19,14,0.8658981919288635,0.9617702960968018,0.8915150165557861,0.8648757934570312,0.9472490549087524,0.9012473821640016
1139,1140,760,200,200,160,200,0,0,0.0,6,0.0101419878296146,2,0.0040567951318458,14,0,0.0,3,0.0060851926977687,0.0,57,3.3529411764705883,45.19409726266747,2.116336633663366,493,0.923195779323578,0.9824067950248718,0.9280896186828612,234,151.58823529411765,7028.882352941177,111,35,29,28,0.889765202999115,0.9649642109870912,0.897375762462616,0.8750790357589722,0.9479256868362428,0.8993600606918335
1140,1141,640,160,120,160,120,80,0,0.0,1,0.0,1,0.0025445292620865,14,0,0.0,0,0.0,0.0,48,2.1818181818181817,50.17788802660759,2.167682926829268,393,0.9332176446914672,0.983459770679474,0.9450597167015076,205,95.5909090909091,2127.872294372294,93,24,15,23,0.8531307578086853,0.9593034982681274,0.891833484172821,0.8551338911056519,0.9473220705986024,0.8921983242034912
1141,1142,920,160,200,200,200,160,0,0.0,3,0.0069767441860465,2,0.0046511627906976,13,1,0.0023255813953488,0,0.0,0.0769230769230769,44,3.3846153846153846,23.867981563890662,2.319559228650138,430,0.8974408507347107,0.9797079563140868,0.9300553798675536,236,188.30769230769232,7220.0641025641025,109,47,15,18,0.8555961847305298,0.9549635052680968,0.8807798624038696,0.8415478467941284,0.9404001832008362,0.8788193464279175
1142,1143,360,160,40,40,120,0,0,0.0,2,0.0037174721189591,1,0.0037174721189591,9,2,0.0074349442379182,0,0.0,0.2222222222222222,35,3.888888888888889,38.94570247933885,2.15702479338843,269,0.9008180499076844,0.9781329035758972,0.9075495004653932,145,172.66666666666666,2015.5,56,33,20,23,0.8666642308235168,0.9632651209831238,0.8632413148880005,0.8428276777267456,0.9432218074798584,0.8742191195487976
1143,1144,720,200,160,120,120,120,0,0.0,4,0.0146627565982404,0,0.0,14,0,0.0,0,0.0,0.125,51,3.1875,54.70544253355705,2.0704697986577183,341,0.921294093132019,0.9855319261550904,0.9420732855796814,172,113.6875,1516.6291666666666,75,21,18,23,0.8757705092430115,0.9654979705810548,0.8987429738044739,0.8816117644309998,0.9527201652526855,0.9149355292320251
1144,1145,1000,200,200,200,200,200,0,0.0,6,0.0065645514223194,0,0.0,16,1,0.0021881838074398,3,0.0065645514223194,0.0526315789473684,52,2.736842105263158,51.625964912280736,2.074074074074074,457,0.9406298398971558,0.9866779446601868,0.9496177434921264,235,129.26315789473685,4289.649122807017,107,31,31,26,0.8768957853317261,0.9619641304016112,0.9022815227508544,0.8464712500572205,0.9337562918663024,0.8811575770378113
1145,1146,840,200,200,120,200,120,0,0.0,2,0.0023809523809523,2,0.0047619047619047,12,2,0.0047619047619047,0,0.0,0.1666666666666666,39,3.25,27.2104990842491,2.2527472527472527,420,0.8854488134384155,0.9786121249198914,0.9198335409164428,204,196.5,1803.7272727272727,106,30,17,25,0.8732191920280457,0.9696042537689208,0.8927657008171082,0.8683299422264099,0.9506274461746216,0.8966910243034363
1146,1147,400,160,40,40,120,40,0,0.0,2,0.0,1,0.0045871559633027,9,1,0.0045871559633027,0,0.0,0.0,28,3.111111111111111,39.78439068100363,2.220430107526881,218,0.8964316248893738,0.977510929107666,0.9121888279914856,125,141.55555555555554,2903.527777777778,55,21,12,12,0.8358225226402283,0.9447066783905028,0.8608977794647217,0.8454496264457703,0.9413503408432008,0.8705837726593018
1147,1148,640,160,120,160,160,40,0,0.0,3,0.0,2,0.007380073800738,12,1,0.003690036900369,0,0.0,0.0,31,2.583333333333333,43.24969420600858,2.193133047210301,271,0.9478578567504884,0.9888591170310974,0.9626569747924804,151,125.75,1455.840909090909,54,29,13,18,0.860538125038147,0.9637508988380432,0.894349992275238,0.8642984628677368,0.9566072821617126,0.9066203236579896
1148,1149,800,200,120,120,200,160,0,0.0,3,0.0069767441860465,2,0.0046511627906976,13,1,0.0023255813953488,0,0.0,0.0769230769230769,44,3.3846153846153846,23.867981563890662,2.319559228650138,430,0.8974408507347107,0.9797079563140868,0.9300553798675536,236,188.30769230769232,7220.0641025641025,109,47,15,18,0.8555961847305298,0.9549635052680968,0.8807798624038696,0.8415478467941284,0.9404001832008362,0.8788193464279175
1149,1150,760,160,200,160,120,120,0,0.0,2,0.0058823529411764,2,0.0058823529411764,10,6,0.0176470588235294,1,0.0029411764705882,0.0,39,3.9,18.86953278688525,2.347540983606557,340,0.889950156211853,0.9788668155670166,0.9200788736343384,178,206.4,5007.822222222222,87,34,17,13,0.873045802116394,0.9650336503982544,0.8880084156990051,0.8747565746307373,0.9507513046264648,0.9143118858337402
1150,1151,720,160,120,120,200,120,0,0.0,7,0.0133928571428571,1,0.0044642857142857,9,1,0.0044642857142857,1,0.0044642857142857,0.0,27,2.7,44.5796134020619,2.1804123711340204,224,0.9250530004501344,0.9841978549957277,0.9439722895622252,142,123.7,1723.3444444444444,42,21,12,19,0.8523045778274536,0.9645333290100098,0.8831973671913147,0.8206212520599365,0.941924512386322,0.8764644265174866
1151,1152,320,40,80,80,40,80,0,0.0,7,0.0163487738419618,4,0.0108991825613079,13,2,0.0054495912806539,0,0.0,0.0,36,2.769230769230769,35.74184845005743,2.205970149253732,367,0.918751060962677,0.984160542488098,0.948573112487793,176,163.3846153846154,1941.923076923077,93,26,17,34,0.8592846989631653,0.965003252029419,0.8956939578056335,0.8546643257141113,0.9583324790000916,0.9085139632225036
1152,1153,560,80,120,120,120,120,0,0.0,7,0.019108280254777,2,0.0063694267515923,13,3,0.0095541401273885,1,0.0031847133757961,0.0,38,2.7142857142857144,43.75882671480146,2.184115523465704,314,0.8810011148452759,0.9761388301849364,0.9352407455444336,151,129.57142857142858,1514.571428571429,87,22,9,23,0.8157990574836731,0.9614498019218444,0.8703075647354126,0.798843502998352,0.9402581453323364,0.8791368007659912
1153,1154,560,120,120,80,120,120,0,0.0,7,0.0084925690021231,8,0.0169851380042462,17,0,0.0,2,0.0042462845010615,0.0555555555555555,61,3.388888888888889,43.742118667786194,2.1536523929471034,471,0.9228888750076294,0.9827174544334412,0.9447044134140016,236,145.38888888888889,2021.4281045751636,108,42,9,29,0.8797371983528137,0.9637237191200256,0.8915494680404663,0.8652192950248718,0.9480165243148804,0.8911207914352417
1154,1155,560,120,160,120,120,40,0,0.0,3,0.0,1,0.0033783783783783,8,0,0.0,0,0.0,0.125,34,4.25,30.51521959459464,2.189189189189189,296,0.9184635281562804,0.983245611190796,0.9492887854576112,143,209.25,8989.357142857143,67,17,14,13,0.8591968417167664,0.9622223377227784,0.880715012550354,0.8470637798309326,0.9552884101867676,0.8892640471458435
1155,1156,360,160,40,40,120,0,0,0.0,0,0.005181347150259,0,0.0,6,1,0.005181347150259,0,0.0,0.1666666666666666,26,4.333333333333333,36.27437984496129,2.1686046511627906,193,0.8853280544281006,0.976633608341217,0.8991817235946655,121,178.0,9824.4,47,15,11,11,0.8622058629989624,0.961028814315796,0.8708750009536743,0.8493756651878357,0.9435759782791138,0.8748825788497925
1156,1157,720,160,160,160,160,80,0,0.0,6,0.0163934426229508,1,0.0027322404371584,12,2,0.0054644808743169,0,0.0,0.1538461538461538,46,3.5384615384615383,43.0251500357228,2.130030959752322,366,0.9279066324234008,0.9867669343948364,0.9458516240119934,174,155.46153846153845,4323.9358974358975,76,27,17,22,0.8820257782936096,0.9656901955604552,0.9029556512832642,0.8859773874282837,0.9578683376312256,0.9051782488822936
1157,1158,680,160,160,120,160,80,0,0.0,3,0.0132013201320132,5,0.0165016501650165,10,6,0.0198019801980198,1,0.0033003300330033,0.0833333333333333,37,3.083333333333333,49.73421587926512,2.094488188976378,303,0.9129849076271056,0.9811403155326844,0.9269232749938964,165,134.41666666666666,3975.1742424242425,66,28,12,19,0.8695335984230042,0.9624165296554564,0.8918727040290833,0.8528938293457031,0.9432002305984496,0.8913474082946777
1158,1159,720,160,120,160,160,120,0,0.0,6,0.0065645514223194,0,0.0,16,1,0.0021881838074398,3,0.0065645514223194,0.0526315789473684,52,2.736842105263158,51.625964912280736,2.074074074074074,457,0.9406298398971558,0.9866779446601868,0.9496177434921264,235,129.26315789473685,4289.649122807017,107,31,31,26,0.8768957853317261,0.9619641304016112,0.9022815227508544,0.8464712500572205,0.9337562918663024,0.8811575770378113
1159,1160,520,120,120,120,120,40,0,0.0,2,0.0079681274900398,1,0.0039840637450199,4,0,0.0,0,0.0,1.0,27,6.75,27.43969827586208,1.918103448275862,251,0.8856154680252075,0.9796916842460632,0.917568862438202,138,335.5,19660.33333333333,56,14,15,16,0.8311891555786133,0.9617372155189514,0.8439659476280212,0.7985196709632874,0.933190107345581,0.8349413275718689
1160,1161,760,160,200,160,120,120,0,0.0,5,0.0056022408963585,2,0.0056022408963585,9,1,0.0028011204481792,0,0.0,0.1111111111111111,48,5.333333333333333,33.851752136752154,2.118589743589744,357,0.9330008029937744,0.9875683188438416,0.949199914932251,193,220.11111111111111,6148.361111111111,75,27,22,28,0.8691731691360474,0.964731514453888,0.8884839415550232,0.8651123046875,0.9499807357788086,0.8932967782020569
1161,1162,720,160,120,120,160,160,0,0.0,6,0.0074257425742574,4,0.0099009900990099,11,0,0.0,0,0.0,0.0,52,4.727272727272728,26.273597290961185,2.2435530085959887,404,0.91355162858963,0.9827649593353271,0.946234166622162,213,210.72727272727272,26906.21818181818,100,28,17,21,0.8685527443885803,0.9631211161613464,0.9052215814590454,0.8474424481391907,0.9464706182479858,0.8938798904418945
1162,1163,440,80,120,80,120,40,0,0.0,2,0.0068027210884353,6,0.0204081632653061,9,2,0.0068027210884353,2,0.0068027210884353,0.1111111111111111,40,4.444444444444445,35.663920335429786,2.158490566037736,294,0.8255809545516968,0.9729449152946472,0.9231943488121032,155,193.11111111111111,8085.361111111111,56,18,13,29,0.7728000283241272,0.9528089761734008,0.8643312454223633,0.7535289525985718,0.9382373094558716,0.8646218776702881
1163,1164,760,160,160,160,160,120,0,0.0,3,0.0031746031746031,0,0.0,9,0,0.0,0,0.0,0.1,37,3.7,44.726799270073,2.08029197080292,315,0.9239593148231506,0.9846133589744568,0.940260410308838,158,168.3,9384.9,85,24,10,13,0.8509725332260132,0.9618971347808838,0.8799207806587219,0.8296858072280884,0.942194938659668,0.8766731023788452
1164,1165,400,80,80,80,80,80,0,0.0,7,0.0133928571428571,1,0.0044642857142857,9,1,0.0044642857142857,1,0.0044642857142857,0.0,27,2.7,44.5796134020619,2.1804123711340204,224,0.9250530004501344,0.9841978549957277,0.9439722895622252,142,123.7,1723.3444444444444,42,21,12,19,0.8523045778274536,0.9645333290100098,0.8831973671913147,0.8206212520599365,0.941924512386322,0.8764644265174866
